1.740575544023000000e+12,5.185482501983642578e-01,5.884942412376403809e-01,-5.199100971221923828e-01,3.342342376708984375e-01,9.532608985900878906e-01,-1.035555377602577209e-01,6.472439169883728027e-01,9.295688867568969727e-01,-1.151761859655380249e-01,2.329905927181243896e-01,1.235062599182128906e+00,-2.695672512054443359e-01,7.224358916282653809e-01,1.217904925346374512e+00,-2.660648226737976074e-01,1.943435221910476685e-01,1.455739498138427734e+00,-4.781559109687805176e-01,7.113087177276611328e-01,1.365711569786071777e+00,-4.634374976158142090e-01,-1.000000000000000000e+00,-1.000000000000000000e+00,-1.000000000000000000e+00,-1.000000000000000000e+00,-1.000000000000000000e+00,-1.000000000000000000e+00,-1.000000000000000000e+00,-1.000000000000000000e+00,-1.000000000000000000e+00,-1.000000000000000000e+00,-1.000000000000000000e+00,-1.000000000000000000e+00,-1.000000000000000000e+00,-1.000000000000000000e+00,-1.000000000000000000e+00,-1.000000000000000000e+00,-1.000000000000000000e+00,-1.000000000000000000e+00,-1.000000000000000000e+00,-1.000000000000000000e+00,-1.000000000000000000e+00,-1.000000000000000000e+00,-1.000000000000000000e+00,-1.000000000000000000e+00,-1.000000000000000000e+00,-1.000000000000000000e+00,-1.000000000000000000e+00,-1.000000000000000000e+00,-1.000000000000000000e+00,-1.000000000000000000e+00,-1.000000000000000000e+00,-1.000000000000000000e+00,-1.000000000000000000e+00,-1.000000000000000000e+00,-1.000000000000000000e+00,-1.000000000000000000e+00,-1.000000000000000000e+00,-1.000000000000000000e+00,-1.000000000000000000e+00,-1.000000000000000000e+00,-1.000000000000000000e+00,-1.000000000000000000e+00,-1.000000000000000000e+00,-1.000000000000000000e+00,-1.000000000000000000e+00,-1.000000000000000000e+00,-1.000000000000000000e+00,-1.000000000000000000e+00,-1.000000000000000000e+00,-1.000000000000000000e+00,-1.000000000000000000e+00,-1.000000000000000000e+00,-1.000000000000000000e+00,-1.000000000000000000e+00,-1.000000000000000000e+00,-1.000000000000000000e+00,-1.000000000000000000e+00,-1.000000000000000000e+00,-1.000000000000000000e+00,-1.000000000000000000e+00,-1.000000000000000000e+00,-1.000000000000000000e+00,-1.000000000000000000e+00,-1.000000000000000000e+00,-1.000000000000000000e+00,-1.000000000000000000e+00,-1.000000000000000000e+00,-1.000000000000000000e+00,-1.000000000000000000e+00,-1.000000000000000000e+00,-1.000000000000000000e+00,-1.000000000000000000e+00,-1.000000000000000000e+00,-1.000000000000000000e+00,-1.000000000000000000e+00,-1.000000000000000000e+00,-1.000000000000000000e+00,-1.000000000000000000e+00,-1.000000000000000000e+00,-1.000000000000000000e+00,-1.000000000000000000e+00,-1.000000000000000000e+00,-1.000000000000000000e+00,-1.000000000000000000e+00,-1.000000000000000000e+00,-1.000000000000000000e+00,-1.000000000000000000e+00,-1.000000000000000000e+00,-1.000000000000000000e+00,-1.000000000000000000e+00,-1.000000000000000000e+00,-1.000000000000000000e+00,-1.000000000000000000e+00,-1.000000000000000000e+00,-1.000000000000000000e+00,-1.000000000000000000e+00,-1.000000000000000000e+00,-1.000000000000000000e+00,-1.000000000000000000e+00,-1.000000000000000000e+00,-1.000000000000000000e+00,-1.000000000000000000e+00,-1.000000000000000000e+00,-1.000000000000000000e+00,-1.000000000000000000e+00,-1.000000000000000000e+00,-1.000000000000000000e+00,-1.000000000000000000e+00,-1.000000000000000000e+00,-1.000000000000000000e+00,-1.000000000000000000e+00,-1.000000000000000000e+00,-1.000000000000000000e+00,-1.000000000000000000e+00,-1.000000000000000000e+00,-1.000000000000000000e+00,-1.000000000000000000e+00,-1.000000000000000000e+00,-1.000000000000000000e+00,-1.000000000000000000e+00,-1.000000000000000000e+00,-1.000000000000000000e+00,-1.000000000000000000e+00,-1.000000000000000000e+00,-1.000000000000000000e+00,-1.000000000000000000e+00
1.740575544106000000e+12,5.174328088760375977e-01,5.921086668968200684e-01,-6.953204870223999023e-01,3.310022950172424316e-01,9.669482707977294922e-01,-1.576162427663803101e-01,6.496072411537170410e-01,9.331953525543212891e-01,-1.533014327287673950e-01,2.554171979427337646e-01,1.266462326049804688e+00,-2.830831706523895264e-01,7.392221689224243164e-01,1.214282155036926270e+00,-2.256437838077545166e-01,3.403909802436828613e-01,1.112459182739257812e+00,-4.682063460350036621e-01,6.659215688705444336e-01,1.136718630790710449e+00,-3.295723497867584229e-01,-1.000000000000000000e+00,-1.000000000000000000e+00,-1.000000000000000000e+00,-1.000000000000000000e+00,-1.000000000000000000e+00,-1.000000000000000000e+00,-1.000000000000000000e+00,-1.000000000000000000e+00,-1.000000000000000000e+00,-1.000000000000000000e+00,-1.000000000000000000e+00,-1.000000000000000000e+00,-1.000000000000000000e+00,-1.000000000000000000e+00,-1.000000000000000000e+00,-1.000000000000000000e+00,-1.000000000000000000e+00,-1.000000000000000000e+00,-1.000000000000000000e+00,-1.000000000000000000e+00,-1.000000000000000000e+00,-1.000000000000000000e+00,-1.000000000000000000e+00,-1.000000000000000000e+00,-1.000000000000000000e+00,-1.000000000000000000e+00,-1.000000000000000000e+00,-1.000000000000000000e+00,-1.000000000000000000e+00,-1.000000000000000000e+00,-1.000000000000000000e+00,-1.000000000000000000e+00,-1.000000000000000000e+00,-1.000000000000000000e+00,-1.000000000000000000e+00,-1.000000000000000000e+00,-1.000000000000000000e+00,-1.000000000000000000e+00,-1.000000000000000000e+00,-1.000000000000000000e+00,-1.000000000000000000e+00,-1.000000000000000000e+00,-1.000000000000000000e+00,-1.000000000000000000e+00,-1.000000000000000000e+00,-1.000000000000000000e+00,-1.000000000000000000e+00,-1.000000000000000000e+00,-1.000000000000000000e+00,-1.000000000000000000e+00,-1.000000000000000000e+00,-1.000000000000000000e+00,-1.000000000000000000e+00,-1.000000000000000000e+00,-1.000000000000000000e+00,-1.000000000000000000e+00,-1.000000000000000000e+00,-1.000000000000000000e+00,-1.000000000000000000e+00,-1.000000000000000000e+00,-1.000000000000000000e+00,-1.000000000000000000e+00,-1.000000000000000000e+00,-1.000000000000000000e+00,-1.000000000000000000e+00,-1.000000000000000000e+00,-1.000000000000000000e+00,-1.000000000000000000e+00,-1.000000000000000000e+00,-1.000000000000000000e+00,-1.000000000000000000e+00,-1.000000000000000000e+00,-1.000000000000000000e+00,-1.000000000000000000e+00,-1.000000000000000000e+00,-1.000000000000000000e+00,-1.000000000000000000e+00,-1.000000000000000000e+00,-1.000000000000000000e+00,-1.000000000000000000e+00,-1.000000000000000000e+00,-1.000000000000000000e+00,-1.000000000000000000e+00,-1.000000000000000000e+00,-1.000000000000000000e+00,-1.000000000000000000e+00,-1.000000000000000000e+00,-1.000000000000000000e+00,-1.000000000000000000e+00,-1.000000000000000000e+00,-1.000000000000000000e+00,-1.000000000000000000e+00,-1.000000000000000000e+00,-1.000000000000000000e+00,-1.000000000000000000e+00,-1.000000000000000000e+00,-1.000000000000000000e+00,-1.000000000000000000e+00,-1.000000000000000000e+00,-1.000000000000000000e+00,-1.000000000000000000e+00,-1.000000000000000000e+00,-1.000000000000000000e+00,-1.000000000000000000e+00,-1.000000000000000000e+00,-1.000000000000000000e+00,-1.000000000000000000e+00,-1.000000000000000000e+00,-1.000000000000000000e+00,-1.000000000000000000e+00,-1.000000000000000000e+00,-1.000000000000000000e+00,-1.000000000000000000e+00,-1.000000000000000000e+00,-1.000000000000000000e+00,-1.000000000000000000e+00,-1.000000000000000000e+00,-1.000000000000000000e+00,-1.000000000000000000e+00,-1.000000000000000000e+00,-1.000000000000000000e+00,-1.000000000000000000e+00,-1.000000000000000000e+00,-1.000000000000000000e+00,-1.000000000000000000e+00,-1.000000000000000000e+00
1.740575544132000000e+12,5.173994898796081543e-01,5.936558842658996582e-01,-6.495386362075805664e-01,3.182705044746398926e-01,9.809243083000183105e-01,-1.545108854770660400e-01,6.583941578865051270e-01,9.418716430664062500e-01,-1.491493582725524902e-01,2.372598648071289062e-01,1.353628754615783691e+00,-3.735623359680175781e-01,7.445185780525207520e-01,1.305262088775634766e+00,-2.253463268280029297e-01,2.556630969047546387e-01,1.553139805793762207e+00,-7.331833839416503906e-01,7.268282175064086914e-01,1.602370023727416992e+00,-3.554681539535522461e-01,-1.000000000000000000e+00,-1.000000000000000000e+00,-1.000000000000000000e+00,-1.000000000000000000e+00,-1.000000000000000000e+00,-1.000000000000000000e+00,-1.000000000000000000e+00,-1.000000000000000000e+00,-1.000000000000000000e+00,-1.000000000000000000e+00,-1.000000000000000000e+00,-1.000000000000000000e+00,-1.000000000000000000e+00,-1.000000000000000000e+00,-1.000000000000000000e+00,-1.000000000000000000e+00,-1.000000000000000000e+00,-1.000000000000000000e+00,-1.000000000000000000e+00,-1.000000000000000000e+00,-1.000000000000000000e+00,-1.000000000000000000e+00,-1.000000000000000000e+00,-1.000000000000000000e+00,-1.000000000000000000e+00,-1.000000000000000000e+00,-1.000000000000000000e+00,-1.000000000000000000e+00,-1.000000000000000000e+00,-1.000000000000000000e+00,-1.000000000000000000e+00,-1.000000000000000000e+00,-1.000000000000000000e+00,-1.000000000000000000e+00,-1.000000000000000000e+00,-1.000000000000000000e+00,-1.000000000000000000e+00,-1.000000000000000000e+00,-1.000000000000000000e+00,-1.000000000000000000e+00,-1.000000000000000000e+00,-1.000000000000000000e+00,-1.000000000000000000e+00,-1.000000000000000000e+00,-1.000000000000000000e+00,-1.000000000000000000e+00,-1.000000000000000000e+00,-1.000000000000000000e+00,-1.000000000000000000e+00,-1.000000000000000000e+00,-1.000000000000000000e+00,-1.000000000000000000e+00,-1.000000000000000000e+00,-1.000000000000000000e+00,-1.000000000000000000e+00,-1.000000000000000000e+00,-1.000000000000000000e+00,-1.000000000000000000e+00,-1.000000000000000000e+00,-1.000000000000000000e+00,-1.000000000000000000e+00,-1.000000000000000000e+00,-1.000000000000000000e+00,-1.000000000000000000e+00,-1.000000000000000000e+00,-1.000000000000000000e+00,-1.000000000000000000e+00,-1.000000000000000000e+00,-1.000000000000000000e+00,-1.000000000000000000e+00,-1.000000000000000000e+00,-1.000000000000000000e+00,-1.000000000000000000e+00,-1.000000000000000000e+00,-1.000000000000000000e+00,-1.000000000000000000e+00,-1.000000000000000000e+00,-1.000000000000000000e+00,-1.000000000000000000e+00,-1.000000000000000000e+00,-1.000000000000000000e+00,-1.000000000000000000e+00,-1.000000000000000000e+00,-1.000000000000000000e+00,-1.000000000000000000e+00,-1.000000000000000000e+00,-1.000000000000000000e+00,-1.000000000000000000e+00,-1.000000000000000000e+00,-1.000000000000000000e+00,-1.000000000000000000e+00,-1.000000000000000000e+00,-1.000000000000000000e+00,-1.000000000000000000e+00,-1.000000000000000000e+00,-1.000000000000000000e+00,-1.000000000000000000e+00,-1.000000000000000000e+00,-1.000000000000000000e+00,-1.000000000000000000e+00,-1.000000000000000000e+00,-1.000000000000000000e+00,-1.000000000000000000e+00,-1.000000000000000000e+00,-1.000000000000000000e+00,-1.000000000000000000e+00,-1.000000000000000000e+00,-1.000000000000000000e+00,-1.000000000000000000e+00,-1.000000000000000000e+00,-1.000000000000000000e+00,-1.000000000000000000e+00,-1.000000000000000000e+00,-1.000000000000000000e+00,-1.000000000000000000e+00,-1.000000000000000000e+00,-1.000000000000000000e+00,-1.000000000000000000e+00,-1.000000000000000000e+00,-1.000000000000000000e+00,-1.000000000000000000e+00,-1.000000000000000000e+00,-1.000000000000000000e+00,-1.000000000000000000e+00,-1.000000000000000000e+00,-1.000000000000000000e+00
1.740575544171000000e+12,5.162163376808166504e-01,5.937677025794982910e-01,-7.150464057922363281e-01,3.094695508480072021e-01,9.898348450660705566e-01,-1.925012618303298950e-01,6.706553101539611816e-01,9.506633281707763672e-01,-1.576292961835861206e-01,2.342450916767120361e-01,1.384933352470397949e+00,-4.865466952323913574e-01,7.598931193351745605e-01,1.365460395812988281e+00,-1.818502843379974365e-01,2.370792180299758911e-01,1.618027210235595703e+00,-9.796242713928222656e-01,7.593875527381896973e-01,1.692415475845336914e+00,-3.527354001998901367e-01,-1.000000000000000000e+00,-1.000000000000000000e+00,-1.000000000000000000e+00,-1.000000000000000000e+00,-1.000000000000000000e+00,-1.000000000000000000e+00,-1.000000000000000000e+00,-1.000000000000000000e+00,-1.000000000000000000e+00,-1.000000000000000000e+00,-1.000000000000000000e+00,-1.000000000000000000e+00,-1.000000000000000000e+00,-1.000000000000000000e+00,-1.000000000000000000e+00,-1.000000000000000000e+00,-1.000000000000000000e+00,-1.000000000000000000e+00,-1.000000000000000000e+00,-1.000000000000000000e+00,-1.000000000000000000e+00,-1.000000000000000000e+00,-1.000000000000000000e+00,-1.000000000000000000e+00,-1.000000000000000000e+00,-1.000000000000000000e+00,-1.000000000000000000e+00,-1.000000000000000000e+00,-1.000000000000000000e+00,-1.000000000000000000e+00,-1.000000000000000000e+00,-1.000000000000000000e+00,-1.000000000000000000e+00,-1.000000000000000000e+00,-1.000000000000000000e+00,-1.000000000000000000e+00,-1.000000000000000000e+00,-1.000000000000000000e+00,-1.000000000000000000e+00,-1.000000000000000000e+00,-1.000000000000000000e+00,-1.000000000000000000e+00,-1.000000000000000000e+00,-1.000000000000000000e+00,-1.000000000000000000e+00,-1.000000000000000000e+00,-1.000000000000000000e+00,-1.000000000000000000e+00,-1.000000000000000000e+00,-1.000000000000000000e+00,-1.000000000000000000e+00,-1.000000000000000000e+00,-1.000000000000000000e+00,-1.000000000000000000e+00,-1.000000000000000000e+00,-1.000000000000000000e+00,-1.000000000000000000e+00,-1.000000000000000000e+00,-1.000000000000000000e+00,-1.000000000000000000e+00,-1.000000000000000000e+00,-1.000000000000000000e+00,-1.000000000000000000e+00,-1.000000000000000000e+00,-1.000000000000000000e+00,-1.000000000000000000e+00,-1.000000000000000000e+00,-1.000000000000000000e+00,-1.000000000000000000e+00,-1.000000000000000000e+00,-1.000000000000000000e+00,-1.000000000000000000e+00,-1.000000000000000000e+00,-1.000000000000000000e+00,-1.000000000000000000e+00,-1.000000000000000000e+00,-1.000000000000000000e+00,-1.000000000000000000e+00,-1.000000000000000000e+00,-1.000000000000000000e+00,-1.000000000000000000e+00,-1.000000000000000000e+00,-1.000000000000000000e+00,-1.000000000000000000e+00,-1.000000000000000000e+00,-1.000000000000000000e+00,-1.000000000000000000e+00,-1.000000000000000000e+00,-1.000000000000000000e+00,-1.000000000000000000e+00,-1.000000000000000000e+00,-1.000000000000000000e+00,-1.000000000000000000e+00,-1.000000000000000000e+00,-1.000000000000000000e+00,-1.000000000000000000e+00,-1.000000000000000000e+00,-1.000000000000000000e+00,-1.000000000000000000e+00,-1.000000000000000000e+00,-1.000000000000000000e+00,-1.000000000000000000e+00,-1.000000000000000000e+00,-1.000000000000000000e+00,-1.000000000000000000e+00,-1.000000000000000000e+00,-1.000000000000000000e+00,-1.000000000000000000e+00,-1.000000000000000000e+00,-1.000000000000000000e+00,-1.000000000000000000e+00,-1.000000000000000000e+00,-1.000000000000000000e+00,-1.000000000000000000e+00,-1.000000000000000000e+00,-1.000000000000000000e+00,-1.000000000000000000e+00,-1.000000000000000000e+00,-1.000000000000000000e+00,-1.000000000000000000e+00,-1.000000000000000000e+00,-1.000000000000000000e+00,-1.000000000000000000e+00,-1.000000000000000000e+00,-1.000000000000000000e+00,-1.000000000000000000e+00
1.740575544213000000e+12,5.150678753852844238e-01,5.937656760215759277e-01,-7.086199522018432617e-01,3.056608736515045166e-01,9.985132217407226562e-01,-1.754191964864730835e-01,6.818426847457885742e-01,9.646701216697692871e-01,-1.530591547489166260e-01,2.327905148267745972e-01,1.428211808204650879e+00,-4.550535678863525391e-01,7.611572742462158203e-01,1.418280005455017090e+00,-1.705484837293624878e-01,2.268932312726974487e-01,1.680484652519226074e+00,-9.605351686477661133e-01,7.660471200942993164e-01,1.764043211936950684e+00,-3.726783394813537598e-01,-1.000000000000000000e+00,-1.000000000000000000e+00,-1.000000000000000000e+00,-1.000000000000000000e+00,-1.000000000000000000e+00,-1.000000000000000000e+00,-1.000000000000000000e+00,-1.000000000000000000e+00,-1.000000000000000000e+00,-1.000000000000000000e+00,-1.000000000000000000e+00,-1.000000000000000000e+00,-1.000000000000000000e+00,-1.000000000000000000e+00,-1.000000000000000000e+00,-1.000000000000000000e+00,-1.000000000000000000e+00,-1.000000000000000000e+00,-1.000000000000000000e+00,-1.000000000000000000e+00,-1.000000000000000000e+00,-1.000000000000000000e+00,-1.000000000000000000e+00,-1.000000000000000000e+00,-1.000000000000000000e+00,-1.000000000000000000e+00,-1.000000000000000000e+00,-1.000000000000000000e+00,-1.000000000000000000e+00,-1.000000000000000000e+00,-1.000000000000000000e+00,-1.000000000000000000e+00,-1.000000000000000000e+00,-1.000000000000000000e+00,-1.000000000000000000e+00,-1.000000000000000000e+00,-1.000000000000000000e+00,-1.000000000000000000e+00,-1.000000000000000000e+00,-1.000000000000000000e+00,-1.000000000000000000e+00,-1.000000000000000000e+00,-1.000000000000000000e+00,-1.000000000000000000e+00,-1.000000000000000000e+00,-1.000000000000000000e+00,-1.000000000000000000e+00,-1.000000000000000000e+00,-1.000000000000000000e+00,-1.000000000000000000e+00,-1.000000000000000000e+00,-1.000000000000000000e+00,-1.000000000000000000e+00,-1.000000000000000000e+00,-1.000000000000000000e+00,-1.000000000000000000e+00,-1.000000000000000000e+00,-1.000000000000000000e+00,-1.000000000000000000e+00,-1.000000000000000000e+00,-1.000000000000000000e+00,-1.000000000000000000e+00,-1.000000000000000000e+00,-1.000000000000000000e+00,-1.000000000000000000e+00,-1.000000000000000000e+00,-1.000000000000000000e+00,-1.000000000000000000e+00,-1.000000000000000000e+00,-1.000000000000000000e+00,-1.000000000000000000e+00,-1.000000000000000000e+00,-1.000000000000000000e+00,-1.000000000000000000e+00,-1.000000000000000000e+00,-1.000000000000000000e+00,-1.000000000000000000e+00,-1.000000000000000000e+00,-1.000000000000000000e+00,-1.000000000000000000e+00,-1.000000000000000000e+00,-1.000000000000000000e+00,-1.000000000000000000e+00,-1.000000000000000000e+00,-1.000000000000000000e+00,-1.000000000000000000e+00,-1.000000000000000000e+00,-1.000000000000000000e+00,-1.000000000000000000e+00,-1.000000000000000000e+00,-1.000000000000000000e+00,-1.000000000000000000e+00,-1.000000000000000000e+00,-1.000000000000000000e+00,-1.000000000000000000e+00,-1.000000000000000000e+00,-1.000000000000000000e+00,-1.000000000000000000e+00,-1.000000000000000000e+00,-1.000000000000000000e+00,-1.000000000000000000e+00,-1.000000000000000000e+00,-1.000000000000000000e+00,-1.000000000000000000e+00,-1.000000000000000000e+00,-1.000000000000000000e+00,-1.000000000000000000e+00,-1.000000000000000000e+00,-1.000000000000000000e+00,-1.000000000000000000e+00,-1.000000000000000000e+00,-1.000000000000000000e+00,-1.000000000000000000e+00,-1.000000000000000000e+00,-1.000000000000000000e+00,-1.000000000000000000e+00,-1.000000000000000000e+00,-1.000000000000000000e+00,-1.000000000000000000e+00,-1.000000000000000000e+00,-1.000000000000000000e+00,-1.000000000000000000e+00,-1.000000000000000000e+00,-1.000000000000000000e+00,-1.000000000000000000e+00,-1.000000000000000000e+00
1.740575544241000000e+12,5.143627524375915527e-01,5.951660871505737305e-01,-7.988956570625305176e-01,3.058634400367736816e-01,9.990914463996887207e-01,-1.811321228742599487e-01,6.835013628005981445e-01,9.669209122657775879e-01,-1.635347604751586914e-01,2.355151176452636719e-01,1.435884952545166016e+00,-4.511389732360839844e-01,7.651009559631347656e-01,1.376051425933837891e+00,-2.910481095314025879e-01,2.241703271865844727e-01,1.643739461898803711e+00,-9.939206242561340332e-01,7.561315298080444336e-01,1.710595011711120605e+00,-6.989833712577819824e-01,-1.000000000000000000e+00,-1.000000000000000000e+00,-1.000000000000000000e+00,-1.000000000000000000e+00,-1.000000000000000000e+00,-1.000000000000000000e+00,-1.000000000000000000e+00,-1.000000000000000000e+00,-1.000000000000000000e+00,-1.000000000000000000e+00,-1.000000000000000000e+00,-1.000000000000000000e+00,-1.000000000000000000e+00,-1.000000000000000000e+00,-1.000000000000000000e+00,-1.000000000000000000e+00,-1.000000000000000000e+00,-1.000000000000000000e+00,-1.000000000000000000e+00,-1.000000000000000000e+00,-1.000000000000000000e+00,-1.000000000000000000e+00,-1.000000000000000000e+00,-1.000000000000000000e+00,-1.000000000000000000e+00,-1.000000000000000000e+00,-1.000000000000000000e+00,-1.000000000000000000e+00,-1.000000000000000000e+00,-1.000000000000000000e+00,-1.000000000000000000e+00,-1.000000000000000000e+00,-1.000000000000000000e+00,-1.000000000000000000e+00,-1.000000000000000000e+00,-1.000000000000000000e+00,-1.000000000000000000e+00,-1.000000000000000000e+00,-1.000000000000000000e+00,-1.000000000000000000e+00,-1.000000000000000000e+00,-1.000000000000000000e+00,-1.000000000000000000e+00,-1.000000000000000000e+00,-1.000000000000000000e+00,-1.000000000000000000e+00,-1.000000000000000000e+00,-1.000000000000000000e+00,-1.000000000000000000e+00,-1.000000000000000000e+00,-1.000000000000000000e+00,-1.000000000000000000e+00,-1.000000000000000000e+00,-1.000000000000000000e+00,-1.000000000000000000e+00,-1.000000000000000000e+00,-1.000000000000000000e+00,-1.000000000000000000e+00,-1.000000000000000000e+00,-1.000000000000000000e+00,-1.000000000000000000e+00,-1.000000000000000000e+00,-1.000000000000000000e+00,-1.000000000000000000e+00,-1.000000000000000000e+00,-1.000000000000000000e+00,-1.000000000000000000e+00,-1.000000000000000000e+00,-1.000000000000000000e+00,-1.000000000000000000e+00,-1.000000000000000000e+00,-1.000000000000000000e+00,-1.000000000000000000e+00,-1.000000000000000000e+00,-1.000000000000000000e+00,-1.000000000000000000e+00,-1.000000000000000000e+00,-1.000000000000000000e+00,-1.000000000000000000e+00,-1.000000000000000000e+00,-1.000000000000000000e+00,-1.000000000000000000e+00,-1.000000000000000000e+00,-1.000000000000000000e+00,-1.000000000000000000e+00,-1.000000000000000000e+00,-1.000000000000000000e+00,-1.000000000000000000e+00,-1.000000000000000000e+00,-1.000000000000000000e+00,-1.000000000000000000e+00,-1.000000000000000000e+00,-1.000000000000000000e+00,-1.000000000000000000e+00,-1.000000000000000000e+00,-1.000000000000000000e+00,-1.000000000000000000e+00,-1.000000000000000000e+00,-1.000000000000000000e+00,-1.000000000000000000e+00,-1.000000000000000000e+00,-1.000000000000000000e+00,-1.000000000000000000e+00,-1.000000000000000000e+00,-1.000000000000000000e+00,-1.000000000000000000e+00,-1.000000000000000000e+00,-1.000000000000000000e+00,-1.000000000000000000e+00,-1.000000000000000000e+00,-1.000000000000000000e+00,-1.000000000000000000e+00,-1.000000000000000000e+00,-1.000000000000000000e+00,-1.000000000000000000e+00,-1.000000000000000000e+00,-1.000000000000000000e+00,-1.000000000000000000e+00,-1.000000000000000000e+00,-1.000000000000000000e+00,-1.000000000000000000e+00,-1.000000000000000000e+00,-1.000000000000000000e+00,-1.000000000000000000e+00,-1.000000000000000000e+00,-1.000000000000000000e+00
1.740575544276000000e+12,5.142256021499633789e-01,5.966448187828063965e-01,-8.049466013908386230e-01,3.049337267875671387e-01,1.002445578575134277e+00,-1.777772456407546997e-01,6.821556091308593750e-01,9.686791896820068359e-01,-1.915635168552398682e-01,2.338448762893676758e-01,1.433784961700439453e+00,-4.151219725608825684e-01,7.739940285682678223e-01,1.361621856689453125e+00,-4.525258541107177734e-01,2.177483290433883667e-01,1.585907459259033203e+00,-9.590957760810852051e-01,7.216295599937438965e-01,1.343987941741943359e+00,-9.871622920036315918e-01,-1.000000000000000000e+00,-1.000000000000000000e+00,-1.000000000000000000e+00,-1.000000000000000000e+00,-1.000000000000000000e+00,-1.000000000000000000e+00,-1.000000000000000000e+00,-1.000000000000000000e+00,-1.000000000000000000e+00,-1.000000000000000000e+00,-1.000000000000000000e+00,-1.000000000000000000e+00,-1.000000000000000000e+00,-1.000000000000000000e+00,-1.000000000000000000e+00,-1.000000000000000000e+00,-1.000000000000000000e+00,-1.000000000000000000e+00,-1.000000000000000000e+00,-1.000000000000000000e+00,-1.000000000000000000e+00,-1.000000000000000000e+00,-1.000000000000000000e+00,-1.000000000000000000e+00,-1.000000000000000000e+00,-1.000000000000000000e+00,-1.000000000000000000e+00,-1.000000000000000000e+00,-1.000000000000000000e+00,-1.000000000000000000e+00,-1.000000000000000000e+00,-1.000000000000000000e+00,-1.000000000000000000e+00,-1.000000000000000000e+00,-1.000000000000000000e+00,-1.000000000000000000e+00,-1.000000000000000000e+00,-1.000000000000000000e+00,-1.000000000000000000e+00,-1.000000000000000000e+00,-1.000000000000000000e+00,-1.000000000000000000e+00,-1.000000000000000000e+00,-1.000000000000000000e+00,-1.000000000000000000e+00,-1.000000000000000000e+00,-1.000000000000000000e+00,-1.000000000000000000e+00,-1.000000000000000000e+00,-1.000000000000000000e+00,-1.000000000000000000e+00,-1.000000000000000000e+00,-1.000000000000000000e+00,-1.000000000000000000e+00,-1.000000000000000000e+00,-1.000000000000000000e+00,-1.000000000000000000e+00,-1.000000000000000000e+00,-1.000000000000000000e+00,-1.000000000000000000e+00,-1.000000000000000000e+00,-1.000000000000000000e+00,-1.000000000000000000e+00,-1.000000000000000000e+00,-1.000000000000000000e+00,-1.000000000000000000e+00,-1.000000000000000000e+00,-1.000000000000000000e+00,-1.000000000000000000e+00,-1.000000000000000000e+00,-1.000000000000000000e+00,-1.000000000000000000e+00,-1.000000000000000000e+00,-1.000000000000000000e+00,-1.000000000000000000e+00,-1.000000000000000000e+00,-1.000000000000000000e+00,-1.000000000000000000e+00,-1.000000000000000000e+00,-1.000000000000000000e+00,-1.000000000000000000e+00,-1.000000000000000000e+00,-1.000000000000000000e+00,-1.000000000000000000e+00,-1.000000000000000000e+00,-1.000000000000000000e+00,-1.000000000000000000e+00,-1.000000000000000000e+00,-1.000000000000000000e+00,-1.000000000000000000e+00,-1.000000000000000000e+00,-1.000000000000000000e+00,-1.000000000000000000e+00,-1.000000000000000000e+00,-1.000000000000000000e+00,-1.000000000000000000e+00,-1.000000000000000000e+00,-1.000000000000000000e+00,-1.000000000000000000e+00,-1.000000000000000000e+00,-1.000000000000000000e+00,-1.000000000000000000e+00,-1.000000000000000000e+00,-1.000000000000000000e+00,-1.000000000000000000e+00,-1.000000000000000000e+00,-1.000000000000000000e+00,-1.000000000000000000e+00,-1.000000000000000000e+00,-1.000000000000000000e+00,-1.000000000000000000e+00,-1.000000000000000000e+00,-1.000000000000000000e+00,-1.000000000000000000e+00,-1.000000000000000000e+00,-1.000000000000000000e+00,-1.000000000000000000e+00,-1.000000000000000000e+00,-1.000000000000000000e+00,-1.000000000000000000e+00,-1.000000000000000000e+00,-1.000000000000000000e+00,-1.000000000000000000e+00,-1.000000000000000000e+00,-1.000000000000000000e+00,-1.000000000000000000e+00
1.740575544312000000e+12,5.141294598579406738e-01,5.980048179626464844e-01,-8.178362846374511719e-01,2.988204061985015869e-01,1.002826571464538574e+00,-2.563781142234802246e-01,6.821140050888061523e-01,9.674326777458190918e-01,-2.077899277210235596e-01,2.324776351451873779e-01,1.453930377960205078e+00,-5.117017626762390137e-01,7.728203535079956055e-01,1.392293334007263184e+00,-3.433960378170013428e-01,2.189304083585739136e-01,1.722213864326477051e+00,-1.029648065567016602e+00,7.669986486434936523e-01,1.660629749298095703e+00,-8.741587400436401367e-01,-1.000000000000000000e+00,-1.000000000000000000e+00,-1.000000000000000000e+00,-1.000000000000000000e+00,-1.000000000000000000e+00,-1.000000000000000000e+00,-1.000000000000000000e+00,-1.000000000000000000e+00,-1.000000000000000000e+00,-1.000000000000000000e+00,-1.000000000000000000e+00,-1.000000000000000000e+00,-1.000000000000000000e+00,-1.000000000000000000e+00,-1.000000000000000000e+00,-1.000000000000000000e+00,-1.000000000000000000e+00,-1.000000000000000000e+00,-1.000000000000000000e+00,-1.000000000000000000e+00,-1.000000000000000000e+00,-1.000000000000000000e+00,-1.000000000000000000e+00,-1.000000000000000000e+00,-1.000000000000000000e+00,-1.000000000000000000e+00,-1.000000000000000000e+00,-1.000000000000000000e+00,-1.000000000000000000e+00,-1.000000000000000000e+00,-1.000000000000000000e+00,-1.000000000000000000e+00,-1.000000000000000000e+00,-1.000000000000000000e+00,-1.000000000000000000e+00,-1.000000000000000000e+00,-1.000000000000000000e+00,-1.000000000000000000e+00,-1.000000000000000000e+00,-1.000000000000000000e+00,-1.000000000000000000e+00,-1.000000000000000000e+00,-1.000000000000000000e+00,-1.000000000000000000e+00,-1.000000000000000000e+00,-1.000000000000000000e+00,-1.000000000000000000e+00,-1.000000000000000000e+00,-1.000000000000000000e+00,-1.000000000000000000e+00,-1.000000000000000000e+00,-1.000000000000000000e+00,-1.000000000000000000e+00,-1.000000000000000000e+00,-1.000000000000000000e+00,-1.000000000000000000e+00,-1.000000000000000000e+00,-1.000000000000000000e+00,-1.000000000000000000e+00,-1.000000000000000000e+00,-1.000000000000000000e+00,-1.000000000000000000e+00,-1.000000000000000000e+00,-1.000000000000000000e+00,-1.000000000000000000e+00,-1.000000000000000000e+00,-1.000000000000000000e+00,-1.000000000000000000e+00,-1.000000000000000000e+00,-1.000000000000000000e+00,-1.000000000000000000e+00,-1.000000000000000000e+00,-1.000000000000000000e+00,-1.000000000000000000e+00,-1.000000000000000000e+00,-1.000000000000000000e+00,-1.000000000000000000e+00,-1.000000000000000000e+00,-1.000000000000000000e+00,-1.000000000000000000e+00,-1.000000000000000000e+00,-1.000000000000000000e+00,-1.000000000000000000e+00,-1.000000000000000000e+00,-1.000000000000000000e+00,-1.000000000000000000e+00,-1.000000000000000000e+00,-1.000000000000000000e+00,-1.000000000000000000e+00,-1.000000000000000000e+00,-1.000000000000000000e+00,-1.000000000000000000e+00,-1.000000000000000000e+00,-1.000000000000000000e+00,-1.000000000000000000e+00,-1.000000000000000000e+00,-1.000000000000000000e+00,-1.000000000000000000e+00,-1.000000000000000000e+00,-1.000000000000000000e+00,-1.000000000000000000e+00,-1.000000000000000000e+00,-1.000000000000000000e+00,-1.000000000000000000e+00,-1.000000000000000000e+00,-1.000000000000000000e+00,-1.000000000000000000e+00,-1.000000000000000000e+00,-1.000000000000000000e+00,-1.000000000000000000e+00,-1.000000000000000000e+00,-1.000000000000000000e+00,-1.000000000000000000e+00,-1.000000000000000000e+00,-1.000000000000000000e+00,-1.000000000000000000e+00,-1.000000000000000000e+00,-1.000000000000000000e+00,-1.000000000000000000e+00,-1.000000000000000000e+00,-1.000000000000000000e+00,-1.000000000000000000e+00,-1.000000000000000000e+00,-1.000000000000000000e+00,-1.000000000000000000e+00,-1.000000000000000000e+00
1.740575544349000000e+12,5.128284692764282227e-01,6.078450679779052734e-01,-7.293747663497924805e-01,2.993583083152770996e-01,1.002428770065307617e+00,-2.162133008241653442e-01,6.868560314178466797e-01,9.689871072769165039e-01,-2.027949094772338867e-01,2.325435876846313477e-01,1.451575398445129395e+00,-4.441670775413513184e-01,7.726306915283203125e-01,1.424827218055725098e+00,-1.996253430843353271e-01,2.173195332288742065e-01,1.726696491241455078e+00,-9.617069959640502930e-01,7.902175188064575195e-01,1.732374906539916992e+00,-4.384188055992126465e-01,-1.000000000000000000e+00,-1.000000000000000000e+00,-1.000000000000000000e+00,-1.000000000000000000e+00,-1.000000000000000000e+00,-1.000000000000000000e+00,-1.000000000000000000e+00,-1.000000000000000000e+00,-1.000000000000000000e+00,-1.000000000000000000e+00,-1.000000000000000000e+00,-1.000000000000000000e+00,-1.000000000000000000e+00,-1.000000000000000000e+00,-1.000000000000000000e+00,-1.000000000000000000e+00,-1.000000000000000000e+00,-1.000000000000000000e+00,-1.000000000000000000e+00,-1.000000000000000000e+00,-1.000000000000000000e+00,-1.000000000000000000e+00,-1.000000000000000000e+00,-1.000000000000000000e+00,-1.000000000000000000e+00,-1.000000000000000000e+00,-1.000000000000000000e+00,-1.000000000000000000e+00,-1.000000000000000000e+00,-1.000000000000000000e+00,-1.000000000000000000e+00,-1.000000000000000000e+00,-1.000000000000000000e+00,-1.000000000000000000e+00,-1.000000000000000000e+00,-1.000000000000000000e+00,-1.000000000000000000e+00,-1.000000000000000000e+00,-1.000000000000000000e+00,-1.000000000000000000e+00,-1.000000000000000000e+00,-1.000000000000000000e+00,-1.000000000000000000e+00,-1.000000000000000000e+00,-1.000000000000000000e+00,-1.000000000000000000e+00,-1.000000000000000000e+00,-1.000000000000000000e+00,-1.000000000000000000e+00,-1.000000000000000000e+00,-1.000000000000000000e+00,-1.000000000000000000e+00,-1.000000000000000000e+00,-1.000000000000000000e+00,-1.000000000000000000e+00,-1.000000000000000000e+00,-1.000000000000000000e+00,-1.000000000000000000e+00,-1.000000000000000000e+00,-1.000000000000000000e+00,-1.000000000000000000e+00,-1.000000000000000000e+00,-1.000000000000000000e+00,-1.000000000000000000e+00,-1.000000000000000000e+00,-1.000000000000000000e+00,-1.000000000000000000e+00,-1.000000000000000000e+00,-1.000000000000000000e+00,-1.000000000000000000e+00,-1.000000000000000000e+00,-1.000000000000000000e+00,-1.000000000000000000e+00,-1.000000000000000000e+00,-1.000000000000000000e+00,-1.000000000000000000e+00,-1.000000000000000000e+00,-1.000000000000000000e+00,-1.000000000000000000e+00,-1.000000000000000000e+00,-1.000000000000000000e+00,-1.000000000000000000e+00,-1.000000000000000000e+00,-1.000000000000000000e+00,-1.000000000000000000e+00,-1.000000000000000000e+00,-1.000000000000000000e+00,-1.000000000000000000e+00,-1.000000000000000000e+00,-1.000000000000000000e+00,-1.000000000000000000e+00,-1.000000000000000000e+00,-1.000000000000000000e+00,-1.000000000000000000e+00,-1.000000000000000000e+00,-1.000000000000000000e+00,-1.000000000000000000e+00,-1.000000000000000000e+00,-1.000000000000000000e+00,-1.000000000000000000e+00,-1.000000000000000000e+00,-1.000000000000000000e+00,-1.000000000000000000e+00,-1.000000000000000000e+00,-1.000000000000000000e+00,-1.000000000000000000e+00,-1.000000000000000000e+00,-1.000000000000000000e+00,-1.000000000000000000e+00,-1.000000000000000000e+00,-1.000000000000000000e+00,-1.000000000000000000e+00,-1.000000000000000000e+00,-1.000000000000000000e+00,-1.000000000000000000e+00,-1.000000000000000000e+00,-1.000000000000000000e+00,-1.000000000000000000e+00,-1.000000000000000000e+00,-1.000000000000000000e+00,-1.000000000000000000e+00,-1.000000000000000000e+00,-1.000000000000000000e+00,-1.000000000000000000e+00,-1.000000000000000000e+00,-1.000000000000000000e+00
1.740575544393000000e+12,5.111771821975708008e-01,6.077347993850708008e-01,-7.215659618377685547e-01,3.004983067512512207e-01,1.001703858375549316e+00,-2.026660740375518799e-01,6.860936880111694336e-01,9.683641195297241211e-01,-1.924607455730438232e-01,2.335660755634307861e-01,1.441178441047668457e+00,-4.321606159210205078e-01,7.709659337997436523e-01,1.423866391181945801e+00,-2.122427523136138916e-01,2.113750725984573364e-01,1.694090247154235840e+00,-9.322544336318969727e-01,7.845277786254882812e-01,1.762259364128112793e+00,-4.647299349308013916e-01,-1.000000000000000000e+00,-1.000000000000000000e+00,-1.000000000000000000e+00,-1.000000000000000000e+00,-1.000000000000000000e+00,-1.000000000000000000e+00,-1.000000000000000000e+00,-1.000000000000000000e+00,-1.000000000000000000e+00,-1.000000000000000000e+00,-1.000000000000000000e+00,-1.000000000000000000e+00,-1.000000000000000000e+00,-1.000000000000000000e+00,-1.000000000000000000e+00,-1.000000000000000000e+00,-1.000000000000000000e+00,-1.000000000000000000e+00,-1.000000000000000000e+00,-1.000000000000000000e+00,-1.000000000000000000e+00,-1.000000000000000000e+00,-1.000000000000000000e+00,-1.000000000000000000e+00,-1.000000000000000000e+00,-1.000000000000000000e+00,-1.000000000000000000e+00,-1.000000000000000000e+00,-1.000000000000000000e+00,-1.000000000000000000e+00,-1.000000000000000000e+00,-1.000000000000000000e+00,-1.000000000000000000e+00,-1.000000000000000000e+00,-1.000000000000000000e+00,-1.000000000000000000e+00,-1.000000000000000000e+00,-1.000000000000000000e+00,-1.000000000000000000e+00,-1.000000000000000000e+00,-1.000000000000000000e+00,-1.000000000000000000e+00,-1.000000000000000000e+00,-1.000000000000000000e+00,-1.000000000000000000e+00,-1.000000000000000000e+00,-1.000000000000000000e+00,-1.000000000000000000e+00,-1.000000000000000000e+00,-1.000000000000000000e+00,-1.000000000000000000e+00,-1.000000000000000000e+00,-1.000000000000000000e+00,-1.000000000000000000e+00,-1.000000000000000000e+00,-1.000000000000000000e+00,-1.000000000000000000e+00,-1.000000000000000000e+00,-1.000000000000000000e+00,-1.000000000000000000e+00,-1.000000000000000000e+00,-1.000000000000000000e+00,-1.000000000000000000e+00,-1.000000000000000000e+00,-1.000000000000000000e+00,-1.000000000000000000e+00,-1.000000000000000000e+00,-1.000000000000000000e+00,-1.000000000000000000e+00,-1.000000000000000000e+00,-1.000000000000000000e+00,-1.000000000000000000e+00,-1.000000000000000000e+00,-1.000000000000000000e+00,-1.000000000000000000e+00,-1.000000000000000000e+00,-1.000000000000000000e+00,-1.000000000000000000e+00,-1.000000000000000000e+00,-1.000000000000000000e+00,-1.000000000000000000e+00,-1.000000000000000000e+00,-1.000000000000000000e+00,-1.000000000000000000e+00,-1.000000000000000000e+00,-1.000000000000000000e+00,-1.000000000000000000e+00,-1.000000000000000000e+00,-1.000000000000000000e+00,-1.000000000000000000e+00,-1.000000000000000000e+00,-1.000000000000000000e+00,-1.000000000000000000e+00,-1.000000000000000000e+00,-1.000000000000000000e+00,-1.000000000000000000e+00,-1.000000000000000000e+00,-1.000000000000000000e+00,-1.000000000000000000e+00,-1.000000000000000000e+00,-1.000000000000000000e+00,-1.000000000000000000e+00,-1.000000000000000000e+00,-1.000000000000000000e+00,-1.000000000000000000e+00,-1.000000000000000000e+00,-1.000000000000000000e+00,-1.000000000000000000e+00,-1.000000000000000000e+00,-1.000000000000000000e+00,-1.000000000000000000e+00,-1.000000000000000000e+00,-1.000000000000000000e+00,-1.000000000000000000e+00,-1.000000000000000000e+00,-1.000000000000000000e+00,-1.000000000000000000e+00,-1.000000000000000000e+00,-1.000000000000000000e+00,-1.000000000000000000e+00,-1.000000000000000000e+00,-1.000000000000000000e+00,-1.000000000000000000e+00,-1.000000000000000000e+00,-1.000000000000000000e+00,-1.000000000000000000e+00
1.740575544423000000e+12,5.111751556396484375e-01,6.073648333549499512e-01,-8.396075963973999023e-01,2.998173832893371582e-01,1.002058625221252441e+00,-2.165325880050659180e-01,6.857001781463623047e-01,9.698440432548522949e-01,-2.059355676174163818e-01,2.379703074693679810e-01,1.459238171577453613e+00,-4.486235082149505615e-01,7.739766836166381836e-01,1.414811968803405762e+00,-2.633430063724517822e-01,2.200004309415817261e-01,1.686351060867309570e+00,-1.008600354194641113e+00,7.798077464103698730e-01,1.699235200881958008e+00,-6.789382100105285645e-01,-1.000000000000000000e+00,-1.000000000000000000e+00,-1.000000000000000000e+00,-1.000000000000000000e+00,-1.000000000000000000e+00,-1.000000000000000000e+00,-1.000000000000000000e+00,-1.000000000000000000e+00,-1.000000000000000000e+00,-1.000000000000000000e+00,-1.000000000000000000e+00,-1.000000000000000000e+00,-1.000000000000000000e+00,-1.000000000000000000e+00,-1.000000000000000000e+00,-1.000000000000000000e+00,-1.000000000000000000e+00,-1.000000000000000000e+00,-1.000000000000000000e+00,-1.000000000000000000e+00,-1.000000000000000000e+00,-1.000000000000000000e+00,-1.000000000000000000e+00,-1.000000000000000000e+00,-1.000000000000000000e+00,-1.000000000000000000e+00,-1.000000000000000000e+00,-1.000000000000000000e+00,-1.000000000000000000e+00,-1.000000000000000000e+00,-1.000000000000000000e+00,-1.000000000000000000e+00,-1.000000000000000000e+00,-1.000000000000000000e+00,-1.000000000000000000e+00,-1.000000000000000000e+00,-1.000000000000000000e+00,-1.000000000000000000e+00,-1.000000000000000000e+00,-1.000000000000000000e+00,-1.000000000000000000e+00,-1.000000000000000000e+00,-1.000000000000000000e+00,-1.000000000000000000e+00,-1.000000000000000000e+00,-1.000000000000000000e+00,-1.000000000000000000e+00,-1.000000000000000000e+00,-1.000000000000000000e+00,-1.000000000000000000e+00,-1.000000000000000000e+00,-1.000000000000000000e+00,-1.000000000000000000e+00,-1.000000000000000000e+00,-1.000000000000000000e+00,-1.000000000000000000e+00,-1.000000000000000000e+00,-1.000000000000000000e+00,-1.000000000000000000e+00,-1.000000000000000000e+00,-1.000000000000000000e+00,-1.000000000000000000e+00,-1.000000000000000000e+00,-1.000000000000000000e+00,-1.000000000000000000e+00,-1.000000000000000000e+00,-1.000000000000000000e+00,-1.000000000000000000e+00,-1.000000000000000000e+00,-1.000000000000000000e+00,-1.000000000000000000e+00,-1.000000000000000000e+00,-1.000000000000000000e+00,-1.000000000000000000e+00,-1.000000000000000000e+00,-1.000000000000000000e+00,-1.000000000000000000e+00,-1.000000000000000000e+00,-1.000000000000000000e+00,-1.000000000000000000e+00,-1.000000000000000000e+00,-1.000000000000000000e+00,-1.000000000000000000e+00,-1.000000000000000000e+00,-1.000000000000000000e+00,-1.000000000000000000e+00,-1.000000000000000000e+00,-1.000000000000000000e+00,-1.000000000000000000e+00,-1.000000000000000000e+00,-1.000000000000000000e+00,-1.000000000000000000e+00,-1.000000000000000000e+00,-1.000000000000000000e+00,-1.000000000000000000e+00,-1.000000000000000000e+00,-1.000000000000000000e+00,-1.000000000000000000e+00,-1.000000000000000000e+00,-1.000000000000000000e+00,-1.000000000000000000e+00,-1.000000000000000000e+00,-1.000000000000000000e+00,-1.000000000000000000e+00,-1.000000000000000000e+00,-1.000000000000000000e+00,-1.000000000000000000e+00,-1.000000000000000000e+00,-1.000000000000000000e+00,-1.000000000000000000e+00,-1.000000000000000000e+00,-1.000000000000000000e+00,-1.000000000000000000e+00,-1.000000000000000000e+00,-1.000000000000000000e+00,-1.000000000000000000e+00,-1.000000000000000000e+00,-1.000000000000000000e+00,-1.000000000000000000e+00,-1.000000000000000000e+00,-1.000000000000000000e+00,-1.000000000000000000e+00,-1.000000000000000000e+00,-1.000000000000000000e+00,-1.000000000000000000e+00,-1.000000000000000000e+00
1.740575544459000000e+12,5.093374252319335938e-01,6.068268418312072754e-01,-7.973117828369140625e-01,3.001483082771301270e-01,1.002195715904235840e+00,-2.080123126506805420e-01,6.851539015769958496e-01,9.696978330612182617e-01,-1.998691260814666748e-01,2.435721158981323242e-01,1.454008340835571289e+00,-4.369757175445556641e-01,7.768488526344299316e-01,1.408899903297424316e+00,-2.413374185562133789e-01,2.219001352787017822e-01,1.681549429893493652e+00,-9.412236213684082031e-01,7.843673229217529297e-01,1.699218869209289551e+00,-6.402131319046020508e-01,-1.000000000000000000e+00,-1.000000000000000000e+00,-1.000000000000000000e+00,-1.000000000000000000e+00,-1.000000000000000000e+00,-1.000000000000000000e+00,-1.000000000000000000e+00,-1.000000000000000000e+00,-1.000000000000000000e+00,-1.000000000000000000e+00,-1.000000000000000000e+00,-1.000000000000000000e+00,-1.000000000000000000e+00,-1.000000000000000000e+00,-1.000000000000000000e+00,-1.000000000000000000e+00,-1.000000000000000000e+00,-1.000000000000000000e+00,-1.000000000000000000e+00,-1.000000000000000000e+00,-1.000000000000000000e+00,-1.000000000000000000e+00,-1.000000000000000000e+00,-1.000000000000000000e+00,-1.000000000000000000e+00,-1.000000000000000000e+00,-1.000000000000000000e+00,-1.000000000000000000e+00,-1.000000000000000000e+00,-1.000000000000000000e+00,-1.000000000000000000e+00,-1.000000000000000000e+00,-1.000000000000000000e+00,-1.000000000000000000e+00,-1.000000000000000000e+00,-1.000000000000000000e+00,-1.000000000000000000e+00,-1.000000000000000000e+00,-1.000000000000000000e+00,-1.000000000000000000e+00,-1.000000000000000000e+00,-1.000000000000000000e+00,-1.000000000000000000e+00,-1.000000000000000000e+00,-1.000000000000000000e+00,-1.000000000000000000e+00,-1.000000000000000000e+00,-1.000000000000000000e+00,-1.000000000000000000e+00,-1.000000000000000000e+00,-1.000000000000000000e+00,-1.000000000000000000e+00,-1.000000000000000000e+00,-1.000000000000000000e+00,-1.000000000000000000e+00,-1.000000000000000000e+00,-1.000000000000000000e+00,-1.000000000000000000e+00,-1.000000000000000000e+00,-1.000000000000000000e+00,-1.000000000000000000e+00,-1.000000000000000000e+00,-1.000000000000000000e+00,-1.000000000000000000e+00,-1.000000000000000000e+00,-1.000000000000000000e+00,-1.000000000000000000e+00,-1.000000000000000000e+00,-1.000000000000000000e+00,-1.000000000000000000e+00,-1.000000000000000000e+00,-1.000000000000000000e+00,-1.000000000000000000e+00,-1.000000000000000000e+00,-1.000000000000000000e+00,-1.000000000000000000e+00,-1.000000000000000000e+00,-1.000000000000000000e+00,-1.000000000000000000e+00,-1.000000000000000000e+00,-1.000000000000000000e+00,-1.000000000000000000e+00,-1.000000000000000000e+00,-1.000000000000000000e+00,-1.000000000000000000e+00,-1.000000000000000000e+00,-1.000000000000000000e+00,-1.000000000000000000e+00,-1.000000000000000000e+00,-1.000000000000000000e+00,-1.000000000000000000e+00,-1.000000000000000000e+00,-1.000000000000000000e+00,-1.000000000000000000e+00,-1.000000000000000000e+00,-1.000000000000000000e+00,-1.000000000000000000e+00,-1.000000000000000000e+00,-1.000000000000000000e+00,-1.000000000000000000e+00,-1.000000000000000000e+00,-1.000000000000000000e+00,-1.000000000000000000e+00,-1.000000000000000000e+00,-1.000000000000000000e+00,-1.000000000000000000e+00,-1.000000000000000000e+00,-1.000000000000000000e+00,-1.000000000000000000e+00,-1.000000000000000000e+00,-1.000000000000000000e+00,-1.000000000000000000e+00,-1.000000000000000000e+00,-1.000000000000000000e+00,-1.000000000000000000e+00,-1.000000000000000000e+00,-1.000000000000000000e+00,-1.000000000000000000e+00,-1.000000000000000000e+00,-1.000000000000000000e+00,-1.000000000000000000e+00,-1.000000000000000000e+00,-1.000000000000000000e+00,-1.000000000000000000e+00,-1.000000000000000000e+00,-1.000000000000000000e+00
1.740575544495000000e+12,5.101347565650939941e-01,6.067169904708862305e-01,-8.239738345146179199e-01,3.006046712398529053e-01,1.003339886665344238e+00,-2.545411884784698486e-01,6.908705234527587891e-01,9.704381227493286133e-01,-2.379309684038162231e-01,2.435027360916137695e-01,1.463358759880065918e+00,-4.581300318241119385e-01,7.761179804801940918e-01,1.420242309570312500e+00,-2.439431399106979370e-01,2.219063341617584229e-01,1.739479780197143555e+00,-9.233533143997192383e-01,7.854937314987182617e-01,1.741436481475830078e+00,-5.587874054908752441e-01,-1.000000000000000000e+00,-1.000000000000000000e+00,-1.000000000000000000e+00,-1.000000000000000000e+00,-1.000000000000000000e+00,-1.000000000000000000e+00,-1.000000000000000000e+00,-1.000000000000000000e+00,-1.000000000000000000e+00,-1.000000000000000000e+00,-1.000000000000000000e+00,-1.000000000000000000e+00,-1.000000000000000000e+00,-1.000000000000000000e+00,-1.000000000000000000e+00,-1.000000000000000000e+00,-1.000000000000000000e+00,-1.000000000000000000e+00,-1.000000000000000000e+00,-1.000000000000000000e+00,-1.000000000000000000e+00,-1.000000000000000000e+00,-1.000000000000000000e+00,-1.000000000000000000e+00,-1.000000000000000000e+00,-1.000000000000000000e+00,-1.000000000000000000e+00,-1.000000000000000000e+00,-1.000000000000000000e+00,-1.000000000000000000e+00,-1.000000000000000000e+00,-1.000000000000000000e+00,-1.000000000000000000e+00,-1.000000000000000000e+00,-1.000000000000000000e+00,-1.000000000000000000e+00,-1.000000000000000000e+00,-1.000000000000000000e+00,-1.000000000000000000e+00,-1.000000000000000000e+00,-1.000000000000000000e+00,-1.000000000000000000e+00,-1.000000000000000000e+00,-1.000000000000000000e+00,-1.000000000000000000e+00,-1.000000000000000000e+00,-1.000000000000000000e+00,-1.000000000000000000e+00,-1.000000000000000000e+00,-1.000000000000000000e+00,-1.000000000000000000e+00,-1.000000000000000000e+00,-1.000000000000000000e+00,-1.000000000000000000e+00,-1.000000000000000000e+00,-1.000000000000000000e+00,-1.000000000000000000e+00,-1.000000000000000000e+00,-1.000000000000000000e+00,-1.000000000000000000e+00,-1.000000000000000000e+00,-1.000000000000000000e+00,-1.000000000000000000e+00,-1.000000000000000000e+00,-1.000000000000000000e+00,-1.000000000000000000e+00,-1.000000000000000000e+00,-1.000000000000000000e+00,-1.000000000000000000e+00,-1.000000000000000000e+00,-1.000000000000000000e+00,-1.000000000000000000e+00,-1.000000000000000000e+00,-1.000000000000000000e+00,-1.000000000000000000e+00,-1.000000000000000000e+00,-1.000000000000000000e+00,-1.000000000000000000e+00,-1.000000000000000000e+00,-1.000000000000000000e+00,-1.000000000000000000e+00,-1.000000000000000000e+00,-1.000000000000000000e+00,-1.000000000000000000e+00,-1.000000000000000000e+00,-1.000000000000000000e+00,-1.000000000000000000e+00,-1.000000000000000000e+00,-1.000000000000000000e+00,-1.000000000000000000e+00,-1.000000000000000000e+00,-1.000000000000000000e+00,-1.000000000000000000e+00,-1.000000000000000000e+00,-1.000000000000000000e+00,-1.000000000000000000e+00,-1.000000000000000000e+00,-1.000000000000000000e+00,-1.000000000000000000e+00,-1.000000000000000000e+00,-1.000000000000000000e+00,-1.000000000000000000e+00,-1.000000000000000000e+00,-1.000000000000000000e+00,-1.000000000000000000e+00,-1.000000000000000000e+00,-1.000000000000000000e+00,-1.000000000000000000e+00,-1.000000000000000000e+00,-1.000000000000000000e+00,-1.000000000000000000e+00,-1.000000000000000000e+00,-1.000000000000000000e+00,-1.000000000000000000e+00,-1.000000000000000000e+00,-1.000000000000000000e+00,-1.000000000000000000e+00,-1.000000000000000000e+00,-1.000000000000000000e+00,-1.000000000000000000e+00,-1.000000000000000000e+00,-1.000000000000000000e+00,-1.000000000000000000e+00,-1.000000000000000000e+00,-1.000000000000000000e+00,-1.000000000000000000e+00
1.740575544532000000e+12,5.114355683326721191e-01,6.060811281204223633e-01,-8.204485774040222168e-01,2.985705137252807617e-01,1.003166437149047852e+00,-2.512047588825225830e-01,6.911841630935668945e-01,9.701827764511108398e-01,-2.274990081787109375e-01,2.433988153934478760e-01,1.459231615066528320e+00,-4.475482106208801270e-01,7.755377888679504395e-01,1.424215555191040039e+00,-2.399925440549850464e-01,2.265545129776000977e-01,1.747792363166809082e+00,-8.826327323913574219e-01,7.825783491134643555e-01,1.767546892166137695e+00,-5.565196275711059570e-01,-1.000000000000000000e+00,-1.000000000000000000e+00,-1.000000000000000000e+00,-1.000000000000000000e+00,-1.000000000000000000e+00,-1.000000000000000000e+00,-1.000000000000000000e+00,-1.000000000000000000e+00,-1.000000000000000000e+00,-1.000000000000000000e+00,-1.000000000000000000e+00,-1.000000000000000000e+00,-1.000000000000000000e+00,-1.000000000000000000e+00,-1.000000000000000000e+00,-1.000000000000000000e+00,-1.000000000000000000e+00,-1.000000000000000000e+00,-1.000000000000000000e+00,-1.000000000000000000e+00,-1.000000000000000000e+00,-1.000000000000000000e+00,-1.000000000000000000e+00,-1.000000000000000000e+00,-1.000000000000000000e+00,-1.000000000000000000e+00,-1.000000000000000000e+00,-1.000000000000000000e+00,-1.000000000000000000e+00,-1.000000000000000000e+00,-1.000000000000000000e+00,-1.000000000000000000e+00,-1.000000000000000000e+00,-1.000000000000000000e+00,-1.000000000000000000e+00,-1.000000000000000000e+00,-1.000000000000000000e+00,-1.000000000000000000e+00,-1.000000000000000000e+00,-1.000000000000000000e+00,-1.000000000000000000e+00,-1.000000000000000000e+00,-1.000000000000000000e+00,-1.000000000000000000e+00,-1.000000000000000000e+00,-1.000000000000000000e+00,-1.000000000000000000e+00,-1.000000000000000000e+00,-1.000000000000000000e+00,-1.000000000000000000e+00,-1.000000000000000000e+00,-1.000000000000000000e+00,-1.000000000000000000e+00,-1.000000000000000000e+00,-1.000000000000000000e+00,-1.000000000000000000e+00,-1.000000000000000000e+00,-1.000000000000000000e+00,-1.000000000000000000e+00,-1.000000000000000000e+00,-1.000000000000000000e+00,-1.000000000000000000e+00,-1.000000000000000000e+00,-1.000000000000000000e+00,-1.000000000000000000e+00,-1.000000000000000000e+00,-1.000000000000000000e+00,-1.000000000000000000e+00,-1.000000000000000000e+00,-1.000000000000000000e+00,-1.000000000000000000e+00,-1.000000000000000000e+00,-1.000000000000000000e+00,-1.000000000000000000e+00,-1.000000000000000000e+00,-1.000000000000000000e+00,-1.000000000000000000e+00,-1.000000000000000000e+00,-1.000000000000000000e+00,-1.000000000000000000e+00,-1.000000000000000000e+00,-1.000000000000000000e+00,-1.000000000000000000e+00,-1.000000000000000000e+00,-1.000000000000000000e+00,-1.000000000000000000e+00,-1.000000000000000000e+00,-1.000000000000000000e+00,-1.000000000000000000e+00,-1.000000000000000000e+00,-1.000000000000000000e+00,-1.000000000000000000e+00,-1.000000000000000000e+00,-1.000000000000000000e+00,-1.000000000000000000e+00,-1.000000000000000000e+00,-1.000000000000000000e+00,-1.000000000000000000e+00,-1.000000000000000000e+00,-1.000000000000000000e+00,-1.000000000000000000e+00,-1.000000000000000000e+00,-1.000000000000000000e+00,-1.000000000000000000e+00,-1.000000000000000000e+00,-1.000000000000000000e+00,-1.000000000000000000e+00,-1.000000000000000000e+00,-1.000000000000000000e+00,-1.000000000000000000e+00,-1.000000000000000000e+00,-1.000000000000000000e+00,-1.000000000000000000e+00,-1.000000000000000000e+00,-1.000000000000000000e+00,-1.000000000000000000e+00,-1.000000000000000000e+00,-1.000000000000000000e+00,-1.000000000000000000e+00,-1.000000000000000000e+00,-1.000000000000000000e+00,-1.000000000000000000e+00,-1.000000000000000000e+00,-1.000000000000000000e+00,-1.000000000000000000e+00,-1.000000000000000000e+00
1.740575544568000000e+12,5.110133886337280273e-01,6.055735349655151367e-01,-8.043538331985473633e-01,2.988773286342620850e-01,1.002990722656250000e+00,-2.452846467494964600e-01,6.910212635993957520e-01,9.698257446289062500e-01,-2.255580127239227295e-01,2.432794123888015747e-01,1.463929772377014160e+00,-5.323754549026489258e-01,7.751785516738891602e-01,1.421666741371154785e+00,-1.962535083293914795e-01,2.187125980854034424e-01,1.730904698371887207e+00,-1.088499426841735840e+00,7.823761105537414551e-01,1.769727587699890137e+00,-4.292232096195220947e-01,-1.000000000000000000e+00,-1.000000000000000000e+00,-1.000000000000000000e+00,-1.000000000000000000e+00,-1.000000000000000000e+00,-1.000000000000000000e+00,-1.000000000000000000e+00,-1.000000000000000000e+00,-1.000000000000000000e+00,-1.000000000000000000e+00,-1.000000000000000000e+00,-1.000000000000000000e+00,-1.000000000000000000e+00,-1.000000000000000000e+00,-1.000000000000000000e+00,-1.000000000000000000e+00,-1.000000000000000000e+00,-1.000000000000000000e+00,-1.000000000000000000e+00,-1.000000000000000000e+00,-1.000000000000000000e+00,-1.000000000000000000e+00,-1.000000000000000000e+00,-1.000000000000000000e+00,-1.000000000000000000e+00,-1.000000000000000000e+00,-1.000000000000000000e+00,-1.000000000000000000e+00,-1.000000000000000000e+00,-1.000000000000000000e+00,-1.000000000000000000e+00,-1.000000000000000000e+00,-1.000000000000000000e+00,-1.000000000000000000e+00,-1.000000000000000000e+00,-1.000000000000000000e+00,-1.000000000000000000e+00,-1.000000000000000000e+00,-1.000000000000000000e+00,-1.000000000000000000e+00,-1.000000000000000000e+00,-1.000000000000000000e+00,-1.000000000000000000e+00,-1.000000000000000000e+00,-1.000000000000000000e+00,-1.000000000000000000e+00,-1.000000000000000000e+00,-1.000000000000000000e+00,-1.000000000000000000e+00,-1.000000000000000000e+00,-1.000000000000000000e+00,-1.000000000000000000e+00,-1.000000000000000000e+00,-1.000000000000000000e+00,-1.000000000000000000e+00,-1.000000000000000000e+00,-1.000000000000000000e+00,-1.000000000000000000e+00,-1.000000000000000000e+00,-1.000000000000000000e+00,-1.000000000000000000e+00,-1.000000000000000000e+00,-1.000000000000000000e+00,-1.000000000000000000e+00,-1.000000000000000000e+00,-1.000000000000000000e+00,-1.000000000000000000e+00,-1.000000000000000000e+00,-1.000000000000000000e+00,-1.000000000000000000e+00,-1.000000000000000000e+00,-1.000000000000000000e+00,-1.000000000000000000e+00,-1.000000000000000000e+00,-1.000000000000000000e+00,-1.000000000000000000e+00,-1.000000000000000000e+00,-1.000000000000000000e+00,-1.000000000000000000e+00,-1.000000000000000000e+00,-1.000000000000000000e+00,-1.000000000000000000e+00,-1.000000000000000000e+00,-1.000000000000000000e+00,-1.000000000000000000e+00,-1.000000000000000000e+00,-1.000000000000000000e+00,-1.000000000000000000e+00,-1.000000000000000000e+00,-1.000000000000000000e+00,-1.000000000000000000e+00,-1.000000000000000000e+00,-1.000000000000000000e+00,-1.000000000000000000e+00,-1.000000000000000000e+00,-1.000000000000000000e+00,-1.000000000000000000e+00,-1.000000000000000000e+00,-1.000000000000000000e+00,-1.000000000000000000e+00,-1.000000000000000000e+00,-1.000000000000000000e+00,-1.000000000000000000e+00,-1.000000000000000000e+00,-1.000000000000000000e+00,-1.000000000000000000e+00,-1.000000000000000000e+00,-1.000000000000000000e+00,-1.000000000000000000e+00,-1.000000000000000000e+00,-1.000000000000000000e+00,-1.000000000000000000e+00,-1.000000000000000000e+00,-1.000000000000000000e+00,-1.000000000000000000e+00,-1.000000000000000000e+00,-1.000000000000000000e+00,-1.000000000000000000e+00,-1.000000000000000000e+00,-1.000000000000000000e+00,-1.000000000000000000e+00,-1.000000000000000000e+00,-1.000000000000000000e+00,-1.000000000000000000e+00,-1.000000000000000000e+00,-1.000000000000000000e+00
1.740575544604000000e+12,5.104118585586547852e-01,6.058102250099182129e-01,-8.042908906936645508e-01,3.040098547935485840e-01,1.001198530197143555e+00,-1.438964158296585083e-01,6.896576285362243652e-01,9.704587459564208984e-01,-2.187564074993133545e-01,2.409180849790573120e-01,1.426742672920227051e+00,-3.391183614730834961e-01,7.769438624382019043e-01,1.418878436088562012e+00,-4.362542033195495605e-01,2.188248187303543091e-01,1.559300422668457031e+00,-8.814443349838256836e-01,7.045602202415466309e-01,1.302172303199768066e+00,-9.762324094772338867e-01,-1.000000000000000000e+00,-1.000000000000000000e+00,-1.000000000000000000e+00,-1.000000000000000000e+00,-1.000000000000000000e+00,-1.000000000000000000e+00,-1.000000000000000000e+00,-1.000000000000000000e+00,-1.000000000000000000e+00,-1.000000000000000000e+00,-1.000000000000000000e+00,-1.000000000000000000e+00,-1.000000000000000000e+00,-1.000000000000000000e+00,-1.000000000000000000e+00,-1.000000000000000000e+00,-1.000000000000000000e+00,-1.000000000000000000e+00,-1.000000000000000000e+00,-1.000000000000000000e+00,-1.000000000000000000e+00,-1.000000000000000000e+00,-1.000000000000000000e+00,-1.000000000000000000e+00,-1.000000000000000000e+00,-1.000000000000000000e+00,-1.000000000000000000e+00,-1.000000000000000000e+00,-1.000000000000000000e+00,-1.000000000000000000e+00,-1.000000000000000000e+00,-1.000000000000000000e+00,-1.000000000000000000e+00,-1.000000000000000000e+00,-1.000000000000000000e+00,-1.000000000000000000e+00,-1.000000000000000000e+00,-1.000000000000000000e+00,-1.000000000000000000e+00,-1.000000000000000000e+00,-1.000000000000000000e+00,-1.000000000000000000e+00,-1.000000000000000000e+00,-1.000000000000000000e+00,-1.000000000000000000e+00,-1.000000000000000000e+00,-1.000000000000000000e+00,-1.000000000000000000e+00,-1.000000000000000000e+00,-1.000000000000000000e+00,-1.000000000000000000e+00,-1.000000000000000000e+00,-1.000000000000000000e+00,-1.000000000000000000e+00,-1.000000000000000000e+00,-1.000000000000000000e+00,-1.000000000000000000e+00,-1.000000000000000000e+00,-1.000000000000000000e+00,-1.000000000000000000e+00,-1.000000000000000000e+00,-1.000000000000000000e+00,-1.000000000000000000e+00,-1.000000000000000000e+00,-1.000000000000000000e+00,-1.000000000000000000e+00,-1.000000000000000000e+00,-1.000000000000000000e+00,-1.000000000000000000e+00,-1.000000000000000000e+00,-1.000000000000000000e+00,-1.000000000000000000e+00,-1.000000000000000000e+00,-1.000000000000000000e+00,-1.000000000000000000e+00,-1.000000000000000000e+00,-1.000000000000000000e+00,-1.000000000000000000e+00,-1.000000000000000000e+00,-1.000000000000000000e+00,-1.000000000000000000e+00,-1.000000000000000000e+00,-1.000000000000000000e+00,-1.000000000000000000e+00,-1.000000000000000000e+00,-1.000000000000000000e+00,-1.000000000000000000e+00,-1.000000000000000000e+00,-1.000000000000000000e+00,-1.000000000000000000e+00,-1.000000000000000000e+00,-1.000000000000000000e+00,-1.000000000000000000e+00,-1.000000000000000000e+00,-1.000000000000000000e+00,-1.000000000000000000e+00,-1.000000000000000000e+00,-1.000000000000000000e+00,-1.000000000000000000e+00,-1.000000000000000000e+00,-1.000000000000000000e+00,-1.000000000000000000e+00,-1.000000000000000000e+00,-1.000000000000000000e+00,-1.000000000000000000e+00,-1.000000000000000000e+00,-1.000000000000000000e+00,-1.000000000000000000e+00,-1.000000000000000000e+00,-1.000000000000000000e+00,-1.000000000000000000e+00,-1.000000000000000000e+00,-1.000000000000000000e+00,-1.000000000000000000e+00,-1.000000000000000000e+00,-1.000000000000000000e+00,-1.000000000000000000e+00,-1.000000000000000000e+00,-1.000000000000000000e+00,-1.000000000000000000e+00,-1.000000000000000000e+00,-1.000000000000000000e+00,-1.000000000000000000e+00,-1.000000000000000000e+00,-1.000000000000000000e+00,-1.000000000000000000e+00
1.740575544641000000e+12,5.102505683898925781e-01,6.041027307510375977e-01,-8.720504045486450195e-01,3.037077486515045166e-01,1.001143097877502441e+00,-1.775507628917694092e-01,6.852880716323852539e-01,9.680424928665161133e-01,-2.256671637296676636e-01,2.412218302488327026e-01,1.431007504463195801e+00,-3.436238169670104980e-01,7.772254347801208496e-01,1.373421192169189453e+00,-4.185910820960998535e-01,2.255175858736038208e-01,1.590646862983703613e+00,-8.230139613151550293e-01,7.142121791839599609e-01,1.370343446731567383e+00,-9.671332240104675293e-01,-1.000000000000000000e+00,-1.000000000000000000e+00,-1.000000000000000000e+00,-1.000000000000000000e+00,-1.000000000000000000e+00,-1.000000000000000000e+00,-1.000000000000000000e+00,-1.000000000000000000e+00,-1.000000000000000000e+00,-1.000000000000000000e+00,-1.000000000000000000e+00,-1.000000000000000000e+00,-1.000000000000000000e+00,-1.000000000000000000e+00,-1.000000000000000000e+00,-1.000000000000000000e+00,-1.000000000000000000e+00,-1.000000000000000000e+00,-1.000000000000000000e+00,-1.000000000000000000e+00,-1.000000000000000000e+00,-1.000000000000000000e+00,-1.000000000000000000e+00,-1.000000000000000000e+00,-1.000000000000000000e+00,-1.000000000000000000e+00,-1.000000000000000000e+00,-1.000000000000000000e+00,-1.000000000000000000e+00,-1.000000000000000000e+00,-1.000000000000000000e+00,-1.000000000000000000e+00,-1.000000000000000000e+00,-1.000000000000000000e+00,-1.000000000000000000e+00,-1.000000000000000000e+00,-1.000000000000000000e+00,-1.000000000000000000e+00,-1.000000000000000000e+00,-1.000000000000000000e+00,-1.000000000000000000e+00,-1.000000000000000000e+00,-1.000000000000000000e+00,-1.000000000000000000e+00,-1.000000000000000000e+00,-1.000000000000000000e+00,-1.000000000000000000e+00,-1.000000000000000000e+00,-1.000000000000000000e+00,-1.000000000000000000e+00,-1.000000000000000000e+00,-1.000000000000000000e+00,-1.000000000000000000e+00,-1.000000000000000000e+00,-1.000000000000000000e+00,-1.000000000000000000e+00,-1.000000000000000000e+00,-1.000000000000000000e+00,-1.000000000000000000e+00,-1.000000000000000000e+00,-1.000000000000000000e+00,-1.000000000000000000e+00,-1.000000000000000000e+00,-1.000000000000000000e+00,-1.000000000000000000e+00,-1.000000000000000000e+00,-1.000000000000000000e+00,-1.000000000000000000e+00,-1.000000000000000000e+00,-1.000000000000000000e+00,-1.000000000000000000e+00,-1.000000000000000000e+00,-1.000000000000000000e+00,-1.000000000000000000e+00,-1.000000000000000000e+00,-1.000000000000000000e+00,-1.000000000000000000e+00,-1.000000000000000000e+00,-1.000000000000000000e+00,-1.000000000000000000e+00,-1.000000000000000000e+00,-1.000000000000000000e+00,-1.000000000000000000e+00,-1.000000000000000000e+00,-1.000000000000000000e+00,-1.000000000000000000e+00,-1.000000000000000000e+00,-1.000000000000000000e+00,-1.000000000000000000e+00,-1.000000000000000000e+00,-1.000000000000000000e+00,-1.000000000000000000e+00,-1.000000000000000000e+00,-1.000000000000000000e+00,-1.000000000000000000e+00,-1.000000000000000000e+00,-1.000000000000000000e+00,-1.000000000000000000e+00,-1.000000000000000000e+00,-1.000000000000000000e+00,-1.000000000000000000e+00,-1.000000000000000000e+00,-1.000000000000000000e+00,-1.000000000000000000e+00,-1.000000000000000000e+00,-1.000000000000000000e+00,-1.000000000000000000e+00,-1.000000000000000000e+00,-1.000000000000000000e+00,-1.000000000000000000e+00,-1.000000000000000000e+00,-1.000000000000000000e+00,-1.000000000000000000e+00,-1.000000000000000000e+00,-1.000000000000000000e+00,-1.000000000000000000e+00,-1.000000000000000000e+00,-1.000000000000000000e+00,-1.000000000000000000e+00,-1.000000000000000000e+00,-1.000000000000000000e+00,-1.000000000000000000e+00,-1.000000000000000000e+00,-1.000000000000000000e+00,-1.000000000000000000e+00,-1.000000000000000000e+00
1.740575544677000000e+12,5.116044282913208008e-01,6.040226817131042480e-01,-8.800614476203918457e-01,2.993833422660827637e-01,1.002567410469055176e+00,-2.790853381156921387e-01,6.910475492477416992e-01,9.696737527847290039e-01,-2.568162977695465088e-01,2.383358180522918701e-01,1.459198474884033203e+00,-5.180850625038146973e-01,7.771212458610534668e-01,1.409314155578613281e+00,-3.395817279815673828e-01,2.250628471374511719e-01,1.724984526634216309e+00,-1.010584235191345215e+00,7.559312582015991211e-01,1.698486328125000000e+00,-5.959345102310180664e-01,-1.000000000000000000e+00,-1.000000000000000000e+00,-1.000000000000000000e+00,-1.000000000000000000e+00,-1.000000000000000000e+00,-1.000000000000000000e+00,-1.000000000000000000e+00,-1.000000000000000000e+00,-1.000000000000000000e+00,-1.000000000000000000e+00,-1.000000000000000000e+00,-1.000000000000000000e+00,-1.000000000000000000e+00,-1.000000000000000000e+00,-1.000000000000000000e+00,-1.000000000000000000e+00,-1.000000000000000000e+00,-1.000000000000000000e+00,-1.000000000000000000e+00,-1.000000000000000000e+00,-1.000000000000000000e+00,-1.000000000000000000e+00,-1.000000000000000000e+00,-1.000000000000000000e+00,-1.000000000000000000e+00,-1.000000000000000000e+00,-1.000000000000000000e+00,-1.000000000000000000e+00,-1.000000000000000000e+00,-1.000000000000000000e+00,-1.000000000000000000e+00,-1.000000000000000000e+00,-1.000000000000000000e+00,-1.000000000000000000e+00,-1.000000000000000000e+00,-1.000000000000000000e+00,-1.000000000000000000e+00,-1.000000000000000000e+00,-1.000000000000000000e+00,-1.000000000000000000e+00,-1.000000000000000000e+00,-1.000000000000000000e+00,-1.000000000000000000e+00,-1.000000000000000000e+00,-1.000000000000000000e+00,-1.000000000000000000e+00,-1.000000000000000000e+00,-1.000000000000000000e+00,-1.000000000000000000e+00,-1.000000000000000000e+00,-1.000000000000000000e+00,-1.000000000000000000e+00,-1.000000000000000000e+00,-1.000000000000000000e+00,-1.000000000000000000e+00,-1.000000000000000000e+00,-1.000000000000000000e+00,-1.000000000000000000e+00,-1.000000000000000000e+00,-1.000000000000000000e+00,-1.000000000000000000e+00,-1.000000000000000000e+00,-1.000000000000000000e+00,-1.000000000000000000e+00,-1.000000000000000000e+00,-1.000000000000000000e+00,-1.000000000000000000e+00,-1.000000000000000000e+00,-1.000000000000000000e+00,-1.000000000000000000e+00,-1.000000000000000000e+00,-1.000000000000000000e+00,-1.000000000000000000e+00,-1.000000000000000000e+00,-1.000000000000000000e+00,-1.000000000000000000e+00,-1.000000000000000000e+00,-1.000000000000000000e+00,-1.000000000000000000e+00,-1.000000000000000000e+00,-1.000000000000000000e+00,-1.000000000000000000e+00,-1.000000000000000000e+00,-1.000000000000000000e+00,-1.000000000000000000e+00,-1.000000000000000000e+00,-1.000000000000000000e+00,-1.000000000000000000e+00,-1.000000000000000000e+00,-1.000000000000000000e+00,-1.000000000000000000e+00,-1.000000000000000000e+00,-1.000000000000000000e+00,-1.000000000000000000e+00,-1.000000000000000000e+00,-1.000000000000000000e+00,-1.000000000000000000e+00,-1.000000000000000000e+00,-1.000000000000000000e+00,-1.000000000000000000e+00,-1.000000000000000000e+00,-1.000000000000000000e+00,-1.000000000000000000e+00,-1.000000000000000000e+00,-1.000000000000000000e+00,-1.000000000000000000e+00,-1.000000000000000000e+00,-1.000000000000000000e+00,-1.000000000000000000e+00,-1.000000000000000000e+00,-1.000000000000000000e+00,-1.000000000000000000e+00,-1.000000000000000000e+00,-1.000000000000000000e+00,-1.000000000000000000e+00,-1.000000000000000000e+00,-1.000000000000000000e+00,-1.000000000000000000e+00,-1.000000000000000000e+00,-1.000000000000000000e+00,-1.000000000000000000e+00,-1.000000000000000000e+00,-1.000000000000000000e+00,-1.000000000000000000e+00,-1.000000000000000000e+00,-1.000000000000000000e+00
1.740575544713000000e+12,5.119693279266357422e-01,6.034306287765502930e-01,-8.596708178520202637e-01,2.971806526184082031e-01,1.002532839775085449e+00,-2.598464190959930420e-01,6.906653046607971191e-01,9.694280028343200684e-01,-2.213955819606781006e-01,2.383309304714202881e-01,1.465581774711608887e+00,-5.601552724838256836e-01,7.794103622436523438e-01,1.410556077957153320e+00,-2.130620181560516357e-01,2.219521701335906982e-01,1.715021967887878418e+00,-1.148714661598205566e+00,7.802023887634277344e-01,1.741477131843566895e+00,-4.583977162837982178e-01,-1.000000000000000000e+00,-1.000000000000000000e+00,-1.000000000000000000e+00,-1.000000000000000000e+00,-1.000000000000000000e+00,-1.000000000000000000e+00,-1.000000000000000000e+00,-1.000000000000000000e+00,-1.000000000000000000e+00,-1.000000000000000000e+00,-1.000000000000000000e+00,-1.000000000000000000e+00,-1.000000000000000000e+00,-1.000000000000000000e+00,-1.000000000000000000e+00,-1.000000000000000000e+00,-1.000000000000000000e+00,-1.000000000000000000e+00,-1.000000000000000000e+00,-1.000000000000000000e+00,-1.000000000000000000e+00,-1.000000000000000000e+00,-1.000000000000000000e+00,-1.000000000000000000e+00,-1.000000000000000000e+00,-1.000000000000000000e+00,-1.000000000000000000e+00,-1.000000000000000000e+00,-1.000000000000000000e+00,-1.000000000000000000e+00,-1.000000000000000000e+00,-1.000000000000000000e+00,-1.000000000000000000e+00,-1.000000000000000000e+00,-1.000000000000000000e+00,-1.000000000000000000e+00,-1.000000000000000000e+00,-1.000000000000000000e+00,-1.000000000000000000e+00,-1.000000000000000000e+00,-1.000000000000000000e+00,-1.000000000000000000e+00,-1.000000000000000000e+00,-1.000000000000000000e+00,-1.000000000000000000e+00,-1.000000000000000000e+00,-1.000000000000000000e+00,-1.000000000000000000e+00,-1.000000000000000000e+00,-1.000000000000000000e+00,-1.000000000000000000e+00,-1.000000000000000000e+00,-1.000000000000000000e+00,-1.000000000000000000e+00,-1.000000000000000000e+00,-1.000000000000000000e+00,-1.000000000000000000e+00,-1.000000000000000000e+00,-1.000000000000000000e+00,-1.000000000000000000e+00,-1.000000000000000000e+00,-1.000000000000000000e+00,-1.000000000000000000e+00,-1.000000000000000000e+00,-1.000000000000000000e+00,-1.000000000000000000e+00,-1.000000000000000000e+00,-1.000000000000000000e+00,-1.000000000000000000e+00,-1.000000000000000000e+00,-1.000000000000000000e+00,-1.000000000000000000e+00,-1.000000000000000000e+00,-1.000000000000000000e+00,-1.000000000000000000e+00,-1.000000000000000000e+00,-1.000000000000000000e+00,-1.000000000000000000e+00,-1.000000000000000000e+00,-1.000000000000000000e+00,-1.000000000000000000e+00,-1.000000000000000000e+00,-1.000000000000000000e+00,-1.000000000000000000e+00,-1.000000000000000000e+00,-1.000000000000000000e+00,-1.000000000000000000e+00,-1.000000000000000000e+00,-1.000000000000000000e+00,-1.000000000000000000e+00,-1.000000000000000000e+00,-1.000000000000000000e+00,-1.000000000000000000e+00,-1.000000000000000000e+00,-1.000000000000000000e+00,-1.000000000000000000e+00,-1.000000000000000000e+00,-1.000000000000000000e+00,-1.000000000000000000e+00,-1.000000000000000000e+00,-1.000000000000000000e+00,-1.000000000000000000e+00,-1.000000000000000000e+00,-1.000000000000000000e+00,-1.000000000000000000e+00,-1.000000000000000000e+00,-1.000000000000000000e+00,-1.000000000000000000e+00,-1.000000000000000000e+00,-1.000000000000000000e+00,-1.000000000000000000e+00,-1.000000000000000000e+00,-1.000000000000000000e+00,-1.000000000000000000e+00,-1.000000000000000000e+00,-1.000000000000000000e+00,-1.000000000000000000e+00,-1.000000000000000000e+00,-1.000000000000000000e+00,-1.000000000000000000e+00,-1.000000000000000000e+00,-1.000000000000000000e+00,-1.000000000000000000e+00,-1.000000000000000000e+00,-1.000000000000000000e+00,-1.000000000000000000e+00
1.740575544749000000e+12,5.105952024459838867e-01,6.058356165885925293e-01,-7.786850333213806152e-01,2.980946600437164307e-01,1.002465367317199707e+00,-1.480955183506011963e-01,6.902317404747009277e-01,9.688549637794494629e-01,-1.901353746652603149e-01,2.398719787597656250e-01,1.459546804428100586e+00,-3.487304151058197021e-01,7.767217755317687988e-01,1.380472183227539062e+00,-3.646101057529449463e-01,2.280085086822509766e-01,1.661467313766479492e+00,-8.893248438835144043e-01,7.155972719192504883e-01,1.396785020828247070e+00,-8.951462507247924805e-01,-1.000000000000000000e+00,-1.000000000000000000e+00,-1.000000000000000000e+00,-1.000000000000000000e+00,-1.000000000000000000e+00,-1.000000000000000000e+00,-1.000000000000000000e+00,-1.000000000000000000e+00,-1.000000000000000000e+00,-1.000000000000000000e+00,-1.000000000000000000e+00,-1.000000000000000000e+00,-1.000000000000000000e+00,-1.000000000000000000e+00,-1.000000000000000000e+00,-1.000000000000000000e+00,-1.000000000000000000e+00,-1.000000000000000000e+00,-1.000000000000000000e+00,-1.000000000000000000e+00,-1.000000000000000000e+00,-1.000000000000000000e+00,-1.000000000000000000e+00,-1.000000000000000000e+00,-1.000000000000000000e+00,-1.000000000000000000e+00,-1.000000000000000000e+00,-1.000000000000000000e+00,-1.000000000000000000e+00,-1.000000000000000000e+00,-1.000000000000000000e+00,-1.000000000000000000e+00,-1.000000000000000000e+00,-1.000000000000000000e+00,-1.000000000000000000e+00,-1.000000000000000000e+00,-1.000000000000000000e+00,-1.000000000000000000e+00,-1.000000000000000000e+00,-1.000000000000000000e+00,-1.000000000000000000e+00,-1.000000000000000000e+00,-1.000000000000000000e+00,-1.000000000000000000e+00,-1.000000000000000000e+00,-1.000000000000000000e+00,-1.000000000000000000e+00,-1.000000000000000000e+00,-1.000000000000000000e+00,-1.000000000000000000e+00,-1.000000000000000000e+00,-1.000000000000000000e+00,-1.000000000000000000e+00,-1.000000000000000000e+00,-1.000000000000000000e+00,-1.000000000000000000e+00,-1.000000000000000000e+00,-1.000000000000000000e+00,-1.000000000000000000e+00,-1.000000000000000000e+00,-1.000000000000000000e+00,-1.000000000000000000e+00,-1.000000000000000000e+00,-1.000000000000000000e+00,-1.000000000000000000e+00,-1.000000000000000000e+00,-1.000000000000000000e+00,-1.000000000000000000e+00,-1.000000000000000000e+00,-1.000000000000000000e+00,-1.000000000000000000e+00,-1.000000000000000000e+00,-1.000000000000000000e+00,-1.000000000000000000e+00,-1.000000000000000000e+00,-1.000000000000000000e+00,-1.000000000000000000e+00,-1.000000000000000000e+00,-1.000000000000000000e+00,-1.000000000000000000e+00,-1.000000000000000000e+00,-1.000000000000000000e+00,-1.000000000000000000e+00,-1.000000000000000000e+00,-1.000000000000000000e+00,-1.000000000000000000e+00,-1.000000000000000000e+00,-1.000000000000000000e+00,-1.000000000000000000e+00,-1.000000000000000000e+00,-1.000000000000000000e+00,-1.000000000000000000e+00,-1.000000000000000000e+00,-1.000000000000000000e+00,-1.000000000000000000e+00,-1.000000000000000000e+00,-1.000000000000000000e+00,-1.000000000000000000e+00,-1.000000000000000000e+00,-1.000000000000000000e+00,-1.000000000000000000e+00,-1.000000000000000000e+00,-1.000000000000000000e+00,-1.000000000000000000e+00,-1.000000000000000000e+00,-1.000000000000000000e+00,-1.000000000000000000e+00,-1.000000000000000000e+00,-1.000000000000000000e+00,-1.000000000000000000e+00,-1.000000000000000000e+00,-1.000000000000000000e+00,-1.000000000000000000e+00,-1.000000000000000000e+00,-1.000000000000000000e+00,-1.000000000000000000e+00,-1.000000000000000000e+00,-1.000000000000000000e+00,-1.000000000000000000e+00,-1.000000000000000000e+00,-1.000000000000000000e+00,-1.000000000000000000e+00,-1.000000000000000000e+00,-1.000000000000000000e+00,-1.000000000000000000e+00,-1.000000000000000000e+00
1.740575544786000000e+12,5.101609826087951660e-01,6.063125133514404297e-01,-9.046058654785156250e-01,2.984827160835266113e-01,1.001944184303283691e+00,-2.823293805122375488e-01,6.902937889099121094e-01,9.688162803649902344e-01,-2.324954718351364136e-01,2.400462627410888672e-01,1.458488345146179199e+00,-6.032280325889587402e-01,7.777120471000671387e-01,1.387610793113708496e+00,-3.031798303127288818e-01,2.267128527164459229e-01,1.683286190032958984e+00,-1.230901598930358887e+00,7.597912549972534180e-01,1.672492504119873047e+00,-6.101866960525512695e-01,-1.000000000000000000e+00,-1.000000000000000000e+00,-1.000000000000000000e+00,-1.000000000000000000e+00,-1.000000000000000000e+00,-1.000000000000000000e+00,-1.000000000000000000e+00,-1.000000000000000000e+00,-1.000000000000000000e+00,-1.000000000000000000e+00,-1.000000000000000000e+00,-1.000000000000000000e+00,-1.000000000000000000e+00,-1.000000000000000000e+00,-1.000000000000000000e+00,-1.000000000000000000e+00,-1.000000000000000000e+00,-1.000000000000000000e+00,-1.000000000000000000e+00,-1.000000000000000000e+00,-1.000000000000000000e+00,-1.000000000000000000e+00,-1.000000000000000000e+00,-1.000000000000000000e+00,-1.000000000000000000e+00,-1.000000000000000000e+00,-1.000000000000000000e+00,-1.000000000000000000e+00,-1.000000000000000000e+00,-1.000000000000000000e+00,-1.000000000000000000e+00,-1.000000000000000000e+00,-1.000000000000000000e+00,-1.000000000000000000e+00,-1.000000000000000000e+00,-1.000000000000000000e+00,-1.000000000000000000e+00,-1.000000000000000000e+00,-1.000000000000000000e+00,-1.000000000000000000e+00,-1.000000000000000000e+00,-1.000000000000000000e+00,-1.000000000000000000e+00,-1.000000000000000000e+00,-1.000000000000000000e+00,-1.000000000000000000e+00,-1.000000000000000000e+00,-1.000000000000000000e+00,-1.000000000000000000e+00,-1.000000000000000000e+00,-1.000000000000000000e+00,-1.000000000000000000e+00,-1.000000000000000000e+00,-1.000000000000000000e+00,-1.000000000000000000e+00,-1.000000000000000000e+00,-1.000000000000000000e+00,-1.000000000000000000e+00,-1.000000000000000000e+00,-1.000000000000000000e+00,-1.000000000000000000e+00,-1.000000000000000000e+00,-1.000000000000000000e+00,-1.000000000000000000e+00,-1.000000000000000000e+00,-1.000000000000000000e+00,-1.000000000000000000e+00,-1.000000000000000000e+00,-1.000000000000000000e+00,-1.000000000000000000e+00,-1.000000000000000000e+00,-1.000000000000000000e+00,-1.000000000000000000e+00,-1.000000000000000000e+00,-1.000000000000000000e+00,-1.000000000000000000e+00,-1.000000000000000000e+00,-1.000000000000000000e+00,-1.000000000000000000e+00,-1.000000000000000000e+00,-1.000000000000000000e+00,-1.000000000000000000e+00,-1.000000000000000000e+00,-1.000000000000000000e+00,-1.000000000000000000e+00,-1.000000000000000000e+00,-1.000000000000000000e+00,-1.000000000000000000e+00,-1.000000000000000000e+00,-1.000000000000000000e+00,-1.000000000000000000e+00,-1.000000000000000000e+00,-1.000000000000000000e+00,-1.000000000000000000e+00,-1.000000000000000000e+00,-1.000000000000000000e+00,-1.000000000000000000e+00,-1.000000000000000000e+00,-1.000000000000000000e+00,-1.000000000000000000e+00,-1.000000000000000000e+00,-1.000000000000000000e+00,-1.000000000000000000e+00,-1.000000000000000000e+00,-1.000000000000000000e+00,-1.000000000000000000e+00,-1.000000000000000000e+00,-1.000000000000000000e+00,-1.000000000000000000e+00,-1.000000000000000000e+00,-1.000000000000000000e+00,-1.000000000000000000e+00,-1.000000000000000000e+00,-1.000000000000000000e+00,-1.000000000000000000e+00,-1.000000000000000000e+00,-1.000000000000000000e+00,-1.000000000000000000e+00,-1.000000000000000000e+00,-1.000000000000000000e+00,-1.000000000000000000e+00,-1.000000000000000000e+00,-1.000000000000000000e+00,-1.000000000000000000e+00,-1.000000000000000000e+00,-1.000000000000000000e+00
1.740575544821000000e+12,5.101866126060485840e-01,6.057186722755432129e-01,-8.860725164413452148e-01,2.970385551452636719e-01,1.002134442329406738e+00,-2.686632871627807617e-01,6.847132444381713867e-01,9.685422182083129883e-01,-2.037234306335449219e-01,2.404009997844696045e-01,1.462168931961059570e+00,-5.421953797340393066e-01,7.779523134231567383e-01,1.387804627418518066e+00,-2.335390299558639526e-01,2.264530211687088013e-01,1.648247241973876953e+00,-1.129061937332153320e+00,7.647054791450500488e-01,1.675320625305175781e+00,-5.996208190917968750e-01,-1.000000000000000000e+00,-1.000000000000000000e+00,-1.000000000000000000e+00,-1.000000000000000000e+00,-1.000000000000000000e+00,-1.000000000000000000e+00,-1.000000000000000000e+00,-1.000000000000000000e+00,-1.000000000000000000e+00,-1.000000000000000000e+00,-1.000000000000000000e+00,-1.000000000000000000e+00,-1.000000000000000000e+00,-1.000000000000000000e+00,-1.000000000000000000e+00,-1.000000000000000000e+00,-1.000000000000000000e+00,-1.000000000000000000e+00,-1.000000000000000000e+00,-1.000000000000000000e+00,-1.000000000000000000e+00,-1.000000000000000000e+00,-1.000000000000000000e+00,-1.000000000000000000e+00,-1.000000000000000000e+00,-1.000000000000000000e+00,-1.000000000000000000e+00,-1.000000000000000000e+00,-1.000000000000000000e+00,-1.000000000000000000e+00,-1.000000000000000000e+00,-1.000000000000000000e+00,-1.000000000000000000e+00,-1.000000000000000000e+00,-1.000000000000000000e+00,-1.000000000000000000e+00,-1.000000000000000000e+00,-1.000000000000000000e+00,-1.000000000000000000e+00,-1.000000000000000000e+00,-1.000000000000000000e+00,-1.000000000000000000e+00,-1.000000000000000000e+00,-1.000000000000000000e+00,-1.000000000000000000e+00,-1.000000000000000000e+00,-1.000000000000000000e+00,-1.000000000000000000e+00,-1.000000000000000000e+00,-1.000000000000000000e+00,-1.000000000000000000e+00,-1.000000000000000000e+00,-1.000000000000000000e+00,-1.000000000000000000e+00,-1.000000000000000000e+00,-1.000000000000000000e+00,-1.000000000000000000e+00,-1.000000000000000000e+00,-1.000000000000000000e+00,-1.000000000000000000e+00,-1.000000000000000000e+00,-1.000000000000000000e+00,-1.000000000000000000e+00,-1.000000000000000000e+00,-1.000000000000000000e+00,-1.000000000000000000e+00,-1.000000000000000000e+00,-1.000000000000000000e+00,-1.000000000000000000e+00,-1.000000000000000000e+00,-1.000000000000000000e+00,-1.000000000000000000e+00,-1.000000000000000000e+00,-1.000000000000000000e+00,-1.000000000000000000e+00,-1.000000000000000000e+00,-1.000000000000000000e+00,-1.000000000000000000e+00,-1.000000000000000000e+00,-1.000000000000000000e+00,-1.000000000000000000e+00,-1.000000000000000000e+00,-1.000000000000000000e+00,-1.000000000000000000e+00,-1.000000000000000000e+00,-1.000000000000000000e+00,-1.000000000000000000e+00,-1.000000000000000000e+00,-1.000000000000000000e+00,-1.000000000000000000e+00,-1.000000000000000000e+00,-1.000000000000000000e+00,-1.000000000000000000e+00,-1.000000000000000000e+00,-1.000000000000000000e+00,-1.000000000000000000e+00,-1.000000000000000000e+00,-1.000000000000000000e+00,-1.000000000000000000e+00,-1.000000000000000000e+00,-1.000000000000000000e+00,-1.000000000000000000e+00,-1.000000000000000000e+00,-1.000000000000000000e+00,-1.000000000000000000e+00,-1.000000000000000000e+00,-1.000000000000000000e+00,-1.000000000000000000e+00,-1.000000000000000000e+00,-1.000000000000000000e+00,-1.000000000000000000e+00,-1.000000000000000000e+00,-1.000000000000000000e+00,-1.000000000000000000e+00,-1.000000000000000000e+00,-1.000000000000000000e+00,-1.000000000000000000e+00,-1.000000000000000000e+00,-1.000000000000000000e+00,-1.000000000000000000e+00,-1.000000000000000000e+00,-1.000000000000000000e+00,-1.000000000000000000e+00,-1.000000000000000000e+00,-1.000000000000000000e+00,-1.000000000000000000e+00
1.740575544858000000e+12,5.095767378807067871e-01,6.056639552116394043e-01,-8.704873919486999512e-01,3.002398908138275146e-01,1.001227974891662598e+00,-2.147284299135208130e-01,6.841464638710021973e-01,9.690523147583007812e-01,-2.445444315671920776e-01,2.405716478824615479e-01,1.459065079689025879e+00,-3.884507119655609131e-01,7.746179103851318359e-01,1.385174512863159180e+00,-5.349750518798828125e-01,2.264750748872756958e-01,1.615188479423522949e+00,-8.584048151969909668e-01,6.668397188186645508e-01,1.218692779541015625e+00,-1.096448421478271484e+00,-1.000000000000000000e+00,-1.000000000000000000e+00,-1.000000000000000000e+00,-1.000000000000000000e+00,-1.000000000000000000e+00,-1.000000000000000000e+00,-1.000000000000000000e+00,-1.000000000000000000e+00,-1.000000000000000000e+00,-1.000000000000000000e+00,-1.000000000000000000e+00,-1.000000000000000000e+00,-1.000000000000000000e+00,-1.000000000000000000e+00,-1.000000000000000000e+00,-1.000000000000000000e+00,-1.000000000000000000e+00,-1.000000000000000000e+00,-1.000000000000000000e+00,-1.000000000000000000e+00,-1.000000000000000000e+00,-1.000000000000000000e+00,-1.000000000000000000e+00,-1.000000000000000000e+00,-1.000000000000000000e+00,-1.000000000000000000e+00,-1.000000000000000000e+00,-1.000000000000000000e+00,-1.000000000000000000e+00,-1.000000000000000000e+00,-1.000000000000000000e+00,-1.000000000000000000e+00,-1.000000000000000000e+00,-1.000000000000000000e+00,-1.000000000000000000e+00,-1.000000000000000000e+00,-1.000000000000000000e+00,-1.000000000000000000e+00,-1.000000000000000000e+00,-1.000000000000000000e+00,-1.000000000000000000e+00,-1.000000000000000000e+00,-1.000000000000000000e+00,-1.000000000000000000e+00,-1.000000000000000000e+00,-1.000000000000000000e+00,-1.000000000000000000e+00,-1.000000000000000000e+00,-1.000000000000000000e+00,-1.000000000000000000e+00,-1.000000000000000000e+00,-1.000000000000000000e+00,-1.000000000000000000e+00,-1.000000000000000000e+00,-1.000000000000000000e+00,-1.000000000000000000e+00,-1.000000000000000000e+00,-1.000000000000000000e+00,-1.000000000000000000e+00,-1.000000000000000000e+00,-1.000000000000000000e+00,-1.000000000000000000e+00,-1.000000000000000000e+00,-1.000000000000000000e+00,-1.000000000000000000e+00,-1.000000000000000000e+00,-1.000000000000000000e+00,-1.000000000000000000e+00,-1.000000000000000000e+00,-1.000000000000000000e+00,-1.000000000000000000e+00,-1.000000000000000000e+00,-1.000000000000000000e+00,-1.000000000000000000e+00,-1.000000000000000000e+00,-1.000000000000000000e+00,-1.000000000000000000e+00,-1.000000000000000000e+00,-1.000000000000000000e+00,-1.000000000000000000e+00,-1.000000000000000000e+00,-1.000000000000000000e+00,-1.000000000000000000e+00,-1.000000000000000000e+00,-1.000000000000000000e+00,-1.000000000000000000e+00,-1.000000000000000000e+00,-1.000000000000000000e+00,-1.000000000000000000e+00,-1.000000000000000000e+00,-1.000000000000000000e+00,-1.000000000000000000e+00,-1.000000000000000000e+00,-1.000000000000000000e+00,-1.000000000000000000e+00,-1.000000000000000000e+00,-1.000000000000000000e+00,-1.000000000000000000e+00,-1.000000000000000000e+00,-1.000000000000000000e+00,-1.000000000000000000e+00,-1.000000000000000000e+00,-1.000000000000000000e+00,-1.000000000000000000e+00,-1.000000000000000000e+00,-1.000000000000000000e+00,-1.000000000000000000e+00,-1.000000000000000000e+00,-1.000000000000000000e+00,-1.000000000000000000e+00,-1.000000000000000000e+00,-1.000000000000000000e+00,-1.000000000000000000e+00,-1.000000000000000000e+00,-1.000000000000000000e+00,-1.000000000000000000e+00,-1.000000000000000000e+00,-1.000000000000000000e+00,-1.000000000000000000e+00,-1.000000000000000000e+00,-1.000000000000000000e+00,-1.000000000000000000e+00,-1.000000000000000000e+00,-1.000000000000000000e+00,-1.000000000000000000e+00,-1.000000000000000000e+00
1.740575545222000000e+12,5.063076615333557129e-01,6.128687262535095215e-01,-5.875645875930786133e-01,3.363499045372009277e-01,8.058580756187438965e-01,-9.310770779848098755e-02,6.355530619621276855e-01,8.310410976409912109e-01,-1.247393861413002014e-01,2.724052071571350098e-01,9.667626023292541504e-01,-6.735540628433227539e-01,7.115848660469055176e-01,1.055813074111938477e+00,-6.869624853134155273e-01,3.376148641109466553e-01,8.735598325729370117e-01,-1.395628571510314941e+00,6.853389143943786621e-01,8.968098163604736328e-01,-1.310102939605712891e+00,2.815200984477996826e-01,9.408875107765197754e-01,2.367460751884209458e-07,3.521949946880340576e-01,9.284518957138061523e-01,-2.296732179820537567e-02,4.165262877941131592e-01,8.481634259223937988e-01,-2.372807636857032776e-02,4.549766182899475098e-01,7.670134305953979492e-01,-2.348389290273189545e-02,4.917135238647460938e-01,7.234972119331359863e-01,-2.373200654983520508e-02,3.876330256462097168e-01,6.907112598419189453e-01,-4.467208404093980789e-03,4.155513942241668701e-01,5.857292413711547852e-01,-1.350183412432670593e-02,4.336992204189300537e-01,5.270108580589294434e-01,-2.352137118577957153e-02,4.498703777790069580e-01,4.754426777362823486e-01,-3.286216408014297485e-02,3.476072251796722412e-01,6.594601869583129883e-01,-5.937117151916027069e-03,3.660048842430114746e-01,5.335816740989685059e-01,-1.612190902233123779e-02,3.788764774799346924e-01,4.544723927974700928e-01,-3.281523287296295166e-02,3.891097009181976318e-01,3.879897296428680420e-01,-4.637835547327995300e-02,3.072092533111572266e-01,6.569513082504272461e-01,-1.126401498913764954e-02,3.159789144992828369e-01,5.379540324211120605e-01,-2.927834540605545044e-02,3.242903053760528564e-01,4.595029950141906738e-01,-4.874994233250617981e-02,3.326947689056396484e-01,3.932449817657470703e-01,-6.172182410955429077e-02,2.665615081787109375e-01,6.754135489463806152e-01,-1.839510351419448853e-02,2.577149271965026855e-01,5.743141174316406250e-01,-3.858347982168197632e-02,2.551642656326293945e-01,5.057225823402404785e-01,-5.190715566277503967e-02,2.572422027587890625e-01,4.450238645076751709e-01,-6.028556451201438904e-02,-1.000000000000000000e+00,-1.000000000000000000e+00,-1.000000000000000000e+00,-1.000000000000000000e+00,-1.000000000000000000e+00,-1.000000000000000000e+00,-1.000000000000000000e+00,-1.000000000000000000e+00,-1.000000000000000000e+00,-1.000000000000000000e+00,-1.000000000000000000e+00,-1.000000000000000000e+00,-1.000000000000000000e+00,-1.000000000000000000e+00,-1.000000000000000000e+00,-1.000000000000000000e+00,-1.000000000000000000e+00,-1.000000000000000000e+00,-1.000000000000000000e+00,-1.000000000000000000e+00,-1.000000000000000000e+00,-1.000000000000000000e+00,-1.000000000000000000e+00,-1.000000000000000000e+00,-1.000000000000000000e+00,-1.000000000000000000e+00,-1.000000000000000000e+00,-1.000000000000000000e+00,-1.000000000000000000e+00,-1.000000000000000000e+00,-1.000000000000000000e+00,-1.000000000000000000e+00,-1.000000000000000000e+00,-1.000000000000000000e+00,-1.000000000000000000e+00,-1.000000000000000000e+00,-1.000000000000000000e+00,-1.000000000000000000e+00,-1.000000000000000000e+00,-1.000000000000000000e+00,-1.000000000000000000e+00,-1.000000000000000000e+00,-1.000000000000000000e+00,-1.000000000000000000e+00,-1.000000000000000000e+00,-1.000000000000000000e+00,-1.000000000000000000e+00,-1.000000000000000000e+00,-1.000000000000000000e+00,-1.000000000000000000e+00,-1.000000000000000000e+00,-1.000000000000000000e+00,-1.000000000000000000e+00,-1.000000000000000000e+00,-1.000000000000000000e+00,-1.000000000000000000e+00,-1.000000000000000000e+00,-1.000000000000000000e+00,-1.000000000000000000e+00,-1.000000000000000000e+00,-1.000000000000000000e+00,-1.000000000000000000e+00,-1.000000000000000000e+00
1.740575544894000000e+12,5.081574320793151855e-01,6.047686934471130371e-01,-8.754388689994812012e-01,3.000942468643188477e-01,1.001309990882873535e+00,-2.878645360469818115e-01,6.857332587242126465e-01,9.762316346168518066e-01,-2.622388005256652832e-01,2.337888926267623901e-01,1.459004878997802734e+00,-5.415407419204711914e-01,7.715056538581848145e-01,1.428295016288757324e+00,-4.013938903808593750e-01,2.057980746030807495e-01,1.672815442085266113e+00,-1.067434072494506836e+00,7.386407852172851562e-01,1.724148392677307129e+00,-6.639873981475830078e-01,-1.000000000000000000e+00,-1.000000000000000000e+00,-1.000000000000000000e+00,-1.000000000000000000e+00,-1.000000000000000000e+00,-1.000000000000000000e+00,-1.000000000000000000e+00,-1.000000000000000000e+00,-1.000000000000000000e+00,-1.000000000000000000e+00,-1.000000000000000000e+00,-1.000000000000000000e+00,-1.000000000000000000e+00,-1.000000000000000000e+00,-1.000000000000000000e+00,-1.000000000000000000e+00,-1.000000000000000000e+00,-1.000000000000000000e+00,-1.000000000000000000e+00,-1.000000000000000000e+00,-1.000000000000000000e+00,-1.000000000000000000e+00,-1.000000000000000000e+00,-1.000000000000000000e+00,-1.000000000000000000e+00,-1.000000000000000000e+00,-1.000000000000000000e+00,-1.000000000000000000e+00,-1.000000000000000000e+00,-1.000000000000000000e+00,-1.000000000000000000e+00,-1.000000000000000000e+00,-1.000000000000000000e+00,-1.000000000000000000e+00,-1.000000000000000000e+00,-1.000000000000000000e+00,-1.000000000000000000e+00,-1.000000000000000000e+00,-1.000000000000000000e+00,-1.000000000000000000e+00,-1.000000000000000000e+00,-1.000000000000000000e+00,-1.000000000000000000e+00,-1.000000000000000000e+00,-1.000000000000000000e+00,-1.000000000000000000e+00,-1.000000000000000000e+00,-1.000000000000000000e+00,-1.000000000000000000e+00,-1.000000000000000000e+00,-1.000000000000000000e+00,-1.000000000000000000e+00,-1.000000000000000000e+00,-1.000000000000000000e+00,-1.000000000000000000e+00,-1.000000000000000000e+00,-1.000000000000000000e+00,-1.000000000000000000e+00,-1.000000000000000000e+00,-1.000000000000000000e+00,-1.000000000000000000e+00,-1.000000000000000000e+00,-1.000000000000000000e+00,-1.000000000000000000e+00,-1.000000000000000000e+00,-1.000000000000000000e+00,-1.000000000000000000e+00,-1.000000000000000000e+00,-1.000000000000000000e+00,-1.000000000000000000e+00,-1.000000000000000000e+00,-1.000000000000000000e+00,-1.000000000000000000e+00,-1.000000000000000000e+00,-1.000000000000000000e+00,-1.000000000000000000e+00,-1.000000000000000000e+00,-1.000000000000000000e+00,-1.000000000000000000e+00,-1.000000000000000000e+00,-1.000000000000000000e+00,-1.000000000000000000e+00,-1.000000000000000000e+00,-1.000000000000000000e+00,-1.000000000000000000e+00,-1.000000000000000000e+00,-1.000000000000000000e+00,-1.000000000000000000e+00,-1.000000000000000000e+00,-1.000000000000000000e+00,-1.000000000000000000e+00,-1.000000000000000000e+00,-1.000000000000000000e+00,-1.000000000000000000e+00,-1.000000000000000000e+00,-1.000000000000000000e+00,-1.000000000000000000e+00,-1.000000000000000000e+00,-1.000000000000000000e+00,-1.000000000000000000e+00,-1.000000000000000000e+00,-1.000000000000000000e+00,-1.000000000000000000e+00,-1.000000000000000000e+00,-1.000000000000000000e+00,-1.000000000000000000e+00,-1.000000000000000000e+00,-1.000000000000000000e+00,-1.000000000000000000e+00,-1.000000000000000000e+00,-1.000000000000000000e+00,-1.000000000000000000e+00,-1.000000000000000000e+00,-1.000000000000000000e+00,-1.000000000000000000e+00,-1.000000000000000000e+00,-1.000000000000000000e+00,-1.000000000000000000e+00,-1.000000000000000000e+00,-1.000000000000000000e+00,-1.000000000000000000e+00,-1.000000000000000000e+00,-1.000000000000000000e+00,-1.000000000000000000e+00,-1.000000000000000000e+00,-1.000000000000000000e+00
1.740575545257000000e+12,5.058100819587707520e-01,5.989182591438293457e-01,-2.571817934513092041e-01,3.362304270267486572e-01,7.795343995094299316e-01,1.575911790132522583e-01,6.377521753311157227e-01,8.212341070175170898e-01,1.125088185071945190e-01,2.638250887393951416e-01,1.032948017120361328e+00,-2.943110764026641846e-01,7.474906444549560547e-01,1.133728623390197754e+00,-4.425296187400817871e-01,3.226412534713745117e-01,8.569501042366027832e-01,-8.848544359207153320e-01,6.893097162246704102e-01,8.619474768638610840e-01,-1.039140343666076660e+00,3.104262053966522217e-01,8.965150117874145508e-01,5.087302383799396921e-07,3.766591250896453857e-01,8.635915517807006836e-01,-1.527907699346542358e-02,4.330061376094818115e-01,7.741627097129821777e-01,-1.668466068804264069e-02,4.763166606426239014e-01,7.084199190139770508e-01,-1.988405734300613403e-02,5.134797096252441406e-01,6.850946545600891113e-01,-2.242771536111831665e-02,4.022217988967895508e-01,6.121842265129089355e-01,1.428969670087099075e-02,4.274163842201232910e-01,5.305372476577758789e-01,8.430556394159793854e-03,4.438820481300354004e-01,4.749734401702880859e-01,-6.971387774683535099e-04,4.572072625160217285e-01,4.343170523643493652e-01,-7.904533296823501587e-03,3.636558055877685547e-01,5.846366882324218750e-01,1.089038699865341187e-02,3.769455254077911377e-01,4.705782234668731689e-01,7.718119770288467407e-03,3.860692977905273438e-01,4.006138145923614502e-01,1.854504625953268260e-05,3.950574994087219238e-01,3.437374830245971680e-01,-5.305137950927019119e-03,3.256410062313079834e-01,5.842863917350769043e-01,2.731981221586465836e-03,3.292025327682495117e-01,4.745009243488311768e-01,-5.636713467538356781e-03,3.332435488700866699e-01,4.069170951843261719e-01,-1.405367720872163773e-02,3.391457498073577881e-01,3.503610193729400635e-01,-1.944137178361415863e-02,2.869899570941925049e-01,6.082595586776733398e-01,-8.017236366868019104e-03,2.742270827293395996e-01,5.232623219490051270e-01,-1.921893842518329620e-02,2.672222256660461426e-01,4.636356532573699951e-01,-2.441401220858097076e-02,2.656083106994628906e-01,4.062570035457611084e-01,-2.664932049810886383e-02,7.085201740264892578e-01,9.020855426788330078e-01,8.311503307822931674e-08,6.471038460731506348e-01,8.777108788490295410e-01,-2.163160592317581177e-02,5.911734104156494141e-01,7.985855937004089355e-01,-3.206507116556167603e-02,5.525383353233337402e-01,7.270384430885314941e-01,-4.237850382924079895e-02,5.225366353988647461e-01,6.849295496940612793e-01,-5.201782658696174622e-02,6.214591264724731445e-01,6.390683054924011230e-01,-6.889601238071918488e-03,5.962574481964111328e-01,5.389851331710815430e-01,-2.053894102573394775e-02,5.818935632705688477e-01,4.792847931385040283e-01,-3.444970771670341492e-02,5.697168707847595215e-01,4.322198331356048584e-01,-4.469682276248931885e-02,6.558948755264282227e-01,6.122683286666870117e-01,-8.014214225113391876e-03,6.395731568336486816e-01,4.938597083091735840e-01,-1.629298180341720581e-02,6.311510801315307617e-01,4.206945598125457764e-01,-2.512235939502716064e-02,6.244403123855590820e-01,3.680250644683837891e-01,-3.245949000120162964e-02,6.915711760520935059e-01,6.123831272125244141e-01,-1.386707369238138199e-02,6.826338768005371094e-01,5.002779960632324219e-01,-2.323372848331928253e-02,6.763494014739990234e-01,4.334642589092254639e-01,-3.328524157404899597e-02,6.698704361915588379e-01,3.827069103717803955e-01,-4.052692279219627380e-02,7.288964390754699707e-01,6.308975815773010254e-01,-2.267255820333957672e-02,7.323653697967529297e-01,5.418697595596313477e-01,-3.071192651987075806e-02,7.320319414138793945e-01,4.874812960624694824e-01,-3.667301312088966370e-02,7.300143837928771973e-01,4.411822855472564697e-01,-4.112112894654273987e-02
1.740575544931000000e+12,5.080306529998779297e-01,6.044419407844543457e-01,-7.876253724098205566e-01,3.010135591030120850e-01,1.000256419181823730e+00,-1.566770970821380615e-01,6.827729344367980957e-01,9.749203324317932129e-01,-2.253893613815307617e-01,2.378133982419967651e-01,1.443966507911682129e+00,-3.812090754508972168e-01,7.747361660003662109e-01,1.402716636657714844e+00,-3.994125723838806152e-01,2.257198393344879150e-01,1.546250224113464355e+00,-9.377912282943725586e-01,7.151495218276977539e-01,1.391313314437866211e+00,-8.594623804092407227e-01,-1.000000000000000000e+00,-1.000000000000000000e+00,-1.000000000000000000e+00,-1.000000000000000000e+00,-1.000000000000000000e+00,-1.000000000000000000e+00,-1.000000000000000000e+00,-1.000000000000000000e+00,-1.000000000000000000e+00,-1.000000000000000000e+00,-1.000000000000000000e+00,-1.000000000000000000e+00,-1.000000000000000000e+00,-1.000000000000000000e+00,-1.000000000000000000e+00,-1.000000000000000000e+00,-1.000000000000000000e+00,-1.000000000000000000e+00,-1.000000000000000000e+00,-1.000000000000000000e+00,-1.000000000000000000e+00,-1.000000000000000000e+00,-1.000000000000000000e+00,-1.000000000000000000e+00,-1.000000000000000000e+00,-1.000000000000000000e+00,-1.000000000000000000e+00,-1.000000000000000000e+00,-1.000000000000000000e+00,-1.000000000000000000e+00,-1.000000000000000000e+00,-1.000000000000000000e+00,-1.000000000000000000e+00,-1.000000000000000000e+00,-1.000000000000000000e+00,-1.000000000000000000e+00,-1.000000000000000000e+00,-1.000000000000000000e+00,-1.000000000000000000e+00,-1.000000000000000000e+00,-1.000000000000000000e+00,-1.000000000000000000e+00,-1.000000000000000000e+00,-1.000000000000000000e+00,-1.000000000000000000e+00,-1.000000000000000000e+00,-1.000000000000000000e+00,-1.000000000000000000e+00,-1.000000000000000000e+00,-1.000000000000000000e+00,-1.000000000000000000e+00,-1.000000000000000000e+00,-1.000000000000000000e+00,-1.000000000000000000e+00,-1.000000000000000000e+00,-1.000000000000000000e+00,-1.000000000000000000e+00,-1.000000000000000000e+00,-1.000000000000000000e+00,-1.000000000000000000e+00,-1.000000000000000000e+00,-1.000000000000000000e+00,-1.000000000000000000e+00,-1.000000000000000000e+00,-1.000000000000000000e+00,-1.000000000000000000e+00,-1.000000000000000000e+00,-1.000000000000000000e+00,-1.000000000000000000e+00,-1.000000000000000000e+00,-1.000000000000000000e+00,-1.000000000000000000e+00,-1.000000000000000000e+00,-1.000000000000000000e+00,-1.000000000000000000e+00,-1.000000000000000000e+00,-1.000000000000000000e+00,-1.000000000000000000e+00,-1.000000000000000000e+00,-1.000000000000000000e+00,-1.000000000000000000e+00,-1.000000000000000000e+00,-1.000000000000000000e+00,-1.000000000000000000e+00,-1.000000000000000000e+00,-1.000000000000000000e+00,-1.000000000000000000e+00,-1.000000000000000000e+00,-1.000000000000000000e+00,-1.000000000000000000e+00,-1.000000000000000000e+00,-1.000000000000000000e+00,-1.000000000000000000e+00,-1.000000000000000000e+00,-1.000000000000000000e+00,-1.000000000000000000e+00,-1.000000000000000000e+00,-1.000000000000000000e+00,-1.000000000000000000e+00,-1.000000000000000000e+00,-1.000000000000000000e+00,-1.000000000000000000e+00,-1.000000000000000000e+00,-1.000000000000000000e+00,-1.000000000000000000e+00,-1.000000000000000000e+00,-1.000000000000000000e+00,-1.000000000000000000e+00,-1.000000000000000000e+00,-1.000000000000000000e+00,-1.000000000000000000e+00,-1.000000000000000000e+00,-1.000000000000000000e+00,-1.000000000000000000e+00,-1.000000000000000000e+00,-1.000000000000000000e+00,-1.000000000000000000e+00,-1.000000000000000000e+00,-1.000000000000000000e+00,-1.000000000000000000e+00,-1.000000000000000000e+00,-1.000000000000000000e+00,-1.000000000000000000e+00,-1.000000000000000000e+00,-1.000000000000000000e+00,-1.000000000000000000e+00
1.740575545293000000e+12,5.156466960906982422e-01,5.873309969902038574e-01,-4.576168656349182129e-01,3.368593156337738037e-01,7.708804607391357422e-01,2.926643751561641693e-02,6.710423827171325684e-01,7.986397743225097656e-01,-1.032130569219589233e-01,2.451139241456985474e-01,1.085226655006408691e+00,-5.026626586914062500e-01,8.049208521842956543e-01,1.163687109947204590e+00,-5.958756208419799805e-01,3.201815783977508545e-01,8.238557577133178711e-01,-1.089599967002868652e+00,6.970373392105102539e-01,8.333470821380615234e-01,-1.143511056900024414e+00,3.126080930233001709e-01,8.419398665428161621e-01,4.544785383586713579e-07,3.795771002769470215e-01,8.131364583969116211e-01,-1.362248323857784271e-02,4.373266994953155518e-01,7.286428809165954590e-01,-1.549831125885248184e-02,4.798716008663177490e-01,6.684051752090454102e-01,-1.898197084665298462e-02,5.174665451049804688e-01,6.561006307601928711e-01,-2.216110192239284515e-02,4.077091813087463379e-01,5.746593475341796875e-01,1.175873819738626480e-02,4.358879327774047852e-01,4.930121898651123047e-01,6.374974735081195831e-03,4.515519738197326660e-01,4.408741295337677002e-01,-2.457385882735252380e-03,4.631694257259368896e-01,4.010570943355560303e-01,-9.548839181661605835e-03,3.695488572120666504e-01,5.465575456619262695e-01,8.489117026329040527e-03,3.865567743778228760e-01,4.326251447200775146e-01,5.282165016978979111e-03,3.956818878650665283e-01,3.694714903831481934e-01,-2.136488212272524834e-03,4.032168984413146973e-01,3.217762708663940430e-01,-7.362714968621730804e-03,3.323733508586883545e-01,5.422233343124389648e-01,1.244548009708523750e-03,3.388552069664001465e-01,4.326770007610321045e-01,-4.872372373938560486e-03,3.431477248668670654e-01,3.676101267337799072e-01,-1.240632403641939163e-02,3.484430313110351562e-01,3.178480267524719238e-01,-1.765673793852329254e-02,2.937058508396148682e-01,5.592841506004333496e-01,-8.348569273948669434e-03,2.835649549961090088e-01,4.758499562740325928e-01,-1.503182388842105865e-02,2.778749763965606689e-01,4.193480908870697021e-01,-1.775871589779853821e-02,2.766051590442657471e-01,3.674138784408569336e-01,-1.901309005916118622e-02,7.106430530548095703e-01,8.563985228538513184e-01,3.109622923602728406e-07,6.461656093597412109e-01,8.353052139282226562e-01,-1.487070228904485703e-02,5.904951095581054688e-01,7.579404115676879883e-01,-1.687899418175220490e-02,5.559501051902770996e-01,6.836595535278320312e-01,-1.912672817707061768e-02,5.258154273033142090e-01,6.498843431472778320e-01,-2.039801701903343201e-02,6.179994940757751465e-01,5.984754562377929688e-01,9.754997678101062775e-03,5.930789709091186523e-01,5.022475123405456543e-01,4.277084022760391235e-03,5.797541737556457520e-01,4.471580386161804199e-01,-5.164239555597305298e-03,5.689277648925781250e-01,4.007773995399475098e-01,-1.296809036284685135e-02,6.527128815650939941e-01,5.718707442283630371e-01,7.139806170016527176e-03,6.378908753395080566e-01,4.573963880538940430e-01,5.603976547718048096e-03,6.284205913543701172e-01,3.899846076965332031e-01,-1.562617137096822262e-03,6.215888857841491699e-01,3.403716981410980225e-01,-7.959484122693538666e-03,6.875635385513305664e-01,5.670947432518005371e-01,1.402813213644549251e-04,6.801957488059997559e-01,4.579936563968658447e-01,-4.068312700837850571e-03,6.743159890174865723e-01,3.985961675643920898e-01,-1.007409486919641495e-02,6.684002280235290527e-01,3.531022667884826660e-01,-1.536250393837690353e-02,7.235248088836669922e-01,5.782856345176696777e-01,-9.449323639273643494e-03,7.278392314910888672e-01,4.923826158046722412e-01,-1.360107399523258209e-02,7.282969355583190918e-01,4.408954083919525146e-01,-1.514352299273014069e-02,7.279598116874694824e-01,3.970284759998321533e-01,-1.669277809560298920e-02
1.740575545330000000e+12,5.175526738166809082e-01,5.880476832389831543e-01,-5.090304017066955566e-01,3.413731157779693604e-01,7.895879149436950684e-01,2.493338659405708313e-02,6.864113211631774902e-01,8.149507045745849609e-01,-1.397486180067062378e-01,2.088161408901214600e-01,1.069331884384155273e+00,-5.638689398765563965e-01,8.228064775466918945e-01,1.174148201942443848e+00,-6.895418763160705566e-01,3.163550794124603271e-01,7.914303541183471680e-01,-1.141297817230224609e+00,7.003023624420166016e-01,7.971411943435668945e-01,-1.249419569969177246e+00,3.121753931045532227e-01,7.939321398735046387e-01,4.193069003122218419e-07,3.799780011177062988e-01,7.694311738014221191e-01,-1.381258014589548111e-02,4.400338530540466309e-01,6.873167157173156738e-01,-1.475242432206869125e-02,4.843631982803344727e-01,6.322465538978576660e-01,-1.720403134822845459e-02,5.218104124069213867e-01,6.263552904129028320e-01,-1.930429227650165558e-02,4.103009700775146484e-01,5.307442545890808105e-01,1.398521196097135544e-02,4.349275827407836914e-01,4.514858424663543701e-01,1.148294936865568161e-02,4.484865367412567139e-01,4.035727679729461670e-01,4.130498040467500687e-03,4.584043323993682861e-01,3.676775991916656494e-01,-2.523133065551519394e-03,3.715093433856964111e-01,5.030883550643920898e-01,1.124537549912929535e-02,3.857569098472595215e-01,3.954443633556365967e-01,1.116655580699443817e-02,3.928341269493103027e-01,3.363751173019409180e-01,4.740013275295495987e-03,3.990289568901062012e-01,2.914162278175354004e-01,-4.612653283402323723e-04,3.348857164382934570e-01,4.991118907928466797e-01,4.362570121884346008e-03,3.408098220825195312e-01,3.948450684547424316e-01,3.560481709428131580e-04,3.454901576042175293e-01,3.337415456771850586e-01,-7.469923235476016998e-03,3.513137996196746826e-01,2.859073877334594727e-01,-1.347859110683202744e-02,2.965146303176879883e-01,5.166010260581970215e-01,-5.006414372473955154e-03,2.850879728794097900e-01,4.360140860080718994e-01,-1.083716657012701035e-02,2.785852551460266113e-01,3.822190761566162109e-01,-1.428077463060617447e-02,2.769863307476043701e-01,3.322654366493225098e-01,-1.638118363916873932e-02,7.137628197669982910e-01,8.186010122299194336e-01,2.698640457765577594e-07,6.480307579040527344e-01,7.991954088211059570e-01,-1.358971372246742249e-02,5.910482406616210938e-01,7.237189412117004395e-01,-1.370163541287183762e-02,5.544153451919555664e-01,6.548962593078613281e-01,-1.384755410254001617e-02,5.244180560111999512e-01,6.289398670196533203e-01,-1.293929852545261383e-02,6.205994486808776855e-01,5.662885308265686035e-01,1.142247859388589859e-02,5.946390032768249512e-01,4.744555056095123291e-01,7.793368306010961533e-03,5.807421207427978516e-01,4.227414131164550781e-01,3.019467403646558523e-04,5.694527029991149902e-01,3.801651597023010254e-01,-5.920214112848043442e-03,6.550987958908081055e-01,5.391886830329895020e-01,9.468848817050457001e-03,6.383602023124694824e-01,4.298499524593353271e-01,1.018192246556282043e-02,6.276871562004089355e-01,3.672669231891632080e-01,5.334008485078811646e-03,6.203892827033996582e-01,3.205947577953338623e-01,7.010188419371843338e-04,6.899070143699645996e-01,5.341277122497558594e-01,3.260987112298607826e-03,6.800683736801147461e-01,4.308305084705352783e-01,6.139807519502937794e-04,6.722566485404968262e-01,3.751035928726196289e-01,-3.799828235059976578e-03,6.653006672859191895e-01,3.320508599281311035e-01,-7.860952988266944885e-03,7.255692481994628906e-01,5.446432232856750488e-01,-5.409111268818378448e-03,7.285171151161193848e-01,4.626352488994598389e-01,-8.752869442105293274e-03,7.283276915550231934e-01,4.130894541740417480e-01,-9.696717374026775360e-03,7.279140353202819824e-01,3.702887296676635742e-01,-1.060194708406925201e-02
1.740575544968000000e+12,5.066323280334472656e-01,6.025762557983398438e-01,-8.926631808280944824e-01,3.022820055484771729e-01,1.000287175178527832e+00,-2.066902220249176025e-01,6.837570667266845703e-01,9.743073582649230957e-01,-2.294560223817825317e-01,2.379162311553955078e-01,1.451743960380554199e+00,-4.151778221130371094e-01,7.746166586875915527e-01,1.387546181678771973e+00,-4.586119651794433594e-01,2.256684750318527222e-01,1.647567749023437500e+00,-9.740386009216308594e-01,7.124648690223693848e-01,1.392726778984069824e+00,-1.013008356094360352e+00,-1.000000000000000000e+00,-1.000000000000000000e+00,-1.000000000000000000e+00,-1.000000000000000000e+00,-1.000000000000000000e+00,-1.000000000000000000e+00,-1.000000000000000000e+00,-1.000000000000000000e+00,-1.000000000000000000e+00,-1.000000000000000000e+00,-1.000000000000000000e+00,-1.000000000000000000e+00,-1.000000000000000000e+00,-1.000000000000000000e+00,-1.000000000000000000e+00,-1.000000000000000000e+00,-1.000000000000000000e+00,-1.000000000000000000e+00,-1.000000000000000000e+00,-1.000000000000000000e+00,-1.000000000000000000e+00,-1.000000000000000000e+00,-1.000000000000000000e+00,-1.000000000000000000e+00,-1.000000000000000000e+00,-1.000000000000000000e+00,-1.000000000000000000e+00,-1.000000000000000000e+00,-1.000000000000000000e+00,-1.000000000000000000e+00,-1.000000000000000000e+00,-1.000000000000000000e+00,-1.000000000000000000e+00,-1.000000000000000000e+00,-1.000000000000000000e+00,-1.000000000000000000e+00,-1.000000000000000000e+00,-1.000000000000000000e+00,-1.000000000000000000e+00,-1.000000000000000000e+00,-1.000000000000000000e+00,-1.000000000000000000e+00,-1.000000000000000000e+00,-1.000000000000000000e+00,-1.000000000000000000e+00,-1.000000000000000000e+00,-1.000000000000000000e+00,-1.000000000000000000e+00,-1.000000000000000000e+00,-1.000000000000000000e+00,-1.000000000000000000e+00,-1.000000000000000000e+00,-1.000000000000000000e+00,-1.000000000000000000e+00,-1.000000000000000000e+00,-1.000000000000000000e+00,-1.000000000000000000e+00,-1.000000000000000000e+00,-1.000000000000000000e+00,-1.000000000000000000e+00,-1.000000000000000000e+00,-1.000000000000000000e+00,-1.000000000000000000e+00,-1.000000000000000000e+00,-1.000000000000000000e+00,-1.000000000000000000e+00,-1.000000000000000000e+00,-1.000000000000000000e+00,-1.000000000000000000e+00,-1.000000000000000000e+00,-1.000000000000000000e+00,-1.000000000000000000e+00,-1.000000000000000000e+00,-1.000000000000000000e+00,-1.000000000000000000e+00,-1.000000000000000000e+00,-1.000000000000000000e+00,-1.000000000000000000e+00,-1.000000000000000000e+00,-1.000000000000000000e+00,-1.000000000000000000e+00,-1.000000000000000000e+00,-1.000000000000000000e+00,-1.000000000000000000e+00,-1.000000000000000000e+00,-1.000000000000000000e+00,-1.000000000000000000e+00,-1.000000000000000000e+00,-1.000000000000000000e+00,-1.000000000000000000e+00,-1.000000000000000000e+00,-1.000000000000000000e+00,-1.000000000000000000e+00,-1.000000000000000000e+00,-1.000000000000000000e+00,-1.000000000000000000e+00,-1.000000000000000000e+00,-1.000000000000000000e+00,-1.000000000000000000e+00,-1.000000000000000000e+00,-1.000000000000000000e+00,-1.000000000000000000e+00,-1.000000000000000000e+00,-1.000000000000000000e+00,-1.000000000000000000e+00,-1.000000000000000000e+00,-1.000000000000000000e+00,-1.000000000000000000e+00,-1.000000000000000000e+00,-1.000000000000000000e+00,-1.000000000000000000e+00,-1.000000000000000000e+00,-1.000000000000000000e+00,-1.000000000000000000e+00,-1.000000000000000000e+00,-1.000000000000000000e+00,-1.000000000000000000e+00,-1.000000000000000000e+00,-1.000000000000000000e+00,-1.000000000000000000e+00,-1.000000000000000000e+00,-1.000000000000000000e+00,-1.000000000000000000e+00,-1.000000000000000000e+00,-1.000000000000000000e+00,-1.000000000000000000e+00
1.740575545367000000e+12,5.194332003593444824e-01,5.964932441711425781e-01,-4.185245633125305176e-01,3.434786796569824219e-01,8.129092454910278320e-01,-1.466586138121783733e-03,6.859236359596252441e-01,8.440836668014526367e-01,-4.941654950380325317e-02,1.967495977878570557e-01,1.043195486068725586e+00,-5.359808206558227539e-01,8.234672546386718750e-01,1.144536733627319336e+00,-5.933520197868347168e-01,3.151383996009826660e-01,7.662773728370666504e-01,-1.091272115707397461e+00,7.064383029937744141e-01,7.649008035659790039e-01,-1.127728939056396484e+00,3.092760741710662842e-01,7.498254776000976562e-01,3.909248391664732480e-07,3.789802789688110352e-01,7.323653101921081543e-01,-1.585878431797027588e-02,4.372963309288024902e-01,6.553999781608581543e-01,-1.749455928802490234e-02,4.785883128643035889e-01,5.994333624839782715e-01,-1.988514885306358337e-02,5.133575797080993652e-01,5.895483493804931641e-01,-2.204651944339275360e-02,4.090481698513031006e-01,5.036079883575439453e-01,6.872003898024559021e-03,4.337174296379089355e-01,4.251292347908020020e-01,2.537189982831478119e-03,4.463219046592712402e-01,3.765314221382141113e-01,-4.895049147307872772e-03,4.544797241687774658e-01,3.386885523796081543e-01,-1.125432457774877548e-02,3.703283369541168213e-01,4.736287891864776611e-01,5.381340160965919495e-03,3.839919567108154297e-01,3.671341240406036377e-01,3.353048581629991531e-03,3.896989524364471436e-01,3.084602057933807373e-01,-2.607036614790558815e-03,3.923555314540863037e-01,2.637150287628173828e-01,-7.060628384351730347e-03,3.333862423896789551e-01,4.685368835926055908e-01,1.466975299990735948e-05,3.352761566638946533e-01,3.656423389911651611e-01,-5.606605671346187592e-03,3.370214700698852539e-01,3.096336424350738525e-01,-1.232055015861988068e-02,3.390739858150482178e-01,2.646028995513916016e-01,-1.693529449403285980e-02,2.947195172309875488e-01,4.852288961410522461e-01,-7.822349667549133301e-03,2.827370166778564453e-01,4.058443009853363037e-01,-1.504891272634267807e-02,2.768374085426330566e-01,3.532685935497283936e-01,-1.847166568040847778e-02,2.744349539279937744e-01,3.055082559585571289e-01,-2.009964175522327423e-02,7.170143127441406250e-01,7.884620428085327148e-01,2.277984378906694474e-07,6.534256935119628906e-01,7.735147476196289062e-01,-1.459893025457859039e-02,5.979456305503845215e-01,7.021592259407043457e-01,-1.512671448290348053e-02,5.622062087059020996e-01,6.382596492767333984e-01,-1.543990429490804672e-02,5.322843194007873535e-01,6.161517500877380371e-01,-1.475853193551301956e-02,6.260654330253601074e-01,5.426970720291137695e-01,9.058609604835510254e-03,5.998898744583129883e-01,4.531514644622802734e-01,4.529022611677646637e-03,5.847510099411010742e-01,4.044505953788757324e-01,-2.800194779410958290e-03,5.720565319061279297e-01,3.662491738796234131e-01,-8.433506824076175690e-03,6.606801152229309082e-01,5.156592130661010742e-01,7.623726502060890198e-03,6.439524888992309570e-01,4.091322422027587891e-01,8.887204341590404510e-03,6.330236792564392090e-01,3.500051200389862061e-01,6.049384828656911850e-03,6.247274875640869141e-01,3.086915910243988037e-01,3.160855034366250038e-03,6.950792670249938965e-01,5.108667612075805664e-01,1.756999758072197437e-03,6.857981681823730469e-01,4.090653955936431885e-01,-6.372016505338251591e-04,6.780220270156860352e-01,3.566107749938964844e-01,-2.253063954412937164e-03,6.708203554153442383e-01,3.169167339801788330e-01,-3.962834365665912628e-03,7.296747565269470215e-01,5.214955806732177734e-01,-6.770431995391845703e-03,7.316088676452636719e-01,4.434117972850799561e-01,-1.049978658556938171e-02,7.314242124557495117e-01,3.970990777015686035e-01,-1.011488307267427444e-02,7.312921285629272461e-01,3.575634956359863281e-01,-9.459361433982849121e-03
1.740575545004000000e+12,5.060697793960571289e-01,6.025970578193664551e-01,-9.243891835212707520e-01,3.001949787139892578e-01,1.000766277313232422e+00,-2.739455103874206543e-01,6.827171444892883301e-01,9.742060899734497070e-01,-2.328110188245773315e-01,2.390221357345581055e-01,1.468273758888244629e+00,-5.667558908462524414e-01,7.746781110763549805e-01,1.391890764236450195e+00,-2.720180749893188477e-01,2.267430126667022705e-01,1.678997278213500977e+00,-1.188042402267456055e+00,7.511741518974304199e-01,1.651657819747924805e+00,-5.892633199691772461e-01,-1.000000000000000000e+00,-1.000000000000000000e+00,-1.000000000000000000e+00,-1.000000000000000000e+00,-1.000000000000000000e+00,-1.000000000000000000e+00,-1.000000000000000000e+00,-1.000000000000000000e+00,-1.000000000000000000e+00,-1.000000000000000000e+00,-1.000000000000000000e+00,-1.000000000000000000e+00,-1.000000000000000000e+00,-1.000000000000000000e+00,-1.000000000000000000e+00,-1.000000000000000000e+00,-1.000000000000000000e+00,-1.000000000000000000e+00,-1.000000000000000000e+00,-1.000000000000000000e+00,-1.000000000000000000e+00,-1.000000000000000000e+00,-1.000000000000000000e+00,-1.000000000000000000e+00,-1.000000000000000000e+00,-1.000000000000000000e+00,-1.000000000000000000e+00,-1.000000000000000000e+00,-1.000000000000000000e+00,-1.000000000000000000e+00,-1.000000000000000000e+00,-1.000000000000000000e+00,-1.000000000000000000e+00,-1.000000000000000000e+00,-1.000000000000000000e+00,-1.000000000000000000e+00,-1.000000000000000000e+00,-1.000000000000000000e+00,-1.000000000000000000e+00,-1.000000000000000000e+00,-1.000000000000000000e+00,-1.000000000000000000e+00,-1.000000000000000000e+00,-1.000000000000000000e+00,-1.000000000000000000e+00,-1.000000000000000000e+00,-1.000000000000000000e+00,-1.000000000000000000e+00,-1.000000000000000000e+00,-1.000000000000000000e+00,-1.000000000000000000e+00,-1.000000000000000000e+00,-1.000000000000000000e+00,-1.000000000000000000e+00,-1.000000000000000000e+00,-1.000000000000000000e+00,-1.000000000000000000e+00,-1.000000000000000000e+00,-1.000000000000000000e+00,-1.000000000000000000e+00,-1.000000000000000000e+00,-1.000000000000000000e+00,-1.000000000000000000e+00,-1.000000000000000000e+00,-1.000000000000000000e+00,-1.000000000000000000e+00,-1.000000000000000000e+00,-1.000000000000000000e+00,-1.000000000000000000e+00,-1.000000000000000000e+00,-1.000000000000000000e+00,-1.000000000000000000e+00,-1.000000000000000000e+00,-1.000000000000000000e+00,-1.000000000000000000e+00,-1.000000000000000000e+00,-1.000000000000000000e+00,-1.000000000000000000e+00,-1.000000000000000000e+00,-1.000000000000000000e+00,-1.000000000000000000e+00,-1.000000000000000000e+00,-1.000000000000000000e+00,-1.000000000000000000e+00,-1.000000000000000000e+00,-1.000000000000000000e+00,-1.000000000000000000e+00,-1.000000000000000000e+00,-1.000000000000000000e+00,-1.000000000000000000e+00,-1.000000000000000000e+00,-1.000000000000000000e+00,-1.000000000000000000e+00,-1.000000000000000000e+00,-1.000000000000000000e+00,-1.000000000000000000e+00,-1.000000000000000000e+00,-1.000000000000000000e+00,-1.000000000000000000e+00,-1.000000000000000000e+00,-1.000000000000000000e+00,-1.000000000000000000e+00,-1.000000000000000000e+00,-1.000000000000000000e+00,-1.000000000000000000e+00,-1.000000000000000000e+00,-1.000000000000000000e+00,-1.000000000000000000e+00,-1.000000000000000000e+00,-1.000000000000000000e+00,-1.000000000000000000e+00,-1.000000000000000000e+00,-1.000000000000000000e+00,-1.000000000000000000e+00,-1.000000000000000000e+00,-1.000000000000000000e+00,-1.000000000000000000e+00,-1.000000000000000000e+00,-1.000000000000000000e+00,-1.000000000000000000e+00,-1.000000000000000000e+00,-1.000000000000000000e+00,-1.000000000000000000e+00,-1.000000000000000000e+00,-1.000000000000000000e+00,-1.000000000000000000e+00
1.740575545403000000e+12,5.197730660438537598e-01,6.093609929084777832e-01,-4.361114501953125000e-01,3.427638411521911621e-01,8.380056023597717285e-01,1.171769760549068451e-02,6.851736307144165039e-01,8.611088991165161133e-01,-8.019286906346678734e-04,1.700394153594970703e-01,1.047629594802856445e+00,-5.278586745262145996e-01,8.362986445426940918e-01,1.146697878837585449e+00,-5.700786709785461426e-01,3.118499219417572021e-01,7.405709028244018555e-01,-1.014361739158630371e+00,7.105711698532104492e-01,7.576542496681213379e-01,-1.134181737899780273e+00,3.094839155673980713e-01,7.206421494483947754e-01,4.125913335428776918e-07,3.773013949394226074e-01,7.032932639122009277e-01,-1.850168965756893158e-02,4.350277185440063477e-01,6.322972774505615234e-01,-2.239914610981941223e-02,4.783176779747009277e-01,5.821043848991394043e-01,-2.699384279549121857e-02,5.129478573799133301e-01,5.758996009826660156e-01,-3.125635534524917603e-02,4.031820595264434814e-01,4.803203046321868896e-01,3.207289380952715874e-03,4.269312024116516113e-01,4.025664329528808594e-01,-1.993637764826416969e-03,4.399153590202331543e-01,3.520864844322204590e-01,-8.669155649840831757e-03,4.484077095985412598e-01,3.139300048351287842e-01,-1.406922098249197006e-02,3.646762073040008545e-01,4.514386951923370361e-01,2.729240572080016136e-03,3.769112527370452881e-01,3.483967185020446777e-01,3.911853709723800421e-04,3.828582465648651123e-01,2.918495535850524902e-01,-3.300741780549287796e-03,3.865175843238830566e-01,2.470487952232360840e-01,-5.548273678869009018e-03,3.288640677928924561e-01,4.466572403907775879e-01,-1.949990168213844299e-03,3.277254700660705566e-01,3.466002941131591797e-01,-8.350956253707408905e-03,3.285120129585266113e-01,2.904992103576660156e-01,-1.340253651142120361e-02,3.295573592185974121e-01,2.460303604602813721e-01,-1.627122052013874054e-02,2.918035984039306641e-01,4.633930921554565430e-01,-9.449950419366359711e-03,2.767269611358642578e-01,3.866992890834808350e-01,-1.795529201626777649e-02,2.687519192695617676e-01,3.347333073616027832e-01,-2.134074456989765167e-02,2.639897465705871582e-01,2.889284789562225342e-01,-2.230387739837169647e-02,7.239584922790527344e-01,7.672628760337829590e-01,2.305704072114167502e-07,6.608389019966125488e-01,7.519148588180541992e-01,-1.426702272146940231e-02,6.050391793251037598e-01,6.834546923637390137e-01,-1.421305537223815918e-02,5.694237351417541504e-01,6.255345344543457031e-01,-1.402458455413579941e-02,5.394390225410461426e-01,6.064424514770507812e-01,-1.303291879594326019e-02,6.320884823799133301e-01,5.307360887527465820e-01,1.000576466321945190e-02,6.051166653633117676e-01,4.445496797561645508e-01,5.581869278103113174e-03,5.902373790740966797e-01,3.955593705177307129e-01,-2.038070466369390488e-03,5.781524777412414551e-01,3.559267520904541016e-01,-7.989070378243923187e-03,6.668033003807067871e-01,5.039622783660888672e-01,8.626767434179782867e-03,6.502764821052551270e-01,3.991345465183258057e-01,1.013860199600458145e-02,6.387562155723571777e-01,3.411008417606353760e-01,6.591195240616798401e-03,6.301491260528564453e-01,3.004379272460937500e-01,3.039446659386157990e-03,7.014423012733459473e-01,4.989188313484191895e-01,2.840573899447917938e-03,6.918233036994934082e-01,4.005565941333770752e-01,1.321310526691377163e-03,6.825713515281677246e-01,3.493392169475555420e-01,-8.957107784226536751e-04,6.747481822967529297e-01,3.104593753814697266e-01,-3.294208785519003868e-03,7.361834049224853516e-01,5.096054673194885254e-01,-5.617545451968908310e-03,7.385611534118652344e-01,4.354077875614166260e-01,-8.025678806006908417e-03,7.375152707099914551e-01,3.903804421424865723e-01,-7.578376680612564087e-03,7.366775274276733398e-01,3.507635593414306641e-01,-7.305759005248546600e-03
1.740575545040000000e+12,5.051678419113159180e-01,6.026256680488586426e-01,-6.979339718818664551e-01,3.104511499404907227e-01,9.959487318992614746e-01,-7.775343954563140869e-02,6.815619468688964844e-01,9.692171812057495117e-01,-1.206968277692794800e-01,2.517816424369812012e-01,1.411069512367248535e+00,-2.306856364011764526e-01,7.748996019363403320e-01,1.315634489059448242e+00,-3.397516012191772461e-01,2.459388524293899536e-01,1.516731619834899902e+00,-6.797133684158325195e-01,6.828902959823608398e-01,1.216359615325927734e+00,-9.155362844467163086e-01,-1.000000000000000000e+00,-1.000000000000000000e+00,-1.000000000000000000e+00,-1.000000000000000000e+00,-1.000000000000000000e+00,-1.000000000000000000e+00,-1.000000000000000000e+00,-1.000000000000000000e+00,-1.000000000000000000e+00,-1.000000000000000000e+00,-1.000000000000000000e+00,-1.000000000000000000e+00,-1.000000000000000000e+00,-1.000000000000000000e+00,-1.000000000000000000e+00,-1.000000000000000000e+00,-1.000000000000000000e+00,-1.000000000000000000e+00,-1.000000000000000000e+00,-1.000000000000000000e+00,-1.000000000000000000e+00,-1.000000000000000000e+00,-1.000000000000000000e+00,-1.000000000000000000e+00,-1.000000000000000000e+00,-1.000000000000000000e+00,-1.000000000000000000e+00,-1.000000000000000000e+00,-1.000000000000000000e+00,-1.000000000000000000e+00,-1.000000000000000000e+00,-1.000000000000000000e+00,-1.000000000000000000e+00,-1.000000000000000000e+00,-1.000000000000000000e+00,-1.000000000000000000e+00,-1.000000000000000000e+00,-1.000000000000000000e+00,-1.000000000000000000e+00,-1.000000000000000000e+00,-1.000000000000000000e+00,-1.000000000000000000e+00,-1.000000000000000000e+00,-1.000000000000000000e+00,-1.000000000000000000e+00,-1.000000000000000000e+00,-1.000000000000000000e+00,-1.000000000000000000e+00,-1.000000000000000000e+00,-1.000000000000000000e+00,-1.000000000000000000e+00,-1.000000000000000000e+00,-1.000000000000000000e+00,-1.000000000000000000e+00,-1.000000000000000000e+00,-1.000000000000000000e+00,-1.000000000000000000e+00,-1.000000000000000000e+00,-1.000000000000000000e+00,-1.000000000000000000e+00,-1.000000000000000000e+00,-1.000000000000000000e+00,-1.000000000000000000e+00,-1.000000000000000000e+00,-1.000000000000000000e+00,-1.000000000000000000e+00,-1.000000000000000000e+00,-1.000000000000000000e+00,-1.000000000000000000e+00,-1.000000000000000000e+00,-1.000000000000000000e+00,-1.000000000000000000e+00,-1.000000000000000000e+00,-1.000000000000000000e+00,-1.000000000000000000e+00,-1.000000000000000000e+00,-1.000000000000000000e+00,-1.000000000000000000e+00,-1.000000000000000000e+00,-1.000000000000000000e+00,-1.000000000000000000e+00,-1.000000000000000000e+00,-1.000000000000000000e+00,-1.000000000000000000e+00,-1.000000000000000000e+00,-1.000000000000000000e+00,-1.000000000000000000e+00,-1.000000000000000000e+00,-1.000000000000000000e+00,-1.000000000000000000e+00,-1.000000000000000000e+00,-1.000000000000000000e+00,-1.000000000000000000e+00,-1.000000000000000000e+00,-1.000000000000000000e+00,-1.000000000000000000e+00,-1.000000000000000000e+00,-1.000000000000000000e+00,-1.000000000000000000e+00,-1.000000000000000000e+00,-1.000000000000000000e+00,-1.000000000000000000e+00,-1.000000000000000000e+00,-1.000000000000000000e+00,-1.000000000000000000e+00,-1.000000000000000000e+00,-1.000000000000000000e+00,-1.000000000000000000e+00,-1.000000000000000000e+00,-1.000000000000000000e+00,-1.000000000000000000e+00,-1.000000000000000000e+00,-1.000000000000000000e+00,-1.000000000000000000e+00,-1.000000000000000000e+00,-1.000000000000000000e+00,-1.000000000000000000e+00,-1.000000000000000000e+00,-1.000000000000000000e+00,-1.000000000000000000e+00,-1.000000000000000000e+00,-1.000000000000000000e+00,-1.000000000000000000e+00,-1.000000000000000000e+00,-1.000000000000000000e+00,-1.000000000000000000e+00
1.740575545439000000e+12,5.184878706932067871e-01,6.167801022529602051e-01,-4.557468295097351074e-01,3.431037664413452148e-01,8.511428833007812500e-01,4.044868424534797668e-02,6.845420598983764648e-01,8.838618993759155273e-01,1.861821115016937256e-02,1.691290736198425293e-01,1.011089444160461426e+00,-4.776013791561126709e-01,8.460804820060729980e-01,1.123382091522216797e+00,-5.458105206489562988e-01,3.115561306476593018e-01,7.118788957595825195e-01,-9.601753950119018555e-01,7.300599813461303711e-01,7.538803219795227051e-01,-1.091607332229614258e+00,3.028444647789001465e-01,7.033207416534423828e-01,4.315943442634306848e-07,3.715554773807525635e-01,6.843096017837524414e-01,-1.973199099302291870e-02,4.288390576839447021e-01,6.139578223228454590e-01,-2.398082613945007324e-02,4.714715182781219482e-01,5.621389746665954590e-01,-2.873079851269721985e-02,5.064408779144287109e-01,5.574682354927062988e-01,-3.323328867554664612e-02,3.954954147338867188e-01,4.660232961177825928e-01,1.542705460451543331e-03,4.208414256572723389e-01,3.819823265075683594e-01,-4.358964506536722183e-03,4.347217082977294922e-01,3.278870284557342529e-01,-1.144126895815134048e-02,4.442192912101745605e-01,2.862315475940704346e-01,-1.706654205918312073e-02,3.561359345912933350e-01,4.383311867713928223e-01,1.997775863856077194e-03,3.661298453807830811e-01,3.333732485771179199e-01,-1.253817114047706127e-03,3.711773157119750977e-01,2.762263417243957520e-01,-5.700194276869297028e-03,3.741885423660278320e-01,2.325063645839691162e-01,-8.303831331431865692e-03,3.198598325252532959e-01,4.342565238475799561e-01,-1.604752847924828529e-03,3.174969255924224854e-01,3.341993987560272217e-01,-7.977907545864582062e-03,3.188518583774566650e-01,2.787657678127288818e-01,-1.207190193235874176e-02,3.207061588764190674e-01,2.365841865539550781e-01,-1.413230970501899719e-02,2.824324369430541992e-01,4.508167207241058350e-01,-8.196495473384857178e-03,2.677225470542907715e-01,3.757409751415252686e-01,-1.612064987421035767e-02,2.604094445705413818e-01,3.234168887138366699e-01,-1.848419569432735443e-02,2.565012574195861816e-01,2.780497968196868896e-01,-1.850368641316890717e-02,7.312483787536621094e-01,7.542976140975952148e-01,2.159437286763932207e-07,6.668055057525634766e-01,7.412456274032592773e-01,-1.402468234300613403e-02,6.117463707923889160e-01,6.748161315917968750e-01,-1.404585689306259155e-02,5.779731869697570801e-01,6.149457097053527832e-01,-1.384857483208179474e-02,5.482721328735351562e-01,5.915507078170776367e-01,-1.298891194164752960e-02,6.402874588966369629e-01,5.250317454338073730e-01,1.013557426631450653e-02,6.140336394309997559e-01,4.403591156005859375e-01,5.473435856401920319e-03,5.997116565704345703e-01,3.910105526447296143e-01,-2.880331594496965408e-03,5.882333517074584961e-01,3.505345284938812256e-01,-9.749132208526134491e-03,6.753950715065002441e-01,4.987765550613403320e-01,8.509053848683834076e-03,6.580367088317871094e-01,3.953553140163421631e-01,8.679978549480438232e-03,6.469651460647583008e-01,3.377796113491058350e-01,3.009109292179346085e-03,6.387591958045959473e-01,2.947221100330352783e-01,-2.428976818919181824e-03,7.099983096122741699e-01,4.943550825119018555e-01,2.666640095412731171e-03,6.994084715843200684e-01,3.966774642467498779e-01,-4.934176686219871044e-04,6.903296709060668945e-01,3.455979824066162109e-01,-4.566057585179805756e-03,6.825767159461975098e-01,3.061011731624603271e-01,-8.458035998046398163e-03,7.455493807792663574e-01,5.053986907005310059e-01,-5.569285247474908829e-03,7.460216283798217773e-01,4.311192631721496582e-01,-8.999071083962917328e-03,7.445717453956604004e-01,3.877654075622558594e-01,-9.210651740431785583e-03,7.429085969924926758e-01,3.496849238872528076e-01,-9.790148586034774780e-03
1.740575545476000000e+12,5.182502865791320801e-01,6.222089529037475586e-01,-4.432119429111480713e-01,3.421393334865570068e-01,8.569936156272888184e-01,4.583224654197692871e-02,6.838345527648925781e-01,8.921402096748352051e-01,4.855422303080558777e-02,1.566860377788543701e-01,1.005069732666015625e+00,-5.011604428291320801e-01,8.597852587699890137e-01,1.128512620925903320e+00,-5.521268248558044434e-01,3.048903346061706543e-01,7.039788961410522461e-01,-1.011415362358093262e+00,7.434997558593750000e-01,7.629820108413696289e-01,-1.147216558456420898e+00,2.927916049957275391e-01,6.992680430412292480e-01,4.209772157537372550e-07,3.595530688762664795e-01,6.800816059112548828e-01,-1.992163062095642090e-02,4.164413213729858398e-01,6.072306036949157715e-01,-2.279197610914707184e-02,4.578385651111602783e-01,5.511967539787292480e-01,-2.583617344498634338e-02,4.928221404552459717e-01,5.463429689407348633e-01,-2.849270962178707123e-02,3.846871554851531982e-01,4.559519290924072266e-01,2.292357385158538818e-03,4.109006822109222412e-01,3.690637350082397461e-01,-2.912688301876187325e-03,4.240176379680633545e-01,3.139141201972961426e-01,-9.666172787547111511e-03,4.331598579883575439e-01,2.710046768188476562e-01,-1.520375721156597137e-02,3.449905812740325928e-01,4.296655058860778809e-01,3.368223784491419792e-03,3.559147715568542480e-01,3.242952227592468262e-01,4.445802769623696804e-04,3.617351651191711426e-01,2.647823095321655273e-01,-4.489017650485038757e-03,3.650990128517150879e-01,2.191786617040634155e-01,-7.524408865720033646e-03,3.083793222904205322e-01,4.280868470668792725e-01,4.046198155265301466e-04,3.060571849346160889e-01,3.297523558139801025e-01,-5.430979654192924500e-03,3.071909248828887939e-01,2.734401822090148926e-01,-1.035318244248628616e-02,3.091717958450317383e-01,2.278134226799011230e-01,-1.318912301212549210e-02,2.704965472221374512e-01,4.473347365856170654e-01,-5.575542803853750229e-03,2.563745975494384766e-01,3.741170465946197510e-01,-1.320347283035516739e-02,2.491549253463745117e-01,3.227322101593017578e-01,-1.629962213337421417e-02,2.456429600715637207e-01,2.756254374980926514e-01,-1.703775301575660706e-02,7.398203015327453613e-01,7.429625988006591797e-01,2.198995758817545720e-07,6.752687096595764160e-01,7.322115302085876465e-01,-1.561837084591388702e-02,6.205745935440063477e-01,6.661613583564758301e-01,-1.709048263728618622e-02,5.850389599800109863e-01,6.030057668685913086e-01,-1.826508529484272003e-02,5.531854629516601562e-01,5.803235173225402832e-01,-1.874448172748088837e-02,6.507179141044616699e-01,5.205448269844055176e-01,9.639422409236431122e-03,6.247441172599792480e-01,4.368786811828613281e-01,4.739735741168260574e-03,6.102696657180786133e-01,3.874301612377166748e-01,-3.787641413509845734e-03,5.989606380462646484e-01,3.473916649818420410e-01,-1.087088510394096375e-02,6.855952739715576172e-01,4.950680136680603027e-01,8.392839692533016205e-03,6.683627367019653320e-01,3.933596312999725342e-01,7.709572091698646545e-03,6.566416621208190918e-01,3.374223113059997559e-01,1.353030093014240265e-03,6.473466753959655762e-01,2.960788309574127197e-01,-4.351647570729255676e-03,7.196905016899108887e-01,4.909538626670837402e-01,2.831555670127272606e-03,7.097361087799072266e-01,3.938645720481872559e-01,-1.047198893502354622e-03,7.002823948860168457e-01,3.427923619747161865e-01,-5.080251023173332214e-03,6.918455362319946289e-01,3.037278950214385986e-01,-8.744454942643642426e-03,7.551589608192443848e-01,5.017205476760864258e-01,-5.231816787272691727e-03,7.559690475463867188e-01,4.285700023174285889e-01,-8.593042381107807159e-03,7.542760968208312988e-01,3.858105242252349854e-01,-8.426398038864135742e-03,7.519850134849548340e-01,3.485713601112365723e-01,-8.720614016056060791e-03
1.740575545077000000e+12,5.046856999397277832e-01,6.030585765838623047e-01,-5.308126807212829590e-01,2.862463593482971191e-01,9.686410427093505859e-01,-3.895819187164306641e-02,6.915096044540405273e-01,9.392445683479309082e-01,-4.015180096030235291e-02,1.849545389413833618e-01,1.365603327751159668e+00,-2.337818890810012817e-01,7.996514439582824707e-01,1.327048301696777344e+00,-7.528918236494064331e-02,1.912550777196884155e-01,1.539325594902038574e+00,-6.913291215896606445e-01,7.602062821388244629e-01,1.508270263671875000e+00,-3.632769286632537842e-01,-1.000000000000000000e+00,-1.000000000000000000e+00,-1.000000000000000000e+00,-1.000000000000000000e+00,-1.000000000000000000e+00,-1.000000000000000000e+00,-1.000000000000000000e+00,-1.000000000000000000e+00,-1.000000000000000000e+00,-1.000000000000000000e+00,-1.000000000000000000e+00,-1.000000000000000000e+00,-1.000000000000000000e+00,-1.000000000000000000e+00,-1.000000000000000000e+00,-1.000000000000000000e+00,-1.000000000000000000e+00,-1.000000000000000000e+00,-1.000000000000000000e+00,-1.000000000000000000e+00,-1.000000000000000000e+00,-1.000000000000000000e+00,-1.000000000000000000e+00,-1.000000000000000000e+00,-1.000000000000000000e+00,-1.000000000000000000e+00,-1.000000000000000000e+00,-1.000000000000000000e+00,-1.000000000000000000e+00,-1.000000000000000000e+00,-1.000000000000000000e+00,-1.000000000000000000e+00,-1.000000000000000000e+00,-1.000000000000000000e+00,-1.000000000000000000e+00,-1.000000000000000000e+00,-1.000000000000000000e+00,-1.000000000000000000e+00,-1.000000000000000000e+00,-1.000000000000000000e+00,-1.000000000000000000e+00,-1.000000000000000000e+00,-1.000000000000000000e+00,-1.000000000000000000e+00,-1.000000000000000000e+00,-1.000000000000000000e+00,-1.000000000000000000e+00,-1.000000000000000000e+00,-1.000000000000000000e+00,-1.000000000000000000e+00,-1.000000000000000000e+00,-1.000000000000000000e+00,-1.000000000000000000e+00,-1.000000000000000000e+00,-1.000000000000000000e+00,-1.000000000000000000e+00,-1.000000000000000000e+00,-1.000000000000000000e+00,-1.000000000000000000e+00,-1.000000000000000000e+00,-1.000000000000000000e+00,-1.000000000000000000e+00,-1.000000000000000000e+00,-1.000000000000000000e+00,-1.000000000000000000e+00,-1.000000000000000000e+00,-1.000000000000000000e+00,-1.000000000000000000e+00,-1.000000000000000000e+00,-1.000000000000000000e+00,-1.000000000000000000e+00,-1.000000000000000000e+00,-1.000000000000000000e+00,-1.000000000000000000e+00,-1.000000000000000000e+00,-1.000000000000000000e+00,-1.000000000000000000e+00,-1.000000000000000000e+00,-1.000000000000000000e+00,-1.000000000000000000e+00,-1.000000000000000000e+00,-1.000000000000000000e+00,-1.000000000000000000e+00,-1.000000000000000000e+00,-1.000000000000000000e+00,-1.000000000000000000e+00,-1.000000000000000000e+00,-1.000000000000000000e+00,-1.000000000000000000e+00,-1.000000000000000000e+00,-1.000000000000000000e+00,-1.000000000000000000e+00,-1.000000000000000000e+00,-1.000000000000000000e+00,-1.000000000000000000e+00,-1.000000000000000000e+00,-1.000000000000000000e+00,-1.000000000000000000e+00,-1.000000000000000000e+00,-1.000000000000000000e+00,-1.000000000000000000e+00,-1.000000000000000000e+00,-1.000000000000000000e+00,-1.000000000000000000e+00,-1.000000000000000000e+00,-1.000000000000000000e+00,-1.000000000000000000e+00,-1.000000000000000000e+00,-1.000000000000000000e+00,-1.000000000000000000e+00,-1.000000000000000000e+00,-1.000000000000000000e+00,-1.000000000000000000e+00,-1.000000000000000000e+00,-1.000000000000000000e+00,-1.000000000000000000e+00,-1.000000000000000000e+00,-1.000000000000000000e+00,-1.000000000000000000e+00,-1.000000000000000000e+00,-1.000000000000000000e+00,-1.000000000000000000e+00,-1.000000000000000000e+00,-1.000000000000000000e+00,-1.000000000000000000e+00,-1.000000000000000000e+00
1.740575545512000000e+12,5.176964402198791504e-01,6.222670674324035645e-01,-3.806968927383422852e-01,3.373194336891174316e-01,8.725588321685791016e-01,9.585651755332946777e-02,6.831830143928527832e-01,8.988744020462036133e-01,1.179975718259811401e-01,1.476882845163345337e-01,1.014963746070861816e+00,-4.471414685249328613e-01,8.647182583808898926e-01,1.136870145797729492e+00,-4.622249603271484375e-01,2.935268282890319824e-01,7.096099853515625000e-01,-9.619441032409667969e-01,7.603120803833007812e-01,7.658986449241638184e-01,-1.063132286071777344e+00,2.872589826583862305e-01,6.879100799560546875e-01,4.250859149124153191e-07,3.550236523151397705e-01,6.697416901588439941e-01,-1.911606080830097198e-02,4.097088277339935303e-01,6.000912785530090332e-01,-2.175177633762359619e-02,4.500115513801574707e-01,5.426257848739624023e-01,-2.483175694942474365e-02,4.832089543342590332e-01,5.345560312271118164e-01,-2.761243656277656555e-02,3.744188845157623291e-01,4.518332183361053467e-01,3.823923878371715546e-03,3.981813192367553711e-01,3.687865436077117920e-01,-9.447088814340531826e-04,4.102817177772521973e-01,3.180730342864990234e-01,-7.422965019941329956e-03,4.191767275333404541e-01,2.806079387664794922e-01,-1.239674724638462067e-02,3.347214460372924805e-01,4.252674877643585205e-01,4.717338830232620239e-03,3.447253406047821045e-01,3.189532160758972168e-01,2.939746947959065437e-03,3.515038192272186279e-01,2.596032619476318359e-01,-1.308690058067440987e-03,3.567037880420684814e-01,2.137938588857650757e-01,-4.025216680020093918e-03,2.982587218284606934e-01,4.234804809093475342e-01,1.474060583859682083e-03,2.935789823532104492e-01,3.271158337593078613e-01,-3.370585385710000992e-03,2.938329577445983887e-01,2.726934850215911865e-01,-8.596451021730899811e-03,2.956041097640991211e-01,2.290022820234298706e-01,-1.187345571815967560e-02,2.603951096534729004e-01,4.430004060268402100e-01,-4.738017916679382324e-03,2.440131455659866333e-01,3.716275393962860107e-01,-1.147788949310779572e-02,2.352672964334487915e-01,3.217420279979705811e-01,-1.458584703505039215e-02,2.303883880376815796e-01,2.756125330924987793e-01,-1.568092778325080872e-02,7.488970160484313965e-01,7.389498949050903320e-01,2.258848894598486368e-07,6.840111613273620605e-01,7.287876605987548828e-01,-1.685099489986896515e-02,6.301967501640319824e-01,6.604327559471130371e-01,-1.940193399786949158e-02,5.955796241760253906e-01,5.918286442756652832e-01,-2.162882313132286072e-02,5.619411468505859375e-01,5.662763118743896484e-01,-2.298814244568347931e-02,6.642247438430786133e-01,5.152193307876586914e-01,8.240017108619213104e-03,6.395474672317504883e-01,4.295670688152313232e-01,2.887671813368797302e-03,6.255604028701782227e-01,3.791568279266357422e-01,-6.037353072315454483e-03,6.148678660392761230e-01,3.393288552761077881e-01,-1.345435436815023422e-02,6.990864872932434082e-01,4.918890595436096191e-01,7.282220292836427689e-03,6.816767454147338867e-01,3.918558955192565918e-01,6.460626143962144852e-03,6.704365611076354980e-01,3.350083529949188232e-01,-2.250634424854069948e-04,6.620232462882995605e-01,2.925383150577545166e-01,-6.229106802493333817e-03,7.337001562118530273e-01,4.894541800022125244e-01,2.046383218839764595e-03,7.230862379074096680e-01,3.938778936862945557e-01,-1.769009279087185860e-03,7.154803872108459473e-01,3.436304330825805664e-01,-4.941924940794706345e-03,7.085660099983215332e-01,3.051656484603881836e-01,-8.019629865884780884e-03,7.700444459915161133e-01,5.020186305046081543e-01,-5.851987749338150024e-03,7.709286212921142578e-01,4.299272596836090088e-01,-8.779483847320079803e-03,7.695362567901611328e-01,3.881727457046508789e-01,-7.605941034853458405e-03,7.674411535263061523e-01,3.525253236293792725e-01,-7.151229307055473328e-03
1.740575545113000000e+12,5.047304034233093262e-01,6.088973283767700195e-01,-8.964360356330871582e-01,2.854983210563659668e-01,8.671774268150329590e-01,-3.482924103736877441e-01,6.508145928382873535e-01,9.328890442848205566e-01,-2.274916470050811768e-01,1.874257773160934448e-01,1.139400482177734375e+00,-3.445982336997985840e-01,6.971903443336486816e-01,1.314536213874816895e+00,-1.780074089765548706e-01,1.849734187126159668e-01,1.554356575012207031e+00,-6.873055100440979004e-01,7.216542959213256836e-01,1.517277359962463379e+00,-4.994513094425201416e-01,-1.000000000000000000e+00,-1.000000000000000000e+00,-1.000000000000000000e+00,-1.000000000000000000e+00,-1.000000000000000000e+00,-1.000000000000000000e+00,-1.000000000000000000e+00,-1.000000000000000000e+00,-1.000000000000000000e+00,-1.000000000000000000e+00,-1.000000000000000000e+00,-1.000000000000000000e+00,-1.000000000000000000e+00,-1.000000000000000000e+00,-1.000000000000000000e+00,-1.000000000000000000e+00,-1.000000000000000000e+00,-1.000000000000000000e+00,-1.000000000000000000e+00,-1.000000000000000000e+00,-1.000000000000000000e+00,-1.000000000000000000e+00,-1.000000000000000000e+00,-1.000000000000000000e+00,-1.000000000000000000e+00,-1.000000000000000000e+00,-1.000000000000000000e+00,-1.000000000000000000e+00,-1.000000000000000000e+00,-1.000000000000000000e+00,-1.000000000000000000e+00,-1.000000000000000000e+00,-1.000000000000000000e+00,-1.000000000000000000e+00,-1.000000000000000000e+00,-1.000000000000000000e+00,-1.000000000000000000e+00,-1.000000000000000000e+00,-1.000000000000000000e+00,-1.000000000000000000e+00,-1.000000000000000000e+00,-1.000000000000000000e+00,-1.000000000000000000e+00,-1.000000000000000000e+00,-1.000000000000000000e+00,-1.000000000000000000e+00,-1.000000000000000000e+00,-1.000000000000000000e+00,-1.000000000000000000e+00,-1.000000000000000000e+00,-1.000000000000000000e+00,-1.000000000000000000e+00,-1.000000000000000000e+00,-1.000000000000000000e+00,-1.000000000000000000e+00,-1.000000000000000000e+00,-1.000000000000000000e+00,-1.000000000000000000e+00,-1.000000000000000000e+00,-1.000000000000000000e+00,-1.000000000000000000e+00,-1.000000000000000000e+00,-1.000000000000000000e+00,-1.000000000000000000e+00,-1.000000000000000000e+00,-1.000000000000000000e+00,-1.000000000000000000e+00,-1.000000000000000000e+00,-1.000000000000000000e+00,-1.000000000000000000e+00,-1.000000000000000000e+00,-1.000000000000000000e+00,-1.000000000000000000e+00,-1.000000000000000000e+00,-1.000000000000000000e+00,-1.000000000000000000e+00,-1.000000000000000000e+00,-1.000000000000000000e+00,-1.000000000000000000e+00,-1.000000000000000000e+00,-1.000000000000000000e+00,-1.000000000000000000e+00,-1.000000000000000000e+00,-1.000000000000000000e+00,-1.000000000000000000e+00,-1.000000000000000000e+00,-1.000000000000000000e+00,-1.000000000000000000e+00,-1.000000000000000000e+00,-1.000000000000000000e+00,-1.000000000000000000e+00,-1.000000000000000000e+00,-1.000000000000000000e+00,-1.000000000000000000e+00,-1.000000000000000000e+00,-1.000000000000000000e+00,-1.000000000000000000e+00,-1.000000000000000000e+00,-1.000000000000000000e+00,-1.000000000000000000e+00,-1.000000000000000000e+00,-1.000000000000000000e+00,-1.000000000000000000e+00,-1.000000000000000000e+00,-1.000000000000000000e+00,-1.000000000000000000e+00,-1.000000000000000000e+00,-1.000000000000000000e+00,-1.000000000000000000e+00,-1.000000000000000000e+00,-1.000000000000000000e+00,-1.000000000000000000e+00,-1.000000000000000000e+00,-1.000000000000000000e+00,-1.000000000000000000e+00,-1.000000000000000000e+00,-1.000000000000000000e+00,-1.000000000000000000e+00,-1.000000000000000000e+00,-1.000000000000000000e+00,-1.000000000000000000e+00,-1.000000000000000000e+00,-1.000000000000000000e+00,-1.000000000000000000e+00,-1.000000000000000000e+00,-1.000000000000000000e+00
1.740575545549000000e+12,5.175478458404541016e-01,6.221375465393066406e-01,-4.197574257850646973e-01,3.315241038799285889e-01,8.899443745613098145e-01,5.835127085447311401e-02,6.824936270713806152e-01,9.077367782592773438e-01,7.107394933700561523e-02,1.392824202775955200e-01,1.024246931076049805e+00,-4.842596650123596191e-01,8.753498196601867676e-01,1.137900948524475098e+00,-4.786888957023620605e-01,2.826750278472900391e-01,6.958376765251159668e-01,-9.724475145339965820e-01,7.741518020629882812e-01,7.657489180564880371e-01,-1.082826852798461914e+00,2.777566909790039062e-01,6.918959021568298340e-01,3.770392424939927878e-07,3.454995155334472656e-01,6.673076152801513672e-01,-1.711647398769855499e-02,3.995226025581359863e-01,5.949902534484863281e-01,-1.738113164901733398e-02,4.382437467575073242e-01,5.392174720764160156e-01,-1.842241361737251282e-02,4.721673429012298584e-01,5.311003327369689941e-01,-1.908856630325317383e-02,3.611922562122344971e-01,4.457949101924896240e-01,9.812841191887855530e-03,3.831346631050109863e-01,3.626430034637451172e-01,6.943431217223405838e-03,3.941611647605895996e-01,3.159356117248535156e-01,1.022803247906267643e-03,4.016256928443908691e-01,2.821511924266815186e-01,-3.771546995267271996e-03,3.219099938869476318e-01,4.219064414501190186e-01,1.037613302469253540e-02,3.311055898666381836e-01,3.192422389984130859e-01,1.034727878868579865e-02,3.363406360149383545e-01,2.632147371768951416e-01,5.727645009756088257e-03,3.391915857791900635e-01,2.211204767227172852e-01,2.467014826834201813e-03,2.856741249561309814e-01,4.228325486183166504e-01,6.647938396781682968e-03,2.805443704128265381e-01,3.283416628837585449e-01,2.749285427853465080e-03,2.800242602825164795e-01,2.762423753738403320e-01,-3.327629296109080315e-03,2.808960378170013428e-01,2.330127507448196411e-01,-7.443964015692472458e-03,2.476324439048767090e-01,4.453144371509552002e-01,1.404607755830511451e-04,2.297697514295578003e-01,3.738425076007843018e-01,-6.366921588778495789e-03,2.200673520565032959e-01,3.246565163135528564e-01,-9.976727887988090515e-03,2.145321220159530640e-01,2.779787778854370117e-01,-1.162133179605007172e-02,7.609372735023498535e-01,7.413533329963684082e-01,2.105519172346248524e-07,6.965727806091308594e-01,7.270978093147277832e-01,-1.507777534425258636e-02,6.433489918708801270e-01,6.536490917205810547e-01,-1.697306148707866669e-02,6.106041073799133301e-01,5.838008522987365723e-01,-1.874345727264881134e-02,5.785666108131408691e-01,5.574038624763488770e-01,-1.993775926530361176e-02,6.806838512420654297e-01,5.095711350440979004e-01,7.156549487262964249e-03,6.575284004211425781e-01,4.224432408809661865e-01,1.741213607601821423e-03,6.438651680946350098e-01,3.695265352725982666e-01,-7.263704203069210052e-03,6.330164074897766113e-01,3.277640342712402344e-01,-1.506397034972906113e-02,7.156082987785339355e-01,4.889671802520751953e-01,5.292333196848630905e-03,7.007269859313964844e-01,3.896577060222625732e-01,3.872189903631806374e-03,6.912847757339477539e-01,3.321384787559509277e-01,-3.398308297619223595e-03,6.844449043273925781e-01,2.886095643043518066e-01,-1.001028716564178467e-02,7.503936886787414551e-01,4.886327683925628662e-01,-4.404983774293214083e-04,7.406324744224548340e-01,3.936772644519805908e-01,-4.736433736979961395e-03,7.338960766792297363e-01,3.432042002677917480e-01,-9.045503102242946625e-03,7.274097800254821777e-01,3.034684360027313232e-01,-1.323181297630071640e-02,7.867987751960754395e-01,5.035086274147033691e-01,-8.573622442781925201e-03,7.899065613746643066e-01,4.318750202655792236e-01,-1.238304842263460159e-02,7.897208929061889648e-01,3.901764750480651855e-01,-1.244968734681606293e-02,7.882753014564514160e-01,3.540073037147521973e-01,-1.308164466172456741e-02
1.740575545583000000e+12,5.159055590629577637e-01,6.221467256546020508e-01,-3.691378533840179443e-01,3.283198475837707520e-01,9.019910097122192383e-01,9.261445701122283936e-02,6.823967695236206055e-01,9.133345484733581543e-01,9.952015429735183716e-02,1.381081938743591309e-01,1.030236959457397461e+00,-3.967552483081817627e-01,8.759521245956420898e-01,1.182901501655578613e+00,-4.361459314823150635e-01,2.798326611518859863e-01,6.885667443275451660e-01,-8.194485902786254883e-01,7.880617380142211914e-01,7.622767686843872070e-01,-9.791439175605773926e-01,2.694250345230102539e-01,6.987169981002807617e-01,3.969551300997409271e-07,3.382450342178344727e-01,6.682106256484985352e-01,-1.593643054366111755e-02,3.904138207435607910e-01,5.880217552185058594e-01,-1.545337680727243423e-02,4.310767650604248047e-01,5.328321456909179688e-01,-1.597918197512626648e-02,4.658467769622802734e-01,5.265318751335144043e-01,-1.625890657305717468e-02,3.488285541534423828e-01,4.443225562572479248e-01,1.115800160914659500e-02,3.709078133106231689e-01,3.594736456871032715e-01,9.334395639598369598e-03,3.824770748615264893e-01,3.121445178985595703e-01,4.308582283556461334e-03,3.906482756137847900e-01,2.789257764816284180e-01,1.836320006987079978e-04,3.093131780624389648e-01,4.222423732280731201e-01,1.163090672343969345e-02,3.165796995162963867e-01,3.191547393798828125e-01,1.298546139150857925e-02,3.203611075878143311e-01,2.620668709278106689e-01,9.486881084740161896e-03,3.216550052165985107e-01,2.194278687238693237e-01,7.057363167405128479e-03,2.726833224296569824e-01,4.244993627071380615e-01,7.854034192860126495e-03,2.651615440845489502e-01,3.292154967784881592e-01,5.193024873733520508e-03,2.637566328048706055e-01,2.771197557449340820e-01,-1.663532893871888518e-04,2.636841237545013428e-01,2.340947538614273071e-01,-3.827083855867385864e-03,2.348008304834365845e-01,4.480897486209869385e-01,1.347763114608824253e-03,2.148845940828323364e-01,3.773011267185211182e-01,-4.403885919600725174e-03,2.044940888881683350e-01,3.275678157806396484e-01,-7.727621123194694519e-03,1.981645524501800537e-01,2.805172502994537354e-01,-9.131263010203838348e-03,7.772977352142333984e-01,7.438215613365173340e-01,1.872291903737277607e-07,7.122464179992675781e-01,7.224302291870117188e-01,-1.422897912561893463e-02,6.609932184219360352e-01,6.469278931617736816e-01,-1.617559976875782013e-02,6.308700442314147949e-01,5.779337882995605469e-01,-1.814213953912258148e-02,6.007637381553649902e-01,5.459958910942077637e-01,-1.972453854978084564e-02,7.006511688232421875e-01,5.050942301750183105e-01,5.150285549461841583e-03,6.800516843795776367e-01,4.171508550643920898e-01,-1.425829250365495682e-03,6.674770116806030273e-01,3.635262846946716309e-01,-1.076645124703645706e-02,6.566090583801269531e-01,3.224768936634063721e-01,-1.870818249881267548e-02,7.373452782630920410e-01,4.876711070537567139e-01,2.037877449765801430e-03,7.245885133743286133e-01,3.868394196033477783e-01,-1.790935755707323551e-03,7.160498499870300293e-01,3.286039233207702637e-01,-1.039363909512758255e-02,7.089445590972900391e-01,2.858018279075622559e-01,-1.753305085003376007e-02,7.738320827484130859e-01,4.914320111274719238e-01,-4.727783612906932831e-03,7.665554285049438477e-01,3.956252932548522949e-01,-1.208492275327444077e-02,7.614338994026184082e-01,3.438773751258850098e-01,-1.859156042337417603e-02,7.558172941207885742e-01,3.036620616912841797e-01,-2.367206849157810211e-02,8.116096854209899902e-01,5.107057094573974609e-01,-1.349988114088773727e-02,8.168759346008300781e-01,4.370547235012054443e-01,-2.050616219639778137e-02,8.189149498939514160e-01,3.952599465847015381e-01,-2.234712056815624237e-02,8.193846344947814941e-01,3.595170974731445312e-01,-2.374598756432533264e-02
1.740575545148000000e+12,5.050498247146606445e-01,6.137406229972839355e-01,-6.728061437606811523e-01,2.926648259162902832e-01,8.259103298187255859e-01,-9.474154561758041382e-02,6.258398890495300293e-01,9.150548577308654785e-01,-1.077796611934900284e-02,2.450874596834182739e-01,1.229298949241638184e+00,-3.926728963851928711e-01,6.967698931694030762e-01,1.340681195259094238e+00,-2.254657000303268433e-01,2.601536810398101807e-01,1.104353070259094238e+00,-1.068098306655883789e+00,7.218739390373229980e-01,1.073098778724670410e+00,-9.274501800537109375e-01,-1.000000000000000000e+00,-1.000000000000000000e+00,-1.000000000000000000e+00,-1.000000000000000000e+00,-1.000000000000000000e+00,-1.000000000000000000e+00,-1.000000000000000000e+00,-1.000000000000000000e+00,-1.000000000000000000e+00,-1.000000000000000000e+00,-1.000000000000000000e+00,-1.000000000000000000e+00,-1.000000000000000000e+00,-1.000000000000000000e+00,-1.000000000000000000e+00,-1.000000000000000000e+00,-1.000000000000000000e+00,-1.000000000000000000e+00,-1.000000000000000000e+00,-1.000000000000000000e+00,-1.000000000000000000e+00,-1.000000000000000000e+00,-1.000000000000000000e+00,-1.000000000000000000e+00,-1.000000000000000000e+00,-1.000000000000000000e+00,-1.000000000000000000e+00,-1.000000000000000000e+00,-1.000000000000000000e+00,-1.000000000000000000e+00,-1.000000000000000000e+00,-1.000000000000000000e+00,-1.000000000000000000e+00,-1.000000000000000000e+00,-1.000000000000000000e+00,-1.000000000000000000e+00,-1.000000000000000000e+00,-1.000000000000000000e+00,-1.000000000000000000e+00,-1.000000000000000000e+00,-1.000000000000000000e+00,-1.000000000000000000e+00,-1.000000000000000000e+00,-1.000000000000000000e+00,-1.000000000000000000e+00,-1.000000000000000000e+00,-1.000000000000000000e+00,-1.000000000000000000e+00,-1.000000000000000000e+00,-1.000000000000000000e+00,-1.000000000000000000e+00,-1.000000000000000000e+00,-1.000000000000000000e+00,-1.000000000000000000e+00,-1.000000000000000000e+00,-1.000000000000000000e+00,-1.000000000000000000e+00,-1.000000000000000000e+00,-1.000000000000000000e+00,-1.000000000000000000e+00,-1.000000000000000000e+00,-1.000000000000000000e+00,-1.000000000000000000e+00,-1.000000000000000000e+00,-1.000000000000000000e+00,-1.000000000000000000e+00,-1.000000000000000000e+00,-1.000000000000000000e+00,-1.000000000000000000e+00,-1.000000000000000000e+00,-1.000000000000000000e+00,-1.000000000000000000e+00,-1.000000000000000000e+00,-1.000000000000000000e+00,-1.000000000000000000e+00,-1.000000000000000000e+00,-1.000000000000000000e+00,-1.000000000000000000e+00,-1.000000000000000000e+00,-1.000000000000000000e+00,-1.000000000000000000e+00,-1.000000000000000000e+00,-1.000000000000000000e+00,-1.000000000000000000e+00,-1.000000000000000000e+00,-1.000000000000000000e+00,-1.000000000000000000e+00,-1.000000000000000000e+00,-1.000000000000000000e+00,-1.000000000000000000e+00,-1.000000000000000000e+00,-1.000000000000000000e+00,-1.000000000000000000e+00,-1.000000000000000000e+00,-1.000000000000000000e+00,-1.000000000000000000e+00,-1.000000000000000000e+00,-1.000000000000000000e+00,-1.000000000000000000e+00,-1.000000000000000000e+00,-1.000000000000000000e+00,-1.000000000000000000e+00,-1.000000000000000000e+00,-1.000000000000000000e+00,-1.000000000000000000e+00,-1.000000000000000000e+00,-1.000000000000000000e+00,-1.000000000000000000e+00,-1.000000000000000000e+00,-1.000000000000000000e+00,-1.000000000000000000e+00,-1.000000000000000000e+00,-1.000000000000000000e+00,-1.000000000000000000e+00,-1.000000000000000000e+00,-1.000000000000000000e+00,-1.000000000000000000e+00,-1.000000000000000000e+00,-1.000000000000000000e+00,-1.000000000000000000e+00,-1.000000000000000000e+00,-1.000000000000000000e+00,-1.000000000000000000e+00,-1.000000000000000000e+00,-1.000000000000000000e+00,-1.000000000000000000e+00
1.740575545621000000e+12,5.149167776107788086e-01,6.228830814361572266e-01,-4.123474955558776855e-01,3.245004713535308838e-01,9.175344705581665039e-01,8.534760028123855591e-02,6.825703382492065430e-01,9.278061985969543457e-01,7.295812666416168213e-02,1.338165700435638428e-01,1.030854940414428711e+00,-4.751935899257659912e-01,8.724190592765808105e-01,1.240556359291076660e+00,-4.377593994140625000e-01,2.720487713813781738e-01,6.988807916641235352e-01,-9.010077714920043945e-01,8.001465797424316406e-01,7.623734474182128906e-01,-1.012390017509460449e+00,2.636312544345855713e-01,7.053176164627075195e-01,4.014966634713346139e-07,3.307661712169647217e-01,6.661761999130249023e-01,-1.643518917262554169e-02,3.812156617641448975e-01,5.817275047302246094e-01,-1.671036519110202789e-02,4.225270152091979980e-01,5.264527797698974609e-01,-1.788013987243175507e-02,4.572736024856567383e-01,5.193263292312622070e-01,-1.920663192868232727e-02,3.365649282932281494e-01,4.433385431766510010e-01,6.732855923473834991e-03,3.573611974716186523e-01,3.513510227203369141e-01,3.687928896397352219e-03,3.676701188087463379e-01,3.003384768962860107e-01,-2.240170026198029518e-03,3.753332495689392090e-01,2.627395093441009521e-01,-7.292455062270164490e-03,2.954036891460418701e-01,4.247367084026336670e-01,6.825004238635301590e-03,3.000998198986053467e-01,3.182091116905212402e-01,6.496380083262920380e-03,3.025552630424499512e-01,2.582802474498748779e-01,1.201557694002985954e-03,3.031053543090820312e-01,2.126984149217605591e-01,-3.043735399842262268e-03,2.581267654895782471e-01,4.316859543323516846e-01,2.960186684504151344e-03,2.494982779026031494e-01,3.348092138767242432e-01,-7.835224969312548637e-04,2.462886869907379150e-01,2.809430956840515137e-01,-7.844741456210613251e-03,2.442144453525543213e-01,2.363352477550506592e-01,-1.321597583591938019e-02,2.210028022527694702e-01,4.597395956516265869e-01,-3.541697049513459206e-03,1.993653178215026855e-01,3.889349102973937988e-01,-1.049188803881406784e-02,1.864683330059051514e-01,3.392920196056365967e-01,-1.516338344663381577e-02,1.776388436555862427e-01,2.923534512519836426e-01,-1.788173243403434753e-02,7.919206023216247559e-01,7.467226982116699219e-01,1.851843336453384836e-07,7.267301082611083984e-01,7.144035696983337402e-01,-1.393240410834550858e-02,6.802350282669067383e-01,6.310945749282836914e-01,-1.701331324875354767e-02,6.533768177032470703e-01,5.558337569236755371e-01,-2.028891071677207947e-02,6.222773790359497070e-01,5.213756561279296875e-01,-2.349059842526912689e-02,7.250618934631347656e-01,4.964191913604736328e-01,2.476547844707965851e-03,7.079542279243469238e-01,4.056594371795654297e-01,-6.360121071338653564e-03,6.978215575218200684e-01,3.510393798351287842e-01,-1.691224798560142517e-02,6.892151236534118652e-01,3.088893592357635498e-01,-2.554041706025600433e-02,7.630150914192199707e-01,4.836318194866180420e-01,-1.429650234058499336e-03,7.541804313659667969e-01,3.804870247840881348e-01,-7.192084100097417831e-03,7.473836541175842285e-01,3.227806985378265381e-01,-1.657783426344394684e-02,7.410335540771484375e-01,2.792241573333740234e-01,-2.409859932959079742e-02,7.997658848762512207e-01,4.928689301013946533e-01,-8.738473989069461823e-03,7.967163324356079102e-01,3.930559158325195312e-01,-1.783343590795993805e-02,7.927143573760986328e-01,3.414845466613769531e-01,-2.416720241308212280e-02,7.869357466697692871e-01,3.001649081707000732e-01,-2.897673286497592926e-02,8.371548652648925781e-01,5.202201008796691895e-01,-1.786163263022899628e-02,8.466578125953674316e-01,4.465571045875549316e-01,-2.637045830488204956e-02,8.484037518501281738e-01,4.037663340568542480e-01,-2.825552225112915039e-02,8.469360470771789551e-01,3.659258186817169189e-01,-2.944416366517543793e-02
1.740575545185000000e+12,5.046943426132202148e-01,6.136509180068969727e-01,-5.121337771415710449e-01,3.152801394462585449e-01,7.883627414703369141e-01,-5.510492250323295593e-02,6.307193636894226074e-01,8.028470277786254883e-01,-2.288166992366313934e-02,2.543114423751831055e-01,9.960578680038452148e-01,-5.915513038635253906e-01,7.018973231315612793e-01,1.043352961540222168e+00,-4.040278494358062744e-01,3.654275536537170410e-01,9.312782883644104004e-01,-1.277143836021423340e+00,6.744281649589538574e-01,8.406394124031066895e-01,-9.280984997749328613e-01,-1.000000000000000000e+00,-1.000000000000000000e+00,-1.000000000000000000e+00,-1.000000000000000000e+00,-1.000000000000000000e+00,-1.000000000000000000e+00,-1.000000000000000000e+00,-1.000000000000000000e+00,-1.000000000000000000e+00,-1.000000000000000000e+00,-1.000000000000000000e+00,-1.000000000000000000e+00,-1.000000000000000000e+00,-1.000000000000000000e+00,-1.000000000000000000e+00,-1.000000000000000000e+00,-1.000000000000000000e+00,-1.000000000000000000e+00,-1.000000000000000000e+00,-1.000000000000000000e+00,-1.000000000000000000e+00,-1.000000000000000000e+00,-1.000000000000000000e+00,-1.000000000000000000e+00,-1.000000000000000000e+00,-1.000000000000000000e+00,-1.000000000000000000e+00,-1.000000000000000000e+00,-1.000000000000000000e+00,-1.000000000000000000e+00,-1.000000000000000000e+00,-1.000000000000000000e+00,-1.000000000000000000e+00,-1.000000000000000000e+00,-1.000000000000000000e+00,-1.000000000000000000e+00,-1.000000000000000000e+00,-1.000000000000000000e+00,-1.000000000000000000e+00,-1.000000000000000000e+00,-1.000000000000000000e+00,-1.000000000000000000e+00,-1.000000000000000000e+00,-1.000000000000000000e+00,-1.000000000000000000e+00,-1.000000000000000000e+00,-1.000000000000000000e+00,-1.000000000000000000e+00,-1.000000000000000000e+00,-1.000000000000000000e+00,-1.000000000000000000e+00,-1.000000000000000000e+00,-1.000000000000000000e+00,-1.000000000000000000e+00,-1.000000000000000000e+00,-1.000000000000000000e+00,-1.000000000000000000e+00,-1.000000000000000000e+00,-1.000000000000000000e+00,-1.000000000000000000e+00,-1.000000000000000000e+00,-1.000000000000000000e+00,-1.000000000000000000e+00,-1.000000000000000000e+00,-1.000000000000000000e+00,-1.000000000000000000e+00,-1.000000000000000000e+00,-1.000000000000000000e+00,-1.000000000000000000e+00,-1.000000000000000000e+00,-1.000000000000000000e+00,-1.000000000000000000e+00,-1.000000000000000000e+00,-1.000000000000000000e+00,-1.000000000000000000e+00,-1.000000000000000000e+00,-1.000000000000000000e+00,-1.000000000000000000e+00,-1.000000000000000000e+00,-1.000000000000000000e+00,-1.000000000000000000e+00,-1.000000000000000000e+00,-1.000000000000000000e+00,-1.000000000000000000e+00,-1.000000000000000000e+00,-1.000000000000000000e+00,-1.000000000000000000e+00,-1.000000000000000000e+00,-1.000000000000000000e+00,-1.000000000000000000e+00,-1.000000000000000000e+00,-1.000000000000000000e+00,-1.000000000000000000e+00,-1.000000000000000000e+00,-1.000000000000000000e+00,-1.000000000000000000e+00,-1.000000000000000000e+00,-1.000000000000000000e+00,-1.000000000000000000e+00,-1.000000000000000000e+00,-1.000000000000000000e+00,-1.000000000000000000e+00,-1.000000000000000000e+00,-1.000000000000000000e+00,-1.000000000000000000e+00,-1.000000000000000000e+00,-1.000000000000000000e+00,-1.000000000000000000e+00,-1.000000000000000000e+00,-1.000000000000000000e+00,-1.000000000000000000e+00,-1.000000000000000000e+00,-1.000000000000000000e+00,-1.000000000000000000e+00,-1.000000000000000000e+00,-1.000000000000000000e+00,-1.000000000000000000e+00,-1.000000000000000000e+00,-1.000000000000000000e+00,-1.000000000000000000e+00,-1.000000000000000000e+00,-1.000000000000000000e+00,-1.000000000000000000e+00,-1.000000000000000000e+00,-1.000000000000000000e+00,-1.000000000000000000e+00
1.740575545657000000e+12,5.121502280235290527e-01,6.220184564590454102e-01,-5.731782913208007812e-01,3.213260173797607422e-01,9.315593242645263672e-01,-5.042378976941108704e-02,6.829845905303955078e-01,9.304891824722290039e-01,-2.600509440526366234e-03,1.272242814302444458e-01,1.054124832153320312e+00,-5.742480754852294922e-01,8.741739392280578613e-01,1.283724427223205566e+00,-4.937198758125305176e-01,2.669032216072082520e-01,6.904801130294799805e-01,-1.054205060005187988e+00,8.155325651168823242e-01,7.739202976226806641e-01,-1.075246930122375488e+00,2.586710751056671143e-01,7.043628096580505371e-01,4.057781666233495343e-07,3.250061571598052979e-01,6.625198125839233398e-01,-1.656417362391948700e-02,3.737965524196624756e-01,5.768818855285644531e-01,-1.725837402045726776e-02,4.147942066192626953e-01,5.209758877754211426e-01,-1.910228841006755829e-02,4.496899247169494629e-01,5.132572054862976074e-01,-2.110153250396251678e-02,3.252025842666625977e-01,4.446601569652557373e-01,7.514089345932006836e-03,3.437477052211761475e-01,3.554164171218872070e-01,5.150518845766782761e-03,3.533578813076019287e-01,3.015559911727905273e-01,-1.108295182348228991e-04,3.599486649036407471e-01,2.626204788684844971e-01,-4.698764067143201828e-03,2.836165726184844971e-01,4.279114603996276855e-01,7.393254898488521576e-03,2.858023345470428467e-01,3.223724663257598877e-01,8.213724941015243530e-03,2.853914201259613037e-01,2.623411118984222412e-01,4.315414931625127792e-03,2.833417356014251709e-01,2.163951843976974487e-01,1.097496598958969116e-03,2.464898675680160522e-01,4.352256655693054199e-01,3.204955020919442177e-03,2.353485822677612305e-01,3.398567438125610352e-01,3.535570867825299501e-04,2.299355268478393555e-01,2.849222719669342041e-01,-5.861574783921241760e-03,2.256575077772140503e-01,2.401973754167556763e-01,-1.080415677279233932e-02,2.093224227428436279e-01,4.637315571308135986e-01,-3.786874003708362579e-03,1.834779232740402222e-01,3.977931439876556396e-01,-1.020123250782489777e-02,1.680827587842941284e-01,3.506178259849548340e-01,-1.433237642049789429e-02,1.567348390817642212e-01,3.067914247512817383e-01,-1.673658750951290131e-02,8.091477751731872559e-01,7.523178458213806152e-01,1.804859266485436819e-07,7.441569566726684570e-01,7.103824615478515625e-01,-1.458283700048923492e-02,6.993253827095031738e-01,6.239368319511413574e-01,-1.718736812472343445e-02,6.741641759872436523e-01,5.473130345344543457e-01,-1.988691836595535278e-02,6.449996829032897949e-01,5.060895085334777832e-01,-2.232420071959495544e-02,7.510051131248474121e-01,4.975824654102325439e-01,4.977914504706859589e-03,7.365095019340515137e-01,4.080098569393157959e-01,-2.881316235288977623e-03,7.270741462707519531e-01,3.537088036537170410e-01,-1.328938920050859451e-02,7.190669775009155273e-01,3.110083639621734619e-01,-2.175773866474628448e-02,7.898346781730651855e-01,4.887499213218688965e-01,1.613376196473836899e-03,7.848581075668334961e-01,3.871186971664428711e-01,-2.523421542719006538e-03,7.805820107460021973e-01,3.274890780448913574e-01,-1.135634910315275192e-02,7.768434882164001465e-01,2.818322777748107910e-01,-1.872530579566955566e-02,8.265398144721984863e-01,5.015664696693420410e-01,-5.530694965273141861e-03,8.265106678009033203e-01,4.071317017078399658e-01,-1.369400229305028915e-02,8.244130015373229980e-01,3.555892407894134521e-01,-1.990472711622714996e-02,8.208041191101074219e-01,3.135572671890258789e-01,-2.464683540165424347e-02,8.633141517639160156e-01,5.307557582855224609e-01,-1.467396039515733719e-02,8.752896785736083984e-01,4.604552686214447021e-01,-2.210903540253639221e-02,8.804679512977600098e-01,4.192617237567901611e-01,-2.339134737849235535e-02,8.834138512611389160e-01,3.824998140335083008e-01,-2.426285296678543091e-02
1.740575545693000000e+12,5.093778371810913086e-01,6.203599572181701660e-01,-5.703659057617187500e-01,3.189251720905303955e-01,9.284642338752746582e-01,-4.911367967724800110e-02,6.829096674919128418e-01,9.328781366348266602e-01,-7.649878971278667450e-03,1.207439079880714417e-01,1.075246810913085938e+00,-5.546957254409790039e-01,8.789161443710327148e-01,1.308061957359313965e+00,-4.814022481441497803e-01,2.624492049217224121e-01,6.879877448081970215e-01,-1.070852994918823242e+00,8.342561721801757812e-01,7.805914878845214844e-01,-1.062074422836303711e+00,2.552609145641326904e-01,7.087954282760620117e-01,3.986231433827924775e-07,3.206245899200439453e-01,6.649661660194396973e-01,-1.703801192343235016e-02,3.680493235588073730e-01,5.770270228385925293e-01,-1.861427910625934601e-02,4.082463979721069336e-01,5.188555717468261719e-01,-2.151468768715858459e-02,4.435560703277587891e-01,5.111331343650817871e-01,-2.463402785360813141e-02,3.175471723079681396e-01,4.437249302864074707e-01,5.328763276338577271e-03,3.354615271091461182e-01,3.577661514282226562e-01,1.284914207644760609e-03,3.457254171371459961e-01,3.044038116931915283e-01,-4.695157054811716080e-03,3.527043759822845459e-01,2.660333514213562012e-01,-9.688854217529296875e-03,2.749088704586029053e-01,4.285141229629516602e-01,4.560011904686689377e-03,2.761603295803070068e-01,3.224236071109771729e-01,3.768217749893665314e-03,2.757092416286468506e-01,2.635456919670104980e-01,5.814270116388797760e-04,2.735734283924102783e-01,2.192381918430328369e-01,-1.787208486348390579e-03,2.374332100152969360e-01,4.379668533802032471e-01,-4.594046331476420164e-04,2.232852429151535034e-01,3.422842919826507568e-01,-5.183556117117404938e-03,2.166066467761993408e-01,2.870950102806091309e-01,-1.097466982901096344e-02,2.115952521562576294e-01,2.426803559064865112e-01,-1.526307687163352966e-02,2.010221183300018311e-01,4.701017737388610840e-01,-8.339755237102508545e-03,1.716781556606292725e-01,4.048229157924652100e-01,-1.659790985286235809e-02,1.544154137372970581e-01,3.587734997272491455e-01,-2.094104140996932983e-02,1.417198181152343750e-01,3.158434331417083740e-01,-2.328736335039138794e-02,8.203536272048950195e-01,7.508651018142700195e-01,2.132097733920090832e-07,7.571235895156860352e-01,7.052335739135742188e-01,-1.432531978935003281e-02,7.149945497512817383e-01,6.181709170341491699e-01,-1.603739708662033081e-02,6.910833716392517090e-01,5.421931147575378418e-01,-1.815046928822994232e-02,6.627349853515625000e-01,5.005310773849487305e-01,-1.982293836772441864e-02,7.734335660934448242e-01,5.023472905158996582e-01,8.162958547472953796e-03,7.586216926574707031e-01,4.137308299541473389e-01,1.491655129939317703e-03,7.502622008323669434e-01,3.594357967376708984e-01,-7.883703336119651794e-03,7.439446449279785156e-01,3.148053884506225586e-01,-1.547375880181789398e-02,8.109369874000549316e-01,4.966013729572296143e-01,5.312274675816297531e-03,8.088667392730712891e-01,3.937330543994903564e-01,3.255875548347830772e-03,8.073763847351074219e-01,3.329569995403289795e-01,-3.902739379554986954e-03,8.069642186164855957e-01,2.869094908237457275e-01,-9.992526844143867493e-03,8.462951779365539551e-01,5.112400650978088379e-01,-1.572476350702345371e-03,8.492763638496398926e-01,4.192895889282226562e-01,-7.291120477020740509e-03,8.490536212921142578e-01,3.684407472610473633e-01,-1.201711874455213547e-02,8.481030464172363281e-01,3.275201320648193359e-01,-1.566149294376373291e-02,8.811667561531066895e-01,5.423281788825988770e-01,-1.075096800923347473e-02,8.952017426490783691e-01,4.763692617416381836e-01,-1.532789506018161774e-02,9.022018909454345703e-01,4.365597963333129883e-01,-1.509044133126735687e-02,9.075443744659423828e-01,4.016725122928619385e-01,-1.499717589467763901e-02
1.740575545729000000e+12,5.057010650634765625e-01,6.227040290832519531e-01,-5.531740188598632812e-01,3.159040510654449463e-01,9.321473240852355957e-01,-3.929881006479263306e-02,6.824585199356079102e-01,9.372237920761108398e-01,-5.247527733445167542e-03,1.179904118180274963e-01,1.077465534210205078e+00,-4.954186975955963135e-01,8.788030743598937988e-01,1.313112378120422363e+00,-4.618046283721923828e-01,2.597442269325256348e-01,6.817249059677124023e-01,-9.265611767768859863e-01,8.437575101852416992e-01,7.848866581916809082e-01,-1.019806385040283203e+00,2.507560551166534424e-01,7.203434109687805176e-01,3.978814220317872241e-07,3.173051178455352783e-01,6.724498867988586426e-01,-1.594061776995658875e-02,3.640704751014709473e-01,5.787434577941894531e-01,-1.583913341164588928e-02,4.038543999195098877e-01,5.169070363044738770e-01,-1.730954088270664215e-02,4.399243295192718506e-01,5.104768872261047363e-01,-1.868478022515773773e-02,3.114223778247833252e-01,4.417984485626220703e-01,1.003959681838750839e-02,3.292700946331024170e-01,3.537722229957580566e-01,7.657373324036598206e-03,3.387605845928192139e-01,2.984296381473541260e-01,3.027740167453885078e-03,3.448221087455749512e-01,2.583525180816650391e-01,-9.425780153833329678e-04,2.684944868087768555e-01,4.298442006111145020e-01,9.469013661146163940e-03,2.674162685871124268e-01,3.226857185363769531e-01,9.730359539389610291e-03,2.664661705493927002e-01,2.620130479335784912e-01,7.689126767218112946e-03,2.643153965473175049e-01,2.162971198558807373e-01,6.627987604588270187e-03,2.314099371433258057e-01,4.413234591484069824e-01,4.463558550924062729e-03,2.147741168737411499e-01,3.461783528327941895e-01,4.290061770007014275e-05,2.079779654741287231e-01,2.912413775920867920e-01,-5.088093690574169159e-03,2.031865566968917847e-01,2.485481947660446167e-01,-8.238722570240497589e-03,1.960105448961257935e-01,4.742187559604644775e-01,-3.412569174543023109e-03,1.647526621818542480e-01,4.094415903091430664e-01,-1.201028004288673401e-02,1.457791030406951904e-01,3.622583448886871338e-01,-1.658128947019577026e-02,1.318949013948440552e-01,3.186981976032257080e-01,-1.847398653626441956e-02,8.289955854415893555e-01,7.572575807571411133e-01,2.343314662311968277e-07,7.664764523506164551e-01,7.083091139793395996e-01,-1.532742194831371307e-02,7.253117561340332031e-01,6.185243725776672363e-01,-1.634456217288970947e-02,7.013353109359741211e-01,5.453967452049255371e-01,-1.746225357055664062e-02,6.757819056510925293e-01,5.025301575660705566e-01,-1.756690628826618195e-02,7.844891548156738281e-01,5.062532424926757812e-01,8.830154314637184143e-03,7.707322239875793457e-01,4.152623414993286133e-01,1.944448798894882202e-03,7.637152671813964844e-01,3.595821857452392578e-01,-7.159268017858266830e-03,7.599868774414062500e-01,3.143319487571716309e-01,-1.379610504955053329e-02,8.213829994201660156e-01,5.014463067054748535e-01,7.509673945605754852e-03,8.208295106887817383e-01,3.986727297306060791e-01,7.231178227812051773e-03,8.201524019241333008e-01,3.357451856136322021e-01,2.915053861215710640e-03,8.207712173461914062e-01,2.906007468700408936e-01,-6.305458955466747284e-04,8.565719723701477051e-01,5.167462229728698730e-01,1.668740180321037769e-03,8.601706624031066895e-01,4.230976402759552002e-01,-1.348472665995359421e-03,8.595902323722839355e-01,3.703977465629577637e-01,-2.789478516206145287e-03,8.586723208427429199e-01,3.299827873706817627e-01,-3.855564864352345467e-03,8.909749984741210938e-01,5.483573675155639648e-01,-6.964875385165214539e-03,9.048820137977600098e-01,4.834261238574981689e-01,-9.595787152647972107e-03,9.102968573570251465e-01,4.424650669097900391e-01,-7.780698593705892563e-03,9.146752357482910156e-01,4.079452157020568848e-01,-6.037151440978050232e-03
1.740575545766000000e+12,5.016116499900817871e-01,6.226077079772949219e-01,-6.366732120513916016e-01,3.160928487777709961e-01,9.474468827247619629e-01,-9.969476610422134399e-02,6.817337274551391602e-01,9.444088339805603027e-01,-3.883815184235572815e-02,1.200401037931442261e-01,1.085600852966308594e+00,-5.856271386146545410e-01,8.803976774215698242e-01,1.307613849639892578e+00,-4.731761515140533447e-01,2.575078010559082031e-01,6.780066490173339844e-01,-1.094785332679748535e+00,8.497608304023742676e-01,7.861703038215637207e-01,-1.044883966445922852e+00,2.469868808984756470e-01,7.292094826698303223e-01,3.948876496906450484e-07,3.136682510375976562e-01,6.803758740425109863e-01,-1.658498682081699371e-02,3.602741658687591553e-01,5.820165872573852539e-01,-1.664683036506175995e-02,3.996044397354125977e-01,5.166118741035461426e-01,-1.798477582633495331e-02,4.366364777088165283e-01,5.101949572563171387e-01,-1.925406046211719513e-02,3.079446256160736084e-01,4.417034387588500977e-01,7.980150170624256134e-03,3.260514438152313232e-01,3.515832722187042236e-01,5.505401175469160080e-03,3.356306552886962891e-01,2.961651384830474854e-01,8.310759440064430237e-04,3.415474891662597656e-01,2.546438872814178467e-01,-3.389295423403382301e-03,2.651120722293853760e-01,4.296939074993133545e-01,7.556632626801729202e-03,2.636829316616058350e-01,3.218899667263031006e-01,7.292320020496845245e-03,2.615447938442230225e-01,2.612046003341674805e-01,4.729826468974351883e-03,2.578152120113372803e-01,2.152356505393981934e-01,3.257641568779945374e-03,2.276665568351745605e-01,4.417945742607116699e-01,2.803601324558258057e-03,2.110036164522171021e-01,3.458544611930847168e-01,-2.568444469943642616e-03,2.039396315813064575e-01,2.913396656513214111e-01,-8.709103800356388092e-03,1.981785744428634644e-01,2.490257620811462402e-01,-1.240229792892932892e-02,1.919947117567062378e-01,4.755673110485076904e-01,-4.744572099298238754e-03,1.597958803176879883e-01,4.102865159511566162e-01,-1.446991134434938431e-02,1.396631300449371338e-01,3.634419143199920654e-01,-2.001892589032649994e-02,1.241634041070938110e-01,3.197129964828491211e-01,-2.247536182403564453e-02,8.330185413360595703e-01,7.618117928504943848e-01,2.545621669014508370e-07,7.711339592933654785e-01,7.149434089660644531e-01,-1.741950772702693939e-02,7.297311425209045410e-01,6.235378980636596680e-01,-1.897543296217918396e-02,7.052097320556640625e-01,5.491698980331420898e-01,-2.034769207239151001e-02,6.795836091041564941e-01,5.055557489395141602e-01,-2.070883475244045258e-02,7.891245484352111816e-01,5.078743696212768555e-01,8.143836632370948792e-03,7.761719822883605957e-01,4.190972447395324707e-01,1.327363657765090466e-03,7.691059708595275879e-01,3.652298748493194580e-01,-7.925366982817649841e-03,7.651167511940002441e-01,3.210256397724151611e-01,-1.479374617338180542e-02,8.262189030647277832e-01,5.028421878814697266e-01,7.429632823914289474e-03,8.263103961944580078e-01,4.020606875419616699e-01,6.982287857681512833e-03,8.262947201728820801e-01,3.387787342071533203e-01,2.297749277204275131e-03,8.273299932479858398e-01,2.945640683174133301e-01,-1.437729340977966785e-03,8.614435791969299316e-01,5.185724496841430664e-01,1.879189629107713699e-03,8.641391992568969727e-01,4.249378740787506104e-01,-2.777325687929987907e-03,8.633125424385070801e-01,3.702739477157592773e-01,-5.824903026223182678e-03,8.617485761642456055e-01,3.283950686454772949e-01,-7.680943235754966736e-03,8.951114416122436523e-01,5.507880449295043945e-01,-6.502368021756410599e-03,9.088219404220581055e-01,4.858630001544952393e-01,-1.149492710828781128e-02,9.150828123092651367e-01,4.465857446193695068e-01,-1.122394017875194550e-02,9.205788373947143555e-01,4.139482378959655762e-01,-1.024083513766527176e-02
1.740575545802000000e+12,5.011241436004638672e-01,6.225669384002685547e-01,-6.800413131713867188e-01,3.162351846694946289e-01,9.476055502891540527e-01,-1.430179774761199951e-01,6.818522214889526367e-01,9.486391544342041016e-01,-7.022161781787872314e-02,1.170354932546615601e-01,1.091063857078552246e+00,-6.214241385459899902e-01,8.847533464431762695e-01,1.327444076538085938e+00,-4.911828637123107910e-01,2.551428079605102539e-01,6.825315356254577637e-01,-1.151879310607910156e+00,8.469136953353881836e-01,7.880061864852905273e-01,-1.077421069145202637e+00,2.448765486478805542e-01,7.298425436019897461e-01,4.143571743497886928e-07,3.104974627494812012e-01,6.812521815299987793e-01,-1.766813732683658600e-02,3.569552898406982422e-01,5.823609828948974609e-01,-1.856859214603900909e-02,3.964371979236602783e-01,5.171230435371398926e-01,-2.047645673155784607e-02,4.331074059009552002e-01,5.125929117202758789e-01,-2.222552336752414703e-02,3.040861189365386963e-01,4.416488111019134521e-01,5.486181471496820450e-03,3.227049708366394043e-01,3.515499830245971680e-01,2.491162624210119247e-03,3.321452140808105469e-01,2.950873076915740967e-01,-1.594010391272604465e-03,3.375535011291503906e-01,2.540470957756042480e-01,-5.016174167394638062e-03,2.613886892795562744e-01,4.288533926010131836e-01,5.520125851035118103e-03,2.605474293231964111e-01,3.193267285823822021e-01,5.129075143486261368e-03,2.581993043422698975e-01,2.585601806640625000e-01,4.166692961007356644e-03,2.540137469768524170e-01,2.134769111871719360e-01,4.443476907908916473e-03,2.244116961956024170e-01,4.404252469539642334e-01,1.140310079790651798e-03,2.072932124137878418e-01,3.433540761470794678e-01,-4.621257539838552475e-03,2.004072219133377075e-01,2.885577976703643799e-01,-9.575471282005310059e-03,1.945515722036361694e-01,2.468568086624145508e-01,-1.189995743334293365e-02,1.889778524637222290e-01,4.740100800991058350e-01,-6.115493364632129669e-03,1.557057350873947144e-01,4.094698131084442139e-01,-1.656954735517501831e-02,1.350656449794769287e-01,3.629697859287261963e-01,-2.189539000391960144e-02,1.190864145755767822e-01,3.201099038124084473e-01,-2.362815663218498230e-02,8.330204486846923828e-01,7.671847343444824219e-01,2.634550924085488077e-07,7.699019908905029297e-01,7.211595177650451660e-01,-1.786893233656883240e-02,7.292901873588562012e-01,6.301450133323669434e-01,-1.847014762461185455e-02,7.050266265869140625e-01,5.575859546661376953e-01,-1.836680993437767029e-02,6.799560189247131348e-01,5.143852829933166504e-01,-1.710943505167961121e-02,7.875648140907287598e-01,5.127747654914855957e-01,9.062079712748527527e-03,7.734569907188415527e-01,4.230773448944091797e-01,3.951793070882558823e-03,7.661858797073364258e-01,3.694224357604980469e-01,-4.024127498269081116e-03,7.622292637825012207e-01,3.250414729118347168e-01,-9.845516644418239594e-03,8.251842856407165527e-01,5.078030228614807129e-01,9.720451198518276215e-03,8.248805403709411621e-01,4.070893526077270508e-01,1.190810184925794601e-02,8.251463770866394043e-01,3.440068364143371582e-01,9.045556187629699707e-03,8.259766697883605957e-01,2.999810874462127686e-01,6.532414350658655167e-03,8.603590130805969238e-01,5.242081284523010254e-01,5.431640427559614182e-03,8.623444437980651855e-01,4.345512390136718750e-01,3.491968149319291115e-03,8.613787889480590820e-01,3.805402815341949463e-01,1.549908891320228577e-03,8.601935505867004395e-01,3.384723961353302002e-01,2.172580716433003545e-04,8.939642906188964844e-01,5.557247400283813477e-01,-1.809924724511802197e-03,9.063767790794372559e-01,4.915484488010406494e-01,-4.320281557738780975e-03,9.125286936759948730e-01,4.536388814449310303e-01,-2.907319227233529091e-03,9.187513589859008789e-01,4.214708507061004639e-01,-1.265951897948980331e-03
1.740575545838000000e+12,5.018463134765625000e-01,6.218624114990234375e-01,-6.361905336380004883e-01,3.160713911056518555e-01,9.457606077194213867e-01,-1.109976917505264282e-01,6.833421587944030762e-01,9.472907185554504395e-01,-5.581269413232803345e-02,1.172517314553260803e-01,1.085824608802795410e+00,-6.004880666732788086e-01,8.803507089614868164e-01,1.334726214408874512e+00,-5.271626710891723633e-01,2.500457167625427246e-01,6.757171750068664551e-01,-1.133920907974243164e+00,8.431868553161621094e-01,7.894687056541442871e-01,-1.153589129447937012e+00,2.425753623247146606e-01,7.311015129089355469e-01,4.220041773805860430e-07,3.077172040939331055e-01,6.806964874267578125e-01,-1.770620979368686676e-02,3.541903197765350342e-01,5.816532373428344727e-01,-1.875999011099338531e-02,3.948103487491607666e-01,5.166573524475097656e-01,-2.071020193397998810e-02,4.316526353359222412e-01,5.112233757972717285e-01,-2.252512425184249878e-02,3.012557923793792725e-01,4.407284855842590332e-01,4.632519558072090149e-03,3.199945390224456787e-01,3.511107563972473145e-01,1.572933397255837917e-03,3.296980559825897217e-01,2.944289743900299072e-01,-2.348336856812238693e-03,3.355297148227691650e-01,2.532396912574768066e-01,-5.553876981139183044e-03,2.584379315376281738e-01,4.282293021678924561e-01,4.635613411664962769e-03,2.577835917472839355e-01,3.175277411937713623e-01,4.293659701943397522e-03,2.551503479480743408e-01,2.559454143047332764e-01,3.721985733136534691e-03,2.509071826934814453e-01,2.109554857015609741e-01,4.330755211412906647e-03,2.211984843015670776e-01,4.405350685119628906e-01,2.377639029873535037e-04,2.045142203569412231e-01,3.428537249565124512e-01,-5.904892459511756897e-03,1.970378458499908447e-01,2.871237397193908691e-01,-1.093525532633066177e-02,1.905383318662643433e-01,2.453074902296066284e-01,-1.317618321627378464e-02,1.855094283819198608e-01,4.751497507095336914e-01,-6.972382776439189911e-03,1.518112123012542725e-01,4.096662998199462891e-01,-1.822150312364101410e-02,1.306185424327850342e-01,3.628125190734863281e-01,-2.389948442578315735e-02,1.142706498503684998e-01,3.193891644477844238e-01,-2.571269869804382324e-02,8.316605687141418457e-01,7.684127688407897949e-01,2.771518268218642334e-07,7.690042257308959961e-01,7.245144844055175781e-01,-1.909979246556758881e-02,7.272658944129943848e-01,6.360179781913757324e-01,-2.209239453077316284e-02,7.014485597610473633e-01,5.635357499122619629e-01,-2.426588721573352814e-02,6.750143766403198242e-01,5.188123583793640137e-01,-2.530479989945888519e-02,7.842926979064941406e-01,5.167518258094787598e-01,5.517828278243541718e-03,7.687707543373107910e-01,4.269089102745056152e-01,-1.551515539176762104e-03,7.602697014808654785e-01,3.731859326362609863e-01,-1.091623865067958832e-02,7.552015781402587891e-01,3.282305002212524414e-01,-1.777572371065616608e-02,8.211396336555480957e-01,5.102329850196838379e-01,5.979001056402921677e-03,8.192881941795349121e-01,4.085562825202941895e-01,5.786022637039422989e-03,8.184878230094909668e-01,3.458695709705352783e-01,1.326400437392294407e-03,8.187226653099060059e-01,3.006020188331604004e-01,-2.349722431972622871e-03,8.561573028564453125e-01,5.253067016601562500e-01,1.635428750887513161e-03,8.578206300735473633e-01,4.338034093379974365e-01,-1.971945399418473244e-03,8.569158911705017090e-01,3.796663284301757812e-01,-4.619371145963668823e-03,8.557991981506347656e-01,3.370117545127868652e-01,-6.548921111971139908e-03,8.898632526397705078e-01,5.564277768135070801e-01,-5.643650889396667480e-03,9.024263024330139160e-01,4.913695454597473145e-01,-8.930158801376819611e-03,9.089733958244323730e-01,4.531610608100891113e-01,-7.714236620813608170e-03,9.153211116790771484e-01,4.206490516662597656e-01,-6.329152733087539673e-03
1.740575545875000000e+12,5.023714900016784668e-01,6.241821050643920898e-01,-6.154428124427795410e-01,3.161290287971496582e-01,9.453803300857543945e-01,-5.835746973752975464e-02,6.845708489418029785e-01,9.468652606010437012e-01,-1.031717378646135330e-02,1.134708672761917114e-01,1.082575082778930664e+00,-5.351209640502929688e-01,8.791403770446777344e-01,1.331416845321655273e+00,-4.655489027500152588e-01,2.445754259824752808e-01,6.808388829231262207e-01,-1.044152617454528809e+00,8.406449556350708008e-01,7.900523543357849121e-01,-1.071639418601989746e+00,2.379437386989593506e-01,7.349823713302612305e-01,4.315521664466359653e-07,3.038999438285827637e-01,6.834242343902587891e-01,-1.709721796214580536e-02,3.513125777244567871e-01,5.810340046882629395e-01,-1.720029301941394806e-02,3.930746316909790039e-01,5.155942440032958984e-01,-1.831740513443946838e-02,4.306542575359344482e-01,5.121548771858215332e-01,-1.924505829811096191e-02,2.984041869640350342e-01,4.396736323833465576e-01,7.170178927481174469e-03,3.173202276229858398e-01,3.496243059635162354e-01,5.380145274102687836e-03,3.272329270839691162e-01,2.930580973625183105e-01,2.349778544157743454e-03,3.330269753932952881e-01,2.529319524765014648e-01,-8.508687460562214255e-05,2.556792497634887695e-01,4.270699918270111084e-01,7.175003178417682648e-03,2.554257512092590332e-01,3.143045604228973389e-01,8.506347425282001495e-03,2.526068985462188721e-01,2.525018751621246338e-01,9.113727137446403503e-03,2.480970770120620728e-01,2.079714536666870117e-01,1.078598573803901672e-02,2.181653082370758057e-01,4.391954541206359863e-01,2.632572315633296967e-03,2.018390297889709473e-01,3.406423628330230713e-01,-2.421119948849081993e-03,1.945452541112899780e-01,2.842661440372467041e-01,-6.896307226270437241e-03,1.880590617656707764e-01,2.425155937671661377e-01,-8.549445308744907379e-03,1.815269291400909424e-01,4.734727740287780762e-01,-4.736251663416624069e-03,1.478542983531951904e-01,4.079619944095611572e-01,-1.534159760922193527e-02,1.264089345932006836e-01,3.609839677810668945e-01,-2.065366506576538086e-02,1.098328679800033569e-01,3.178915083408355713e-01,-2.200814895331859589e-02,8.292890787124633789e-01,7.679101228713989258e-01,2.986641334246087354e-07,7.670890092849731445e-01,7.277976274490356445e-01,-2.083300054073333740e-02,7.248073220252990723e-01,6.406390666961669922e-01,-2.434458956122398376e-02,6.982700228691101074e-01,5.680256485939025879e-01,-2.671384811401367188e-02,6.717176437377929688e-01,5.231168270111083984e-01,-2.780270949006080627e-02,7.806315422058105469e-01,5.180096030235290527e-01,3.851418383419513702e-03,7.639651894569396973e-01,4.284061491489410400e-01,-3.226161701604723930e-03,7.547416090965270996e-01,3.744655549526214600e-01,-1.213420741260051727e-02,7.494149208068847656e-01,3.296285569667816162e-01,-1.849189028143882751e-02,8.177868723869323730e-01,5.105074048042297363e-01,5.327637773007154465e-03,8.156643509864807129e-01,4.084214568138122559e-01,5.324244964867830276e-03,8.144282102584838867e-01,3.445596694946289062e-01,1.779136713594198227e-03,8.143075108528137207e-01,2.998760640621185303e-01,-1.026692916639149189e-03,8.532344698905944824e-01,5.248264670372009277e-01,1.772593939676880836e-03,8.538894057273864746e-01,4.343754649162292480e-01,-2.223460935056209564e-03,8.518778681755065918e-01,3.803109228610992432e-01,-4.897024482488632202e-03,8.498887419700622559e-01,3.383927345275878906e-01,-6.495998706668615341e-03,8.873644471168518066e-01,5.550396442413330078e-01,-4.835553467273712158e-03,9.000244736671447754e-01,4.898594021797180176e-01,-8.625619113445281982e-03,9.065462946891784668e-01,4.523247182369232178e-01,-7.784476503729820251e-03,9.127494692802429199e-01,4.208869636058807373e-01,-6.436766125261783600e-03
1.740575545911000000e+12,5.021799802780151367e-01,6.268138289451599121e-01,-6.074842810630798340e-01,3.168849945068359375e-01,9.472949504852294922e-01,-5.899548530578613281e-02,6.823796033859252930e-01,9.459531307220458984e-01,-5.031841807067394257e-03,1.149807721376419067e-01,1.076331973075866699e+00,-5.496337413787841797e-01,8.733563423156738281e-01,1.326959252357482910e+00,-4.601133465766906738e-01,2.424618750810623169e-01,6.778544187545776367e-01,-1.082245826721191406e+00,8.382455706596374512e-01,7.892423272132873535e-01,-1.071386575698852539e+00,2.331245839595794678e-01,7.356358170509338379e-01,4.145090031215659110e-07,2.998629510402679443e-01,6.825858354568481445e-01,-1.730899326503276825e-02,3.472215831279754639e-01,5.818628072738647461e-01,-1.786220446228981018e-02,3.886215984821319580e-01,5.163189172744750977e-01,-1.966685615479946136e-02,4.264211654663085938e-01,5.123286247253417969e-01,-2.130438759922981262e-02,2.955842912197113037e-01,4.399021863937377930e-01,7.667793426662683487e-03,3.136757612228393555e-01,3.510845601558685303e-01,5.763331428170204163e-03,3.233422935009002686e-01,2.940958440303802490e-01,3.064530668780207634e-03,3.292011320590972900e-01,2.543761432170867920e-01,9.090052917599678040e-04,2.529244422912597656e-01,4.274910092353820801e-01,7.438239175826311111e-03,2.517559230327606201e-01,3.166846036911010742e-01,8.663328364491462708e-03,2.485282123088836670e-01,2.555298209190368652e-01,1.003000978380441666e-02,2.438778728246688843e-01,2.106252461671829224e-01,1.241234689950942993e-02,2.155970335006713867e-01,4.392060935497283936e-01,2.401317004114389420e-03,1.984247267246246338e-01,3.418218195438385010e-01,-3.503204789012670517e-03,1.909842640161514282e-01,2.850043177604675293e-01,-7.827203720808029175e-03,1.842598468065261841e-01,2.431544661521911621e-01,-9.129655547440052032e-03,1.790197640657424927e-01,4.727796912193298340e-01,-5.528466310352087021e-03,1.438096463680267334e-01,4.069741070270538330e-01,-1.759557984769344330e-02,1.211122348904609680e-01,3.598575592041015625e-01,-2.358472906053066254e-02,1.031339913606643677e-01,3.171815574169158936e-01,-2.515229955315589905e-02,8.305056691169738770e-01,7.678601741790771484e-01,3.079455552779108984e-07,7.691372632980346680e-01,7.311845421791076660e-01,-2.240404300391674042e-02,7.249258756637573242e-01,6.464251875877380371e-01,-2.634054422378540039e-02,6.976094245910644531e-01,5.750571489334106445e-01,-2.866687625646591187e-02,6.718724966049194336e-01,5.287832021713256836e-01,-2.955960482358932495e-02,7.778901457786560059e-01,5.197240114212036133e-01,1.032967818900942802e-03,7.599385380744934082e-01,4.301470518112182617e-01,-6.202280521392822266e-03,7.499621510505676270e-01,3.756524622440338135e-01,-1.484808046370744705e-02,7.439002394676208496e-01,3.298353850841522217e-01,-2.101912721991539001e-02,8.153392672538757324e-01,5.110530257225036621e-01,3.393064951524138451e-03,8.126621246337890625e-01,4.081718325614929199e-01,3.595538437366485596e-03,8.118621706962585449e-01,3.427302837371826172e-01,7.791905081830918789e-04,8.119803667068481445e-01,2.972612380981445312e-01,-1.545986975543200970e-03,8.511977195739746094e-01,5.253970623016357422e-01,6.305392016656696796e-04,8.515309095382690430e-01,4.360451400279998779e-01,-3.524778177961707115e-03,8.500630855560302734e-01,3.818180263042449951e-01,-6.325290072709321976e-03,8.482615351676940918e-01,3.396960198879241943e-01,-7.932131178677082062e-03,8.858154416084289551e-01,5.555223822593688965e-01,-5.286702420562505722e-03,8.982456922531127930e-01,4.905202984809875488e-01,-9.690137580037117004e-03,9.049772620201110840e-01,4.535098969936370850e-01,-9.336394257843494415e-03,9.113008975982666016e-01,4.224264323711395264e-01,-8.271848782896995544e-03
1.740575545947000000e+12,5.020747780799865723e-01,6.286377906799316406e-01,-6.045969724655151367e-01,3.158366084098815918e-01,9.464938044548034668e-01,-6.898419559001922607e-02,6.815139055252075195e-01,9.453009963035583496e-01,-1.956354454159736633e-02,1.116719990968704224e-01,1.060670018196105957e+00,-5.276978015899658203e-01,8.745675086975097656e-01,1.326417684555053711e+00,-4.630856513977050781e-01,2.389349639415740967e-01,6.769359111785888672e-01,-9.728251695632934570e-01,8.373295664787292480e-01,7.879182696342468262e-01,-1.007192373275756836e+00,2.314117252826690674e-01,7.353358268737792969e-01,4.474853767533204518e-07,2.951484024524688721e-01,6.819882988929748535e-01,-1.876558735966682434e-02,3.422651588916778564e-01,5.862596631050109863e-01,-2.258713729679584503e-02,3.845664262771606445e-01,5.213741064071655273e-01,-2.756397798657417297e-02,4.228007495403289795e-01,5.156040787696838379e-01,-3.240038082003593445e-02,2.912331521511077881e-01,4.403671026229858398e-01,2.096552168950438499e-03,3.108445703983306885e-01,3.523199260234832764e-01,-2.357956720516085625e-03,3.216859102249145508e-01,2.956905364990234375e-01,-6.856850348412990570e-03,3.285161256790161133e-01,2.551949024200439453e-01,-1.040694583207368851e-02,2.482428252696990967e-01,4.274029135704040527e-01,1.373398234136402607e-03,2.471529841423034668e-01,3.170725703239440918e-01,2.827667049132287502e-04,2.435687780380249023e-01,2.554909884929656982e-01,6.945755012566223741e-05,2.381049990653991699e-01,2.087970972061157227e-01,9.081506868824362755e-04,2.106972932815551758e-01,4.393401145935058594e-01,-3.999074455350637436e-03,1.919899135828018188e-01,3.435775041580200195e-01,-1.131559628993272781e-02,1.818489581346511841e-01,2.843972146511077881e-01,-1.672262884676456451e-02,1.724175661802291870e-01,2.396433949470520020e-01,-1.930890418589115143e-02,1.746450215578079224e-01,4.740115702152252197e-01,-1.232222001999616623e-02,1.383209675550460815e-01,4.083450436592102051e-01,-2.476956136524677277e-02,1.149893850088119507e-01,3.624212741851806641e-01,-3.094697371125221252e-02,9.629189968109130859e-02,3.201383352279663086e-01,-3.311693295836448669e-02,8.281703591346740723e-01,7.675753831863403320e-01,3.208892849215772003e-07,7.690268754959106445e-01,7.323299646377563477e-01,-2.292017452418804169e-02,7.251178622245788574e-01,6.533768177032470703e-01,-2.928513661026954651e-02,6.967176795005798340e-01,5.832553505897521973e-01,-3.429562225937843323e-02,6.685268878936767578e-01,5.388651490211486816e-01,-3.810273855924606323e-02,7.752394080162048340e-01,5.213146805763244629e-01,-2.077969023957848549e-03,7.577438950538635254e-01,4.340410232543945312e-01,-1.090485882014036179e-02,7.475396990776062012e-01,3.804399669170379639e-01,-2.047142200171947479e-02,7.406266331672668457e-01,3.357844352722167969e-01,-2.774382941424846649e-02,8.131989836692810059e-01,5.116959214210510254e-01,-1.353633939288556576e-03,8.110596537590026855e-01,4.099225401878356934e-01,-5.089562851935625076e-03,8.099736571311950684e-01,3.449159562587738037e-01,-1.115231402218341827e-02,8.098685145378112793e-01,2.983826398849487305e-01,-1.596309430897235870e-02,8.491598367691040039e-01,5.250400304794311523e-01,-5.593562964349985123e-03,8.529618382453918457e-01,4.359815120697021484e-01,-1.461439207196235657e-02,8.534534573554992676e-01,3.812482357025146484e-01,-2.147877216339111328e-02,8.527806997299194336e-01,3.373329341411590576e-01,-2.580884844064712524e-02,8.834056258201599121e-01,5.549839138984680176e-01,-1.263393927365541458e-02,9.006652832031250000e-01,4.905095100402832031e-01,-2.199579961597919464e-02,9.105588197708129883e-01,4.510021805763244629e-01,-2.545253746211528778e-02,9.190181493759155273e-01,4.161471128463745117e-01,-2.716064639389514923e-02
1.740575545984000000e+12,5.010284185409545898e-01,6.281308531761169434e-01,-4.872198998928070068e-01,3.162844479084014893e-01,9.482893943786621094e-01,1.747529720887541771e-03,6.817150115966796875e-01,9.448009133338928223e-01,4.723958671092987061e-02,1.093888878822326660e-01,1.060941100120544434e+00,-4.656681418418884277e-01,8.774973750114440918e-01,1.322249054908752441e+00,-4.168001711368560791e-01,2.399276494979858398e-01,6.749381422996520996e-01,-9.435321092605590820e-01,8.394058942794799805e-01,7.880806922912597656e-01,-9.952680468559265137e-01,2.296672463417053223e-01,7.383053302764892578e-01,4.322618281094037229e-07,2.922343909740447998e-01,6.836686134338378906e-01,-1.772951520979404449e-02,3.381463289260864258e-01,5.857847929000854492e-01,-2.079521305859088898e-02,3.789945542812347412e-01,5.225090980529785156e-01,-2.494262903928756714e-02,4.162775278091430664e-01,5.147304534912109375e-01,-2.910875529050827026e-02,2.913337349891662598e-01,4.369646310806274414e-01,3.698012442328035831e-04,3.144104182720184326e-01,3.481475710868835449e-01,-5.492789670825004578e-03,3.271431922912597656e-01,2.904235422611236572e-01,-1.145514659583568573e-02,3.342124819755554199e-01,2.477025389671325684e-01,-1.654157042503356934e-02,2.468532323837280273e-01,4.235387146472930908e-01,-1.406797091476619244e-03,2.447543293237686157e-01,3.104856610298156738e-01,-5.346790421754121780e-03,2.413201630115509033e-01,2.476390451192855835e-01,-8.379933424293994904e-03,2.351583987474441528e-01,2.014152407646179199e-01,-9.881639853119850159e-03,2.086856067180633545e-01,4.380728900432586670e-01,-7.496021222323179245e-03,1.872349232435226440e-01,3.363633751869201660e-01,-1.733335107564926147e-02,1.742159873247146606e-01,2.738191485404968262e-01,-2.588433027267456055e-02,1.624899953603744507e-01,2.250019609928131104e-01,-3.083919174969196320e-02,1.739269345998764038e-01,4.772649407386779785e-01,-1.614715903997421265e-02,1.367336958646774292e-01,4.063871502876281738e-01,-3.125998377799987793e-02,1.124415695667266846e-01,3.583293259143829346e-01,-3.982315212488174438e-02,9.294221550226211548e-02,3.130269348621368408e-01,-4.388402029871940613e-02,8.258749246597290039e-01,7.710440754890441895e-01,3.362448808275075862e-07,7.686813473701477051e-01,7.315360307693481445e-01,-2.269718796014785767e-02,7.262781262397766113e-01,6.560158133506774902e-01,-3.148054331541061401e-02,6.973409652709960938e-01,5.887428522109985352e-01,-3.914334997534751892e-02,6.668014526367187500e-01,5.493932366371154785e-01,-4.618130251765251160e-02,7.736682295799255371e-01,5.235298871994018555e-01,-9.183162823319435120e-03,7.557676434516906738e-01,4.360534548759460449e-01,-2.124760113656520844e-02,7.449985146522521973e-01,3.818401992321014404e-01,-3.217099234461784363e-02,7.382022738456726074e-01,3.367773592472076416e-01,-4.041860625147819519e-02,8.124891519546508789e-01,5.115046501159667969e-01,-1.012869644910097122e-02,8.123432993888854980e-01,4.078798294067382812e-01,-1.845757663249969482e-02,8.127939105033874512e-01,3.422942757606506348e-01,-2.656498365104198456e-02,8.147616386413574219e-01,2.940500080585479736e-01,-3.248240798711776733e-02,8.489732146263122559e-01,5.240344405174255371e-01,-1.552896481007337570e-02,8.604888319969177246e-01,4.296646714210510254e-01,-2.965386956930160522e-02,8.667684793472290039e-01,3.716145455837249756e-01,-3.909923881292343140e-02,8.712615966796875000e-01,3.237150013446807861e-01,-4.469013586640357971e-02,8.828144669532775879e-01,5.554972290992736816e-01,-2.325718477368354797e-02,9.093053340911865234e-01,4.898405075073242188e-01,-3.843931108713150024e-02,9.257449507713317871e-01,4.455471634864807129e-01,-4.515146091580390930e-02,9.398177266120910645e-01,4.049067795276641846e-01,-4.843875765800476074e-02
1.740575546020000000e+12,4.990518093109130859e-01,6.323720216751098633e-01,-6.019428372383117676e-01,3.168688416481018066e-01,9.476276040077209473e-01,-4.157922044396400452e-02,6.824821829795837402e-01,9.516950845718383789e-01,8.378449827432632446e-03,1.083668619394302368e-01,1.064525842666625977e+00,-5.119423270225524902e-01,8.793183565139770508e-01,1.320772290229797363e+00,-4.430119395256042480e-01,2.397172003984451294e-01,6.736032962799072266e-01,-1.005035996437072754e+00,8.415314555168151855e-01,7.888832688331604004e-01,-1.025841474533081055e+00,2.297618985176086426e-01,7.356499433517456055e-01,4.296449844787275651e-07,2.878217101097106934e-01,6.783497929573059082e-01,-1.779645495116710663e-02,3.299320638179779053e-01,5.830684900283813477e-01,-2.358802221715450287e-02,3.679443001747131348e-01,5.239349007606506348e-01,-3.040184639394283295e-02,4.059212207794189453e-01,5.185141563415527344e-01,-3.784083947539329529e-02,2.896010577678680420e-01,4.395519196987152100e-01,-8.040900342166423798e-03,3.144781589508056641e-01,3.493718802928924561e-01,-1.938179880380630493e-02,3.297919929027557373e-01,2.937009930610656738e-01,-2.976691536605358124e-02,3.393832743167877197e-01,2.501864135265350342e-01,-3.805418312549591064e-02,2.463939934968948364e-01,4.249906837940216064e-01,-1.163822039961814880e-02,2.424080222845077515e-01,3.105574250221252441e-01,-2.119337394833564758e-02,2.391364276409149170e-01,2.462141662836074829e-01,-2.919828146696090698e-02,2.328294217586517334e-01,1.978171914815902710e-01,-3.451925888657569885e-02,2.088662683963775635e-01,4.412192404270172119e-01,-1.890710741281509399e-02,1.841952502727508545e-01,3.376743495464324951e-01,-3.214468061923980713e-02,1.677758693695068359e-01,2.680865824222564697e-01,-4.440485686063766479e-02,1.535345166921615601e-01,2.095259875059127808e-01,-5.262099206447601318e-02,1.761352419853210449e-01,4.840547740459442139e-01,-2.840973623096942902e-02,1.421102285385131836e-01,4.133398234844207764e-01,-4.427595809102058411e-02,1.199262142181396484e-01,3.642519712448120117e-01,-5.359301343560218811e-02,1.019143611192703247e-01,3.160647749900817871e-01,-5.912702530622482300e-02,8.243955373764038086e-01,7.776813507080078125e-01,3.206946530553977937e-07,7.707553505897521973e-01,7.346508502960205078e-01,-2.055487222969532013e-02,7.301627993583679199e-01,6.560771465301513672e-01,-2.898479625582695007e-02,7.030740976333618164e-01,5.906924009323120117e-01,-3.620208427309989929e-02,6.747026443481445312e-01,5.543312430381774902e-01,-4.351852834224700928e-02,7.698354125022888184e-01,5.251094102859497070e-01,-1.302381046116352081e-02,7.473987936973571777e-01,4.387668967247009277e-01,-2.634072490036487579e-02,7.348660826683044434e-01,3.857412338256835938e-01,-3.740458562970161438e-02,7.263687849044799805e-01,3.406518995761871338e-01,-4.561308771371841431e-02,8.108901381492614746e-01,5.082304477691650391e-01,-1.567217335104942322e-02,8.154807686805725098e-01,4.001210927963256836e-01,-2.604067511856555939e-02,8.195109367370605469e-01,3.351024985313415527e-01,-3.483397513628005981e-02,8.228034377098083496e-01,2.838485538959503174e-01,-4.091100767254829407e-02,8.469507098197937012e-01,5.203616619110107422e-01,-2.215979807078838348e-02,8.681051135063171387e-01,4.182867407798767090e-01,-3.906320780515670776e-02,8.803700804710388184e-01,3.541067838668823242e-01,-4.993838071823120117e-02,8.890354633331298828e-01,2.977606654167175293e-01,-5.606925114989280701e-02,8.781545162200927734e-01,5.547832250595092773e-01,-3.028190135955810547e-02,9.081532359123229980e-01,4.831046760082244873e-01,-4.748337343335151672e-02,9.270375370979309082e-01,4.358907043933868408e-01,-5.431408807635307312e-02,9.420236945152282715e-01,3.912533521652221680e-01,-5.750308930873870850e-02
1.740575546055000000e+12,5.002142190933227539e-01,6.325684189796447754e-01,-6.452839374542236328e-01,3.168448507785797119e-01,9.474003911018371582e-01,-1.084762364625930786e-01,6.803160905838012695e-01,9.530133605003356934e-01,-5.248605459928512573e-02,1.088934093713760376e-01,1.066381454467773438e+00,-5.626770853996276855e-01,8.783747553825378418e-01,1.321205615997314453e+00,-4.825319349765777588e-01,2.400027215480804443e-01,6.725568771362304688e-01,-1.035337209701538086e+00,8.407953381538391113e-01,7.892578244209289551e-01,-1.044456005096435547e+00,2.313235253095626831e-01,7.249755263328552246e-01,4.101454749161348445e-07,2.844786643981933594e-01,6.684478521347045898e-01,-1.432358566671609879e-02,3.185578584671020508e-01,5.812832713127136230e-01,-1.953314617276191711e-02,3.480204939842224121e-01,5.252791047096252441e-01,-2.573697827756404877e-02,3.806174397468566895e-01,5.124484300613403320e-01,-3.301811590790748596e-02,2.901798784732818604e-01,4.454296827316284180e-01,-1.206404343247413635e-02,3.169327378273010254e-01,3.561830222606658936e-01,-2.602620050311088562e-02,3.326655924320220947e-01,3.028209507465362549e-01,-3.756641969084739685e-02,3.428632318973541260e-01,2.617954015731811523e-01,-4.639085009694099426e-02,2.486723214387893677e-01,4.308591187000274658e-01,-1.777551323175430298e-02,2.427539378404617310e-01,3.114852309226989746e-01,-3.084029443562030792e-02,2.387818843126296997e-01,2.407169640064239502e-01,-4.196665808558464050e-02,2.316523045301437378e-01,1.910240799188613892e-01,-4.931439086794853210e-02,2.133064568042755127e-01,4.525698721408843994e-01,-2.613122016191482544e-02,1.852585077285766602e-01,3.487845957279205322e-01,-4.244775697588920593e-02,1.687037050724029541e-01,2.789673507213592529e-01,-5.757434293627738953e-02,1.547452658414840698e-01,2.200307250022888184e-01,-6.773697584867477417e-02,1.844674795866012573e-01,5.022120475769042969e-01,-3.577322140336036682e-02,1.562611013650894165e-01,4.385090768337249756e-01,-5.395297333598136902e-02,1.380230039358139038e-01,3.927102088928222656e-01,-6.458184123039245605e-02,1.233747377991676331e-01,3.461119234561920166e-01,-7.114485651254653931e-02,8.211726546287536621e-01,7.748318910598754883e-01,3.277852158589666942e-07,7.734352946281433105e-01,7.299366593360900879e-01,-1.879074610769748688e-02,7.377471923828125000e-01,6.517443656921386719e-01,-2.741546556353569031e-02,7.145425081253051758e-01,5.873171091079711914e-01,-3.475180268287658691e-02,6.870930194854736328e-01,5.528604388236999512e-01,-4.272685199975967407e-02,7.678543925285339355e-01,5.253512859344482422e-01,-1.189612597227096558e-02,7.448839545249938965e-01,4.452593624591827393e-01,-2.472918480634689331e-02,7.326929569244384766e-01,3.950494825839996338e-01,-3.657113760709762573e-02,7.236256599426269531e-01,3.514114022254943848e-01,-4.580533504486083984e-02,8.079043030738830566e-01,5.088938474655151367e-01,-1.587103120982646942e-02,8.158064484596252441e-01,4.000125527381896973e-01,-2.710754983127117157e-02,8.229076862335205078e-01,3.359530866146087646e-01,-3.875311091542243958e-02,8.277689814567565918e-01,2.830924391746520996e-01,-4.732441529631614685e-02,8.412633538246154785e-01,5.230287909507751465e-01,-2.315549738705158234e-02,8.665437102317810059e-01,4.198151826858520508e-01,-4.088486358523368835e-02,8.830126523971557617e-01,3.516961038112640381e-01,-5.532675608992576599e-02,8.941950201988220215e-01,2.910513579845428467e-01,-6.453087180852890015e-02,8.685927391052246094e-01,5.600224137306213379e-01,-3.142361715435981750e-02,8.939238190650939941e-01,4.876308143138885498e-01,-4.780581966042518616e-02,9.097957015037536621e-01,4.401877522468566895e-01,-5.466216057538986206e-02,9.209566712379455566e-01,3.946949839591979980e-01,-5.909536033868789673e-02
1.740575546093000000e+12,5.035163164138793945e-01,6.288638114929199219e-01,-5.814894437789916992e-01,3.133305609226226807e-01,9.490187168121337891e-01,-9.662565588951110840e-02,6.807915568351745605e-01,9.525613784790039062e-01,-5.141012743115425110e-02,1.031317710876464844e-01,1.070329189300537109e+00,-5.595270395278930664e-01,8.751800656318664551e-01,1.326792001724243164e+00,-4.820473194122314453e-01,2.395853251218795776e-01,6.730097532272338867e-01,-1.029397249221801758e+00,8.401673436164855957e-01,7.941626906394958496e-01,-1.036849975585937500e+00,2.288296818733215332e-01,7.270931601524353027e-01,4.053231634770781966e-07,2.816318869590759277e-01,6.663341522216796875e-01,-1.179236266762018204e-02,3.078306913375854492e-01,5.698105096817016602e-01,-1.410412415862083435e-02,3.279211819171905518e-01,4.959655404090881348e-01,-1.788557693362236023e-02,3.592337071895599365e-01,4.704720079898834229e-01,-2.297489717602729797e-02,2.884601354598999023e-01,4.553757309913635254e-01,-7.146461401134729385e-03,3.138389885425567627e-01,3.631917834281921387e-01,-2.026960067451000214e-02,3.279855251312255859e-01,3.079165220260620117e-01,-3.097751364111900330e-02,3.381740748882293701e-01,2.636806070804595947e-01,-3.925007581710815430e-02,2.504275739192962646e-01,4.455942809581756592e-01,-1.427937671542167664e-02,2.437382340431213379e-01,3.166080713272094727e-01,-2.809512987732887268e-02,2.386739403009414673e-01,2.360736429691314697e-01,-4.173255339264869690e-02,2.324887812137603760e-01,1.736757308244705200e-01,-5.061476677656173706e-02,2.171400189399719238e-01,4.725270271301269531e-01,-2.370085380971431732e-02,1.956600993871688843e-01,3.770768940448760986e-01,-4.344210401177406311e-02,1.833856850862503052e-01,3.141936361789703369e-01,-6.089335307478904724e-02,1.733506321907043457e-01,2.595964670181274414e-01,-7.131224125623703003e-02,1.881272643804550171e-01,5.242902636528015137e-01,-3.380996361374855042e-02,1.714996695518493652e-01,4.645787477493286133e-01,-5.318101122975349426e-02,1.633584499359130859e-01,4.379393160343170166e-01,-6.287223100662231445e-02,1.556469500064849854e-01,4.143671393394470215e-01,-6.823530793190002441e-02,8.214315176010131836e-01,7.826696634292602539e-01,3.758834452582959784e-07,7.731176614761352539e-01,7.257254123687744141e-01,-1.351425144821405411e-02,7.464597821235656738e-01,6.292197704315185547e-01,-1.489652320742607117e-02,7.357868552207946777e-01,5.504574775695800781e-01,-1.635534875094890594e-02,7.146041989326477051e-01,5.194242000579833984e-01,-1.827819831669330597e-02,7.676786780357360840e-01,5.257861018180847168e-01,4.630269948393106461e-03,7.464677095413208008e-01,4.430353939533233643e-01,-4.532149527221918106e-03,7.335832118988037109e-01,3.915877342224121094e-01,-1.488867215812206268e-02,7.237358093261718750e-01,3.478814661502838135e-01,-2.325008995831012726e-02,8.060987591743469238e-01,5.191273093223571777e-01,-6.965374923311173916e-04,8.175990581512451172e-01,4.052056372165679932e-01,-8.006061427295207977e-03,8.285330533981323242e-01,3.329565525054931641e-01,-1.970590092241764069e-02,8.379148244857788086e-01,2.736016809940338135e-01,-2.814978919923305511e-02,8.369719386100769043e-01,5.444593429565429688e-01,-9.681829251348972321e-03,8.538528680801391602e-01,4.434084296226501465e-01,-2.357832528650760651e-02,8.668743968009948730e-01,3.760608136653900146e-01,-3.768280148506164551e-02,8.771107196807861328e-01,3.165622651576995850e-01,-4.676257446408271790e-02,8.635970354080200195e-01,5.894770026206970215e-01,-1.967977732419967651e-02,8.757858872413635254e-01,5.246898531913757324e-01,-3.282099589705467224e-02,8.837798833847045898e-01,4.840278923511505127e-01,-3.817719593644142151e-02,8.900930285453796387e-01,4.461653232574462891e-01,-4.171843081712722778e-02
1.740575546129000000e+12,5.035053491592407227e-01,6.298220157623291016e-01,-5.805941224098205566e-01,3.125316798686981201e-01,9.489775896072387695e-01,-9.399377554655075073e-02,6.838909387588500977e-01,9.550931453704833984e-01,-3.867091238498687744e-02,1.022163406014442444e-01,1.078181982040405273e+00,-5.605708360671997070e-01,8.757915496826171875e-01,1.338293075561523438e+00,-4.901418089866638184e-01,2.337956726551055908e-01,6.992122530937194824e-01,-1.064897537231445312e+00,8.397501707077026367e-01,7.979938983917236328e-01,-1.079130887985229492e+00,2.161725908517837524e-01,7.311204075813293457e-01,3.506496852878626669e-07,2.743231952190399170e-01,6.749319434165954590e-01,-1.324540749192237854e-02,2.961619794368743896e-01,5.766903758049011230e-01,-1.420586649328470230e-02,3.110445439815521240e-01,4.866284728050231934e-01,-1.772215031087398529e-02,3.372538387775421143e-01,4.403363168239593506e-01,-2.126662991940975189e-02,2.880606949329376221e-01,4.695782959461212158e-01,6.858612759970128536e-04,3.101824820041656494e-01,3.628513813018798828e-01,-1.129649300128221512e-02,3.204939067363739014e-01,2.979988455772399902e-01,-1.955325715243816376e-02,3.278380632400512695e-01,2.422670722007751465e-01,-2.663939073681831360e-02,2.526548206806182861e-01,4.607536494731903076e-01,-4.850055091083049774e-03,2.474736571311950684e-01,3.370744884014129639e-01,-2.244039252400398254e-02,2.455183118581771851e-01,2.594235837459564209e-01,-3.522714972496032715e-02,2.434028983116149902e-01,1.967529803514480591e-01,-4.324382171034812927e-02,2.190471142530441284e-01,4.849287271499633789e-01,-1.322527229785919189e-02,2.152714133262634277e-01,3.989761173725128174e-01,-4.513157159090042114e-02,2.329024076461791992e-01,4.449290633201599121e-01,-5.579279363155364990e-02,2.444743067026138306e-01,4.924121201038360596e-01,-5.563059821724891663e-02,1.858273893594741821e-01,5.294702649116516113e-01,-2.220290899276733398e-02,1.875112354755401611e-01,4.905952811241149902e-01,-5.394685640931129456e-02,2.033043801784515381e-01,5.274105072021484375e-01,-6.320153921842575073e-02,2.145814597606658936e-01,5.659810900688171387e-01,-6.417955458164215088e-02,8.243243098258972168e-01,7.823938727378845215e-01,4.400819193506322335e-07,7.766366600990295410e-01,7.297368645668029785e-01,-2.239922247827053070e-02,7.567167282104492188e-01,6.416691541671752930e-01,-2.953236177563667297e-02,7.555558681488037109e-01,5.636151432991027832e-01,-3.725772723555564880e-02,7.407930493354797363e-01,5.040717720985412598e-01,-4.490678012371063232e-02,7.723290324211120605e-01,5.268353819847106934e-01,8.634786354377865791e-04,7.516215443611145020e-01,4.454380273818969727e-01,-9.720466099679470062e-03,7.396103739738464355e-01,3.937726318836212158e-01,-1.976129785180091858e-02,7.302129864692687988e-01,3.517798781394958496e-01,-2.804916352033615112e-02,8.097101449966430664e-01,5.279715061187744141e-01,-4.219383001327514648e-03,8.173067569732666016e-01,4.081918895244598389e-01,-1.521152537316083908e-02,8.217240571975708008e-01,3.344168066978454590e-01,-3.134999424219131470e-02,8.253131508827209473e-01,2.752411961555480957e-01,-4.320921748876571655e-02,8.406651020050048828e-01,5.614076256752014160e-01,-1.433246769011020660e-02,8.485733270645141602e-01,4.665486216545104980e-01,-4.164325445890426636e-02,8.442635536193847656e-01,4.462966620922088623e-01,-6.643020361661911011e-02,8.407053947448730469e-01,4.388508796691894531e-01,-7.987502217292785645e-02,8.680036664009094238e-01,6.115286350250244141e-01,-2.520098164677619934e-02,8.679158687591552734e-01,5.485108494758605957e-01,-5.390079692006111145e-02,8.538168072700500488e-01,5.578546524047851562e-01,-6.921202689409255981e-02,8.410130143165588379e-01,5.804178118705749512e-01,-7.793538272380828857e-02
1.740575546164000000e+12,5.033545494079589844e-01,6.298459768295288086e-01,-5.484788417816162109e-01,3.125799298286437988e-01,9.486661553382873535e-01,-4.969933629035949707e-02,6.839616298675537109e-01,9.575903415679931641e-01,9.551787748932838440e-03,1.060922741889953613e-01,1.078279495239257812e+00,-5.595213174819946289e-01,8.757200241088867188e-01,1.336678028106689453e+00,-4.639287590980529785e-01,2.264666259288787842e-01,7.092608213424682617e-01,-1.095988869667053223e+00,8.395868539810180664e-01,8.036713600158691406e-01,-1.052753329277038574e+00,2.225239574909210205e-01,7.362101674079895020e-01,2.256725508686940884e-07,2.758752107620239258e-01,6.653013825416564941e-01,-8.263701573014259338e-03,2.953361868858337402e-01,5.669160485267639160e-01,-5.673377774655818939e-03,3.075235486030578613e-01,4.746907949447631836e-01,-6.901766639202833176e-03,3.264495134353637695e-01,4.167777597904205322e-01,-7.885331287980079651e-03,2.808280289173126221e-01,4.787833392620086670e-01,1.696372963488101959e-02,3.006443083286285400e-01,3.822413086891174316e-01,9.588569402694702148e-03,3.093577027320861816e-01,3.202360868453979492e-01,2.570563927292823792e-03,3.143508136272430420e-01,2.666520774364471436e-01,-4.001766443252563477e-03,2.504080533981323242e-01,4.745116233825683594e-01,1.164060831069946289e-02,2.528415322303771973e-01,3.695342838764190674e-01,-5.157991312444210052e-03,2.589041888713836670e-01,3.309721052646636963e-01,-1.783690042793750763e-02,2.616595327854156494e-01,3.101823329925537109e-01,-2.445388585329055786e-02,2.191523015499114990e-01,4.928086698055267334e-01,3.082140581682324409e-03,2.187571376562118530e-01,4.065398871898651123e-01,-2.421933598816394806e-02,2.401197105646133423e-01,4.465589523315429688e-01,-3.315104916691780090e-02,2.530163824558258057e-01,4.958271086215972900e-01,-3.242886066436767578e-02,1.861717551946640015e-01,5.243872404098510742e-01,-5.964242853224277496e-03,1.910522282123565674e-01,4.641606211662292480e-01,-3.046868368983268738e-02,2.095063030719757080e-01,4.935339987277984619e-01,-3.663167729973793030e-02,2.236251831054687500e-01,5.337561368942260742e-01,-3.645389527082443237e-02,8.183977007865905762e-01,7.870128154754638672e-01,2.668359684321330860e-07,7.765038609504699707e-01,7.260887622833251953e-01,-1.888333819806575775e-02,7.584803104400634766e-01,6.303353905677795410e-01,-2.547787129878997803e-02,7.586529254913330078e-01,5.472260713577270508e-01,-3.382600098848342896e-02,7.484539747238159180e-01,4.833923280239105225e-01,-4.214247688651084900e-02,7.747507095336914062e-01,5.414868593215942383e-01,-4.749137908220291138e-03,7.567949295043945312e-01,4.515584409236907959e-01,-2.050903812050819397e-02,7.442741394042968750e-01,3.957493901252746582e-01,-3.424398601055145264e-02,7.352343201637268066e-01,3.442938923835754395e-01,-4.585762321949005127e-02,8.071508407592773438e-01,5.453307032585144043e-01,-1.098247058689594269e-02,8.061525225639343262e-01,4.389248490333557129e-01,-3.144168108701705933e-02,8.041231036186218262e-01,3.651427328586578369e-01,-5.498123168945312500e-02,8.041400909423828125e-01,3.037435710430145264e-01,-7.281877845525741577e-02,8.358988761901855469e-01,5.738686919212341309e-01,-2.087363600730895996e-02,8.379844427108764648e-01,4.926635026931762695e-01,-5.247040838003158569e-02,8.161694407463073730e-01,4.930611848831176758e-01,-7.725338637828826904e-02,7.972802519798278809e-01,5.085569024085998535e-01,-9.017559885978698730e-02,8.631305694580078125e-01,6.160717606544494629e-01,-3.142177686095237732e-02,8.594807386398315430e-01,5.525590181350708008e-01,-6.093488261103630066e-02,8.422639966011047363e-01,5.484563708305358887e-01,-7.813749462366104126e-02,8.252066373825073242e-01,5.610745549201965332e-01,-8.844542503356933594e-02
1.740575546202000000e+12,5.039900541305541992e-01,6.322023868560791016e-01,-6.760822534561157227e-01,3.126085400581359863e-01,9.488432407379150391e-01,-8.596721291542053223e-02,6.812478899955749512e-01,9.635382890701293945e-01,-3.432555869221687317e-02,1.323979943990707397e-01,1.217515707015991211e+00,-5.902503132820129395e-01,8.708776235580444336e-01,1.341777920722961426e+00,-4.969749450683593750e-01,2.258098125457763672e-01,7.150177955627441406e-01,-1.151423335075378418e+00,8.394991755485534668e-01,8.041678667068481445e-01,-1.113066554069519043e+00,2.269775867462158203e-01,7.257083058357238770e-01,2.423946909857477294e-07,2.770824432373046875e-01,6.626963019371032715e-01,-1.255009043961763382e-02,2.984724342823028564e-01,5.681589245796203613e-01,-1.174708642065525055e-02,3.089995384216308594e-01,4.753592014312744141e-01,-1.407920010387897491e-02,3.259359002113342285e-01,4.149388372898101807e-01,-1.561088394373655319e-02,2.865749895572662354e-01,4.698644876480102539e-01,2.099437452852725983e-02,2.986338734626770020e-01,3.935117423534393311e-01,1.254780869930982590e-02,3.056929707527160645e-01,3.488792181015014648e-01,2.309876959770917892e-03,3.077683746814727783e-01,3.195106983184814453e-01,-5.353418178856372833e-03,2.547923326492309570e-01,4.568490982055664062e-01,1.856133528053760529e-02,2.532523572444915771e-01,3.559600710868835449e-01,3.798640565946698189e-03,2.602144479751586914e-01,3.300380408763885498e-01,-8.984274230897426605e-03,2.639532983303070068e-01,3.335821628570556641e-01,-1.530786789953708649e-02,2.218532860279083252e-01,4.688388109207153320e-01,1.177550945430994034e-02,2.155621200799942017e-01,3.717111051082611084e-01,-1.255502551794052124e-02,2.301652878522872925e-01,4.112333059310913086e-01,-2.114379778504371643e-02,2.396493107080459595e-01,4.712373316287994385e-01,-2.033237740397453308e-02,1.862039119005203247e-01,4.971342682838439941e-01,3.825231920927762985e-03,1.871727854013442993e-01,4.230538904666900635e-01,-1.956224627792835236e-02,2.024529874324798584e-01,4.499938189983367920e-01,-2.566787786781787872e-02,2.148595452308654785e-01,5.001356601715087891e-01,-2.500511519610881805e-02,8.181990981101989746e-01,7.861718535423278809e-01,1.099861464126661303e-07,7.725309133529663086e-01,7.192612290382385254e-01,-1.643800362944602966e-02,7.548978328704833984e-01,6.237727403640747070e-01,-1.841348782181739807e-02,7.568815946578979492e-01,5.388566255569458008e-01,-2.293863892555236816e-02,7.505807280540466309e-01,4.677689969539642334e-01,-2.710648439824581146e-02,7.720163464546203613e-01,5.603520870208740234e-01,1.323510520160198212e-02,7.566647529602050781e-01,4.649987518787384033e-01,2.968490589410066605e-03,7.466148138046264648e-01,4.019438624382019043e-01,-1.164851896464824677e-02,7.383069396018981934e-01,3.436769247055053711e-01,-2.505850978195667267e-02,8.025843501091003418e-01,5.613520145416259766e-01,9.378013201057910919e-03,8.007705807685852051e-01,4.721998870372772217e-01,-8.724300190806388855e-03,7.924876213073730469e-01,4.288208186626434326e-01,-3.472882136702537537e-02,7.837263345718383789e-01,3.969747424125671387e-01,-5.419780313968658447e-02,8.307341933250427246e-01,5.756847858428955078e-01,1.517988159321248531e-03,8.337100148200988770e-01,4.864604771137237549e-01,-2.340519241988658905e-02,8.188295364379882812e-01,4.757446050643920898e-01,-4.857303947210311890e-02,8.040629625320434570e-01,4.965597093105316162e-01,-6.297972798347473145e-02,8.606048226356506348e-01,5.981695652008056641e-01,-7.600476033985614777e-03,8.593559265136718750e-01,5.177480578422546387e-01,-2.975243516266345978e-02,8.442611098289489746e-01,5.013495087623596191e-01,-4.654055088758468628e-02,8.280828595161437988e-01,5.158412456512451172e-01,-5.777739360928535461e-02
1.740575546236000000e+12,5.038365125656127930e-01,6.276469230651855469e-01,-6.765232682228088379e-01,3.121414184570312500e-01,9.487805962562561035e-01,-1.289833784103393555e-01,6.813792586326599121e-01,9.633181095123291016e-01,-8.033408224582672119e-02,1.268980354070663452e-01,1.187992811203002930e+00,-7.014309167861938477e-01,8.597767949104309082e-01,1.342877149581909180e+00,-6.102086305618286133e-01,2.247362136840820312e-01,7.269557714462280273e-01,-1.327864766120910645e+00,8.360188603401184082e-01,8.042138218879699707e-01,-1.269107580184936523e+00,2.293552309274673462e-01,7.192622423171997070e-01,2.633367728321900358e-07,2.764314711093902588e-01,6.667105555534362793e-01,-1.717506535351276398e-02,3.021662235260009766e-01,5.747899413108825684e-01,-1.775616966187953949e-02,3.164233267307281494e-01,4.828335642814636230e-01,-2.011517994105815887e-02,3.345237076282501221e-01,4.244430363178253174e-01,-2.168320678174495697e-02,2.848326265811920166e-01,4.696088135242462158e-01,1.696599274873733521e-02,3.007236123085021973e-01,3.955306112766265869e-01,9.324485436081886292e-03,3.079350292682647705e-01,3.539002537727355957e-01,-2.051472431048750877e-03,3.100882172584533691e-01,3.303351700305938721e-01,-1.073732133954763412e-02,2.539161741733551025e-01,4.525088667869567871e-01,1.681319251656532288e-02,2.559925317764282227e-01,3.508838117122650146e-01,4.187941551208496094e-03,2.608923017978668213e-01,3.210979998111724854e-01,-1.294405944645404816e-02,2.649863362312316895e-01,3.297244906425476074e-01,-2.406058646738529205e-02,2.219325602054595947e-01,4.594452083110809326e-01,1.227676868438720703e-02,2.148493081331253052e-01,3.602739572525024414e-01,-7.245542481541633606e-03,2.237039655447006226e-01,3.672715425491333008e-01,-2.409195154905319214e-02,2.319874763488769531e-01,4.185636639595031738e-01,-3.174664825201034546e-02,1.860326677560806274e-01,4.814442694187164307e-01,6.274822168052196503e-03,1.833331584930419922e-01,3.961702883243560791e-01,-1.243846304714679718e-02,1.926857233047485352e-01,3.924673199653625488e-01,-2.357625029981136322e-02,2.035319507122039795e-01,4.309317171573638916e-01,-2.888102270662784576e-02,8.147571086883544922e-01,7.781357765197753906e-01,2.713013032007438596e-07,7.722548246383666992e-01,7.185389995574951172e-01,-1.532702613621950150e-02,7.549857497215270996e-01,6.264182925224304199e-01,-1.761154271662235260e-02,7.558920383453369141e-01,5.456814765930175781e-01,-1.969337090849876404e-02,7.476637363433837891e-01,4.817891716957092285e-01,-2.086651511490345001e-02,7.651645541191101074e-01,5.461364984512329102e-01,4.150738008320331573e-03,7.496757507324218750e-01,4.560788273811340332e-01,-6.109985988587141037e-03,7.403289079666137695e-01,3.967571854591369629e-01,-1.680536568164825439e-02,7.342043519020080566e-01,3.442956507205963135e-01,-2.489121630787849426e-02,7.967879176139831543e-01,5.396196842193603516e-01,2.142137382179498672e-03,7.902327179908752441e-01,4.474643766880035400e-01,-7.349615916609764099e-03,7.847617268562316895e-01,3.880589604377746582e-01,-1.893770508468151093e-02,7.802083492279052734e-01,3.407706022262573242e-01,-2.701869420707225800e-02,8.266122341156005859e-01,5.508177876472473145e-01,-3.664395073428750038e-03,8.255223631858825684e-01,4.585087299346923828e-01,-1.619245670735836029e-02,8.203113675117492676e-01,4.037872850894927979e-01,-2.505836449563503265e-02,8.148723840713500977e-01,3.602457344532012939e-01,-3.026095777750015259e-02,8.567348122596740723e-01,5.733288526535034180e-01,-1.139535009860992432e-02,8.658472895622253418e-01,4.955197572708129883e-01,-2.315102517604827881e-02,8.696173429489135742e-01,4.418080151081085205e-01,-2.854809165000915527e-02,8.713611364364624023e-01,3.928233385086059570e-01,-3.152760863304138184e-02
1.740575546275000000e+12,5.038036108016967773e-01,6.279398798942565918e-01,-6.797556877136230469e-01,3.123253881931304932e-01,9.498287439346313477e-01,-1.299017071723937988e-01,6.813644170761108398e-01,9.620114564895629883e-01,-7.695785164833068848e-02,1.205293312668800354e-01,1.175140380859375000e+00,-6.734996438026428223e-01,8.601622581481933594e-01,1.342215180397033691e+00,-5.769534111022949219e-01,2.250702083110809326e-01,7.127811908721923828e-01,-1.252801537513732910e+00,8.307817578315734863e-01,8.002591729164123535e-01,-1.199450373649597168e+00,2.267820537090301514e-01,7.240222096443176270e-01,3.952049780764355091e-07,2.793020009994506836e-01,6.751127243041992188e-01,-2.144743315875530243e-02,3.093788325786590576e-01,5.821892023086547852e-01,-2.474821545183658600e-02,3.225289285182952881e-01,4.914452731609344482e-01,-2.738869749009609222e-02,3.514755666255950928e-01,4.409800171852111816e-01,-2.935905940830707550e-02,2.857547700405120850e-01,4.797029197216033936e-01,6.373619195073843002e-03,3.044864833354949951e-01,4.002779424190521240e-01,-2.187989652156829834e-03,3.128733336925506592e-01,3.448758125305175781e-01,-1.325786300003528595e-02,3.199409544467926025e-01,2.963042855262756348e-01,-2.221863530576229095e-02,2.509016096591949463e-01,4.593512713909149170e-01,7.970320992171764374e-03,2.555066049098968506e-01,3.580338656902313232e-01,1.502717612311244011e-03,2.579863369464874268e-01,2.902953326702117920e-01,-8.958371356129646301e-03,2.618848979473114014e-01,2.301909923553466797e-01,-1.706615835428237915e-02,2.167269289493560791e-01,4.634921550750732422e-01,4.792924970388412476e-03,2.112757563591003418e-01,3.758368194103240967e-01,-5.637259222567081451e-03,2.135292291641235352e-01,3.214209377765655518e-01,-1.492680050432682037e-02,2.195915281772613525e-01,2.744186818599700928e-01,-2.111619710922241211e-02,1.805799305438995361e-01,4.873083829879760742e-01,-1.037456328049302101e-03,1.679160147905349731e-01,4.191701412200927734e-01,-1.145536359399557114e-02,1.646765768527984619e-01,3.777759969234466553e-01,-1.628358289599418640e-02,1.664481461048126221e-01,3.382284045219421387e-01,-1.930018886923789978e-02,8.146808743476867676e-01,7.726406455039978027e-01,3.298480351077159867e-07,7.720342874526977539e-01,7.251803874969482422e-01,-1.902347989380359650e-02,7.540878653526306152e-01,6.418730020523071289e-01,-2.424553409218788147e-02,7.536342144012451172e-01,5.617114305496215820e-01,-2.854204922914505005e-02,7.421517968177795410e-01,4.984219670295715332e-01,-3.213135153055191040e-02,7.660341858863830566e-01,5.421783924102783203e-01,-3.431556106079369783e-04,7.481160759925842285e-01,4.548864960670471191e-01,-1.178403943777084351e-02,7.370966076850891113e-01,3.960105478763580322e-01,-2.375344000756740570e-02,7.300012111663818359e-01,3.432599306106567383e-01,-3.312116116285324097e-02,7.991976737976074219e-01,5.264993309974670410e-01,-2.032985212281346321e-03,7.927913665771484375e-01,4.247531890869140625e-01,-1.137809548527002335e-02,7.896865010261535645e-01,3.574818372726440430e-01,-2.392497472465038300e-02,7.880983948707580566e-01,3.007760941982269287e-01,-3.307561203837394714e-02,8.294950127601623535e-01,5.356600284576416016e-01,-7.641430944204330444e-03,8.279425501823425293e-01,4.352743327617645264e-01,-2.041197381913661957e-02,8.261775374412536621e-01,3.703369200229644775e-01,-3.136318549513816833e-02,8.246809840202331543e-01,3.132101595401763916e-01,-3.893065825104713440e-02,8.601157665252685547e-01,5.623785257339477539e-01,-1.530291698873043060e-02,8.691826462745666504e-01,4.885872304439544678e-01,-2.754358015954494476e-02,8.747270703315734863e-01,4.393225014209747314e-01,-3.320295736193656921e-02,8.783912658691406250e-01,3.933035135269165039e-01,-3.686866164207458496e-02
1.740575546310000000e+12,5.038736462593078613e-01,6.260468959808349609e-01,-6.920951008796691895e-01,3.118247985839843750e-01,9.506858587265014648e-01,-1.348492950201034546e-01,6.789339780807495117e-01,9.608214497566223145e-01,-1.020457744598388672e-01,1.203354969620704651e-01,1.215584039688110352e+00,-6.771251559257507324e-01,8.553854823112487793e-01,1.347064495086669922e+00,-6.018379926681518555e-01,2.263598442077636719e-01,7.059154510498046875e-01,-1.275077581405639648e+00,8.294419050216674805e-01,7.954773902893066406e-01,-1.223239779472351074e+00,2.308506369590759277e-01,7.082608938217163086e-01,4.134865037030976964e-07,2.836176753044128418e-01,6.640427708625793457e-01,-1.885949261486530304e-02,3.127023279666900635e-01,5.760393738746643066e-01,-2.435863763093948364e-02,3.307178318500518799e-01,4.974737465381622314e-01,-2.879685536026954651e-02,3.597003817558288574e-01,4.609921276569366455e-01,-3.336059674620628357e-02,2.909458875656127930e-01,4.645023345947265625e-01,-1.472458709031343460e-02,3.133063316345214844e-01,3.732611835002899170e-01,-2.711875736713409424e-02,3.255908191204071045e-01,3.118202388286590576e-01,-3.647867217659950256e-02,3.341548442840576172e-01,2.627428472042083740e-01,-4.381381720304489136e-02,2.528669536113739014e-01,4.438175261020660400e-01,-1.595554873347282410e-02,2.550202608108520508e-01,3.341277539730072021e-01,-2.760504744946956635e-02,2.559578120708465576e-01,2.631387412548065186e-01,-3.639128804206848145e-02,2.563515901565551758e-01,2.065736949443817139e-01,-4.223855584859848022e-02,2.170361876487731934e-01,4.510033428668975830e-01,-2.007920481264591217e-02,2.037593275308609009e-01,3.521139621734619141e-01,-3.556837141513824463e-02,2.001165449619293213e-01,2.871902287006378174e-01,-4.697620123624801636e-02,1.981677860021591187e-01,2.349040508270263672e-01,-5.398439988493919373e-02,1.836118251085281372e-01,4.814510941505432129e-01,-2.587223611772060394e-02,1.568369865417480469e-01,4.113305509090423584e-01,-4.411095753312110901e-02,1.399600505828857422e-01,3.624736666679382324e-01,-5.403543636202812195e-02,1.275302022695541382e-01,3.148583769798278809e-01,-5.929341912269592285e-02,8.150495886802673340e-01,7.743714451789855957e-01,4.122080667912086938e-07,7.741187810897827148e-01,7.291784882545471191e-01,-2.177443355321884155e-02,7.550814151763916016e-01,6.530992388725280762e-01,-3.030489571392536163e-02,7.565310001373291016e-01,5.761445164680480957e-01,-3.752228617668151855e-02,7.457955479621887207e-01,5.150240659713745117e-01,-4.373786970973014832e-02,7.645498514175415039e-01,5.361695885658264160e-01,-4.719237331300973892e-03,7.450453639030456543e-01,4.505536258220672607e-01,-1.846078224480152130e-02,7.354875802993774414e-01,3.925302624702453613e-01,-3.225239366292953491e-02,7.307057380676269531e-01,3.398121595382690430e-01,-4.243275150656700134e-02,7.991342544555664062e-01,5.179862976074218750e-01,-6.016700994223356247e-03,7.973852157592773438e-01,4.050602912902832031e-01,-1.565346494317054749e-02,7.978308796882629395e-01,3.311136364936828613e-01,-2.781647257506847382e-02,7.991205453872680664e-01,2.697415053844451904e-01,-3.658558428287506104e-02,8.299915790557861328e-01,5.285444259643554688e-01,-1.146734040230512619e-02,8.311663866043090820e-01,4.259443581104278564e-01,-2.225226536393165588e-02,8.322868943214416504e-01,3.603266477584838867e-01,-3.144402801990509033e-02,8.331363201141357422e-01,3.037573099136352539e-01,-3.795129805803298950e-02,8.606898784637451172e-01,5.603497028350830078e-01,-1.952912099659442902e-02,8.699552416801452637e-01,4.870829582214355469e-01,-2.812820859253406525e-02,8.757733702659606934e-01,4.400040805339813232e-01,-3.073588758707046509e-02,8.796530961990356445e-01,3.977003395557403564e-01,-3.240738064050674438e-02
1.740575546347000000e+12,5.038105249404907227e-01,6.273022890090942383e-01,-6.916872859001159668e-01,3.135554194450378418e-01,9.549993872642517090e-01,-1.289757192134857178e-01,6.782976388931274414e-01,9.589843153953552246e-01,-9.595979005098342896e-02,1.178606897592544556e-01,1.149977326393127441e+00,-6.740626692771911621e-01,8.550230264663696289e-01,1.345652461051940918e+00,-6.009556055068969727e-01,2.289348393678665161e-01,6.893876194953918457e-01,-1.287262678146362305e+00,8.276981115341186523e-01,7.930072546005249023e-01,-1.236874818801879883e+00,2.293522059917449951e-01,7.018681168556213379e-01,3.858538661916099954e-07,2.851035296916961670e-01,6.530216336250305176e-01,-1.375808287411928177e-02,3.130514621734619141e-01,5.711178183555603027e-01,-1.720217056572437286e-02,3.327243626117706299e-01,5.034012198448181152e-01,-2.060925774276256561e-02,3.592531085014343262e-01,4.779209494590759277e-01,-2.506793290376663208e-02,2.917153537273406982e-01,4.552961885929107666e-01,-1.362523064017295837e-02,3.159579634666442871e-01,3.697050511837005615e-01,-2.403725869953632355e-02,3.292531669139862061e-01,3.114732503890991211e-01,-3.215059638023376465e-02,3.390869498252868652e-01,2.650028765201568604e-01,-3.893806412816047668e-02,2.533759772777557373e-01,4.327034950256347656e-01,-1.687319949269294739e-02,2.546748518943786621e-01,3.264352679252624512e-01,-2.727629244327545166e-02,2.533703148365020752e-01,2.546869516372680664e-01,-3.530241549015045166e-02,2.513571679592132568e-01,2.012247145175933838e-01,-4.075355082750320435e-02,2.169007062911987305e-01,4.426986873149871826e-01,-2.227788046002388000e-02,2.001491189002990723e-01,3.405625522136688232e-01,-3.755522519350051880e-02,1.902866363525390625e-01,2.734944820404052734e-01,-5.003999546170234680e-02,1.821875125169754028e-01,2.216987460851669312e-01,-5.782114714384078979e-02,1.833517849445343018e-01,4.803392887115478516e-01,-2.862597629427909851e-02,1.551267206668853760e-01,4.055067598819732666e-01,-4.730525240302085876e-02,1.370477229356765747e-01,3.561818599700927734e-01,-5.785720050334930420e-02,1.231928616762161255e-01,3.103616237640380859e-01,-6.361265480518341064e-02,8.178944587707519531e-01,7.783350348472595215e-01,3.605477445489668753e-07,7.761600017547607422e-01,7.317380309104919434e-01,-2.115614525973796844e-02,7.581813931465148926e-01,6.515949368476867676e-01,-2.835270948708057404e-02,7.595598697662353516e-01,5.735815763473510742e-01,-3.434349969029426575e-02,7.489628791809082031e-01,5.138809680938720703e-01,-3.923214599490165710e-02,7.664372324943542480e-01,5.297660827636718750e-01,-3.818496130406856537e-03,7.468073964118957520e-01,4.386047720909118652e-01,-1.741213724017143250e-02,7.358729839324951172e-01,3.774144947528839111e-01,-3.077590279281139374e-02,7.300832867622375488e-01,3.237221240997314453e-01,-4.050035029649734497e-02,8.020133376121520996e-01,5.125350952148437500e-01,-5.130935925990343094e-03,7.974142432212829590e-01,3.993469476699829102e-01,-1.310969982296228409e-02,7.962051033973693848e-01,3.282300531864166260e-01,-2.467351220548152924e-02,7.962880730628967285e-01,2.693362236022949219e-01,-3.347148001194000244e-02,8.344797492027282715e-01,5.236276984214782715e-01,-1.061268709599971771e-02,8.392246365547180176e-01,4.232691824436187744e-01,-2.038536220788955688e-02,8.423473834991455078e-01,3.598561584949493408e-01,-2.981629036366939545e-02,8.441753983497619629e-01,3.062278032302856445e-01,-3.708125650882720947e-02,8.659334182739257812e-01,5.566374063491821289e-01,-1.872665807604789734e-02,8.817803263664245605e-01,4.898208379745483398e-01,-2.674336545169353485e-02,8.918493986129760742e-01,4.450325965881347656e-01,-2.973855473101139069e-02,8.995092511177062988e-01,4.044979214668273926e-01,-3.202909603714942932e-02
1.740575546383000000e+12,5.039215683937072754e-01,6.280905604362487793e-01,-5.242015123367309570e-01,3.132775127887725830e-01,9.531875848770141602e-01,-2.174351923167705536e-02,6.784263253211975098e-01,9.587771892547607422e-01,9.612769819796085358e-03,1.127731427550315857e-01,1.122922062873840332e+00,-5.130286216735839844e-01,8.625399470329284668e-01,1.348446846008300781e+00,-5.158057212829589844e-01,2.291281670331954956e-01,6.895896196365356445e-01,-1.024111270904541016e+00,8.280336260795593262e-01,7.941531538963317871e-01,-1.153620600700378418e+00,2.330322563648223877e-01,7.010797858238220215e-01,3.240479884425440105e-07,2.860795855522155762e-01,6.483727097511291504e-01,-1.284959819167852402e-02,3.146012723445892334e-01,5.624280571937561035e-01,-1.626474224030971527e-02,3.327748477458953857e-01,4.942919909954071045e-01,-2.010365203022956848e-02,3.591705262660980225e-01,4.653594493865966797e-01,-2.514163777232170105e-02,2.897666394710540771e-01,4.528724551200866699e-01,-1.363233290612697601e-02,3.107029199600219727e-01,3.687079548835754395e-01,-2.722869254648685455e-02,3.237117826938629150e-01,3.155758380889892578e-01,-3.747341409325599670e-02,3.336249887943267822e-01,2.750988900661468506e-01,-4.529330134391784668e-02,2.519140243530273438e-01,4.379114508628845215e-01,-1.905824057757854462e-02,2.450807839632034302e-01,3.220182359218597412e-01,-3.350995853543281555e-02,2.426122575998306274e-01,2.510149478912353516e-01,-4.409882053732872009e-02,2.391542196273803711e-01,1.994092464447021484e-01,-5.073084309697151184e-02,2.185388058423995972e-01,4.566214084625244141e-01,-2.667323872447013855e-02,1.968219429254531860e-01,3.520076274871826172e-01,-4.521217197179794312e-02,1.850222349166870117e-01,2.836488485336303711e-01,-5.823357403278350830e-02,1.759612113237380981e-01,2.269296348094940186e-01,-6.585679203271865845e-02,1.898738741874694824e-01,5.002251863479614258e-01,-3.506586328148841858e-02,1.687114983797073364e-01,4.220601618289947510e-01,-5.452719703316688538e-02,1.558918058872222900e-01,3.724733591079711914e-01,-6.406717002391815186e-02,1.460841894149780273e-01,3.245411515235900879e-01,-6.928534060716629028e-02,8.171564340591430664e-01,7.842468619346618652e-01,3.667783516903000418e-07,7.733314633369445801e-01,7.351790666580200195e-01,-2.118570357561111450e-02,7.576413154602050781e-01,6.520676016807556152e-01,-2.950196899473667145e-02,7.621934413909912109e-01,5.740192532539367676e-01,-3.665582463145256042e-02,7.491245865821838379e-01,5.159826874732971191e-01,-4.347314313054084778e-02,7.637200951576232910e-01,5.273480415344238281e-01,-9.233216755092144012e-03,7.419337034225463867e-01,4.311051368713378906e-01,-2.356632798910140991e-02,7.288165688514709473e-01,3.667854964733123779e-01,-3.678714483976364136e-02,7.216776609420776367e-01,3.098942339420318604e-01,-4.687240719795227051e-02,8.026435375213623047e-01,5.101348161697387695e-01,-1.198442559689283371e-02,8.004784584045410156e-01,3.978728950023651123e-01,-2.345379628241062164e-02,8.016798496246337891e-01,3.263057470321655273e-01,-3.801681101322174072e-02,8.039687871932983398e-01,2.659576833248138428e-01,-4.901731386780738831e-02,8.366018533706665039e-01,5.211793780326843262e-01,-1.855266839265823364e-02,8.507828116416931152e-01,4.172975122928619385e-01,-3.425808623433113098e-02,8.624683022499084473e-01,3.500455915927886963e-01,-4.946339875459671021e-02,8.713389635086059570e-01,2.918273806571960449e-01,-6.000667437911033630e-02,8.666447401046752930e-01,5.528836846351623535e-01,-2.698050998151302338e-02,8.890066146850585938e-01,4.796105623245239258e-01,-4.183578863739967346e-02,9.050620198249816895e-01,4.300044178962707520e-01,-4.995822533965110779e-02,9.179354310035705566e-01,3.838728964328765869e-01,-5.546960234642028809e-02
1.740575546419000000e+12,5.039253234863281250e-01,6.281260848045349121e-01,-4.449051022529602051e-01,3.132033050060272217e-01,9.535406231880187988e-01,2.293170057237148285e-02,6.802248358726501465e-01,9.614219665527343750e-01,5.052328109741210938e-02,1.213639155030250549e-01,1.105471253395080566e+00,-4.522783160209655762e-01,8.613153696060180664e-01,1.343686223030090332e+00,-4.325354695320129395e-01,2.289392948150634766e-01,6.946015954017639160e-01,-8.947834968566894531e-01,8.279342651367187500e-01,7.933145165443420410e-01,-9.609573483467102051e-01,2.276138812303543091e-01,7.072927951812744141e-01,3.717110530487843789e-07,2.781040966510772705e-01,6.619282364845275879e-01,-1.440234389156103134e-02,3.066607117652893066e-01,5.711204409599304199e-01,-1.864462159574031830e-02,3.256225287914276123e-01,4.874800443649291992e-01,-2.254531718790531158e-02,3.555959463119506836e-01,4.473026990890502930e-01,-2.707517519593238831e-02,2.908974289894104004e-01,4.659941792488098145e-01,-1.086417585611343384e-02,3.084368705749511719e-01,3.726860582828521729e-01,-2.215268276631832123e-02,3.187384903430938721e-01,3.179869651794433594e-01,-3.027641959488391876e-02,3.265637755393981934e-01,2.742668092250823975e-01,-3.636430576443672180e-02,2.564961314201354980e-01,4.542565941810607910e-01,-1.422430295497179031e-02,2.525995373725891113e-01,3.304294645786285400e-01,-2.721745893359184265e-02,2.493011802434921265e-01,2.530553936958312988e-01,-3.834467753767967224e-02,2.444192767143249512e-01,1.924652010202407837e-01,-4.509440436959266663e-02,2.238466888666152954e-01,4.735201299190521240e-01,-1.966701261699199677e-02,2.137269377708435059e-01,3.847028911113739014e-01,-3.898988664150238037e-02,2.108790129423141479e-01,3.320667445659637451e-01,-5.248435214161872864e-02,2.089289724826812744e-01,2.873436510562896729e-01,-5.934079363942146301e-02,1.932174414396286011e-01,5.130566954612731934e-01,-2.567912265658378601e-02,1.869602054357528687e-01,4.539435207843780518e-01,-4.282682761549949646e-02,1.891161501407623291e-01,4.328078925609588623e-01,-4.935889318585395813e-02,1.914177983999252319e-01,4.167713820934295654e-01,-5.215449258685112000e-02,8.171301484107971191e-01,7.839590907096862793e-01,3.809993529557686998e-07,7.729211449623107910e-01,7.310565710067749023e-01,-2.120099402964115143e-02,7.552853822708129883e-01,6.489667296409606934e-01,-2.999261021614074707e-02,7.589830756187438965e-01,5.726628899574279785e-01,-3.754020109772682190e-02,7.462633848190307617e-01,5.134798288345336914e-01,-4.517958685755729675e-02,7.647838592529296875e-01,5.233778953552246094e-01,-9.791328571736812592e-03,7.442832589149475098e-01,4.286652803421020508e-01,-2.415959164500236511e-02,7.324065566062927246e-01,3.664917349815368652e-01,-3.754477947950363159e-02,7.252981662750244141e-01,3.114611804485321045e-01,-4.799205809831619263e-02,8.037844896316528320e-01,5.093076825141906738e-01,-1.348169893026351929e-02,8.073508143424987793e-01,3.936672210693359375e-01,-2.600292488932609558e-02,8.122923374176025391e-01,3.236756324768066406e-01,-4.161454364657402039e-02,8.171524405479431152e-01,2.633771300315856934e-01,-5.348913371562957764e-02,8.356146216392517090e-01,5.247532129287719727e-01,-2.102953009307384491e-02,8.565543889999389648e-01,4.180362224578857422e-01,-3.875727206468582153e-02,8.716883063316345215e-01,3.485312163829803467e-01,-5.562928691506385803e-02,8.824976086616516113e-01,2.864384055137634277e-01,-6.731443852186203003e-02,8.626107573509216309e-01,5.619693398475646973e-01,-3.014355711638927460e-02,8.843674659729003906e-01,4.851367175579071045e-01,-4.657786339521408081e-02,8.985622525215148926e-01,4.334099888801574707e-01,-5.531092360615730286e-02,9.084342122077941895e-01,3.825260996818542480e-01,-6.168327853083610535e-02
1.740575546455000000e+12,5.040929317474365234e-01,6.274825930595397949e-01,-4.957915246486663818e-01,3.132010698318481445e-01,9.539222121238708496e-01,-1.642453571548685431e-04,6.810992360115051270e-01,9.577878117561340332e-01,2.835826948285102844e-02,1.230587586760520935e-01,1.095927476882934570e+00,-4.918834567070007324e-01,8.615048527717590332e-01,1.314175724983215332e+00,-4.379190504550933838e-01,2.282272130250930786e-01,6.869242787361145020e-01,-9.714843034744262695e-01,8.276835680007934570e-01,7.839903235435485840e-01,-9.632166028022766113e-01,2.227287143468856812e-01,6.955938339233398438e-01,3.814830336068553152e-07,2.771924138069152832e-01,6.479488611221313477e-01,-1.983179338276386261e-02,3.081528842449188232e-01,5.587455034255981445e-01,-2.130038104951381683e-02,3.292010426521301270e-01,4.761651754379272461e-01,-2.298475615680217743e-02,3.558986186981201172e-01,4.279555976390838623e-01,-2.416949532926082611e-02,2.888343632221221924e-01,4.532227516174316406e-01,3.103266470134258270e-03,3.029526770114898682e-01,3.610330522060394287e-01,-3.398897591978311539e-03,3.065866529941558838e-01,3.035383820533752441e-01,-1.044482924044132233e-02,3.094528913497924805e-01,2.555683851242065430e-01,-1.702631823718547821e-02,2.559036016464233398e-01,4.468597471714019775e-01,3.591808956116437912e-03,2.579259574413299561e-01,3.443371355533599854e-01,-6.640894338488578796e-03,2.591191232204437256e-01,2.739924788475036621e-01,-1.914034225046634674e-02,2.612495720386505127e-01,2.220278531312942505e-01,-2.870697714388370514e-02,2.226961404085159302e-01,4.652994871139526367e-01,1.144590351032093167e-04,2.245894372463226318e-01,3.829189538955688477e-01,-2.334032021462917328e-02,2.393149137496948242e-01,3.958776295185089111e-01,-3.833469748497009277e-02,2.515555918216705322e-01,4.240303933620452881e-01,-4.434857144951820374e-02,1.892174929380416870e-01,4.955784082412719727e-01,-4.722738172858953476e-03,1.938181668519973755e-01,4.516741037368774414e-01,-2.965260669589042664e-02,2.075001001358032227e-01,4.613764882087707520e-01,-4.213591292500495911e-02,2.211860865354537964e-01,4.778999388217926025e-01,-4.791071265935897827e-02,8.204773664474487305e-01,7.914866805076599121e-01,3.767264331600017613e-07,7.759814858436584473e-01,7.322387099266052246e-01,-1.995622552931308746e-02,7.557103633880615234e-01,6.458665132522583008e-01,-2.769173495471477509e-02,7.581241130828857422e-01,5.661629438400268555e-01,-3.476762399077415466e-02,7.464848756790161133e-01,5.005772113800048828e-01,-4.132569208741188049e-02,7.709110975265502930e-01,5.268883705139160156e-01,-5.621183197945356369e-03,7.519694566726684570e-01,4.278415441513061523e-01,-2.031065337359905243e-02,7.418254017829895020e-01,3.651333451271057129e-01,-3.406232595443725586e-02,7.365202307701110840e-01,3.082236647605895996e-01,-4.470708221197128296e-02,8.070291876792907715e-01,5.197296738624572754e-01,-9.372998960316181183e-03,8.085646629333496094e-01,4.005704820156097412e-01,-2.137022092938423157e-02,8.141226768493652344e-01,3.262959122657775879e-01,-3.688237071037292480e-02,8.206744790077209473e-01,2.601496577262878418e-01,-4.897611960768699646e-02,8.367199301719665527e-01,5.408240556716918945e-01,-1.715685799717903137e-02,8.464437723159790039e-01,4.422248303890228271e-01,-3.250087425112724304e-02,8.553955554962158203e-01,3.808740675449371338e-01,-4.658977687358856201e-02,8.619043231010437012e-01,3.248004317283630371e-01,-5.678975954651832581e-02,8.652760386466979980e-01,5.801839232444763184e-01,-2.697516977787017822e-02,8.784295916557312012e-01,5.085487365722656250e-01,-4.003156349062919617e-02,8.867151737213134766e-01,4.649965465068817139e-01,-4.645995050668716431e-02,8.922418951988220215e-01,4.219211637973785400e-01,-5.161723867058753967e-02
1.740575546492000000e+12,5.048950910568237305e-01,6.266633272171020508e-01,-6.358310580253601074e-01,3.135019540786743164e-01,9.558400511741638184e-01,-8.923907577991485596e-02,6.811756491661071777e-01,9.581320881843566895e-01,-2.208313904702663422e-02,1.232258453965187073e-01,1.096680164337158203e+00,-6.594558954238891602e-01,8.617836833000183105e-01,1.314882040023803711e+00,-5.300213694572448730e-01,2.285181283950805664e-01,6.870314478874206543e-01,-1.243484616279602051e+00,8.275734782218933105e-01,7.839634418487548828e-01,-1.147417306900024414e+00,2.303625345230102539e-01,7.088920474052429199e-01,3.326220792132517090e-07,2.825518548488616943e-01,6.478618979454040527e-01,-1.706772111356258392e-02,3.132739961147308350e-01,5.580922961235046387e-01,-1.872868463397026062e-02,3.303163647651672363e-01,4.755908548831939697e-01,-2.091605402529239655e-02,3.544846475124359131e-01,4.222677946090698242e-01,-2.300821244716644287e-02,2.900489866733551025e-01,4.677974283695220947e-01,1.010297983884811401e-02,3.025676608085632324e-01,3.776565492153167725e-01,1.534326467663049698e-03,3.074386417865753174e-01,3.213350474834442139e-01,-8.887804113328456879e-03,3.133371174335479736e-01,2.729461789131164551e-01,-1.750073209404945374e-02,2.597965896129608154e-01,4.667177200317382812e-01,1.021173689514398575e-02,2.662150859832763672e-01,3.774000406265258789e-01,1.318227266892790794e-03,2.700843214988708496e-01,3.221011459827423096e-01,-1.100839115679264069e-02,2.784590423107147217e-01,2.749494910240173340e-01,-2.065738476812839508e-02,2.292674630880355835e-01,4.806866049766540527e-01,5.902824457734823227e-03,2.330159693956375122e-01,3.969733119010925293e-01,-8.496215566992759705e-03,2.404118776321411133e-01,3.572787642478942871e-01,-1.736813411116600037e-02,2.517305612564086914e-01,3.280309736728668213e-01,-2.265274524688720703e-02,1.964146494865417480e-01,5.028516650199890137e-01,-5.354284076020121574e-04,2.004166692495346069e-01,4.386114776134490967e-01,-1.530279405415058136e-02,2.129810601472854614e-01,4.101814031600952148e-01,-2.114678360521793365e-02,2.301880121231079102e-01,3.871920108795166016e-01,-2.419387735426425934e-02,8.224347829818725586e-01,7.961680293083190918e-01,2.924859074937558034e-07,7.743136286735534668e-01,7.351481914520263672e-01,-2.129548788070678711e-02,7.541621327400207520e-01,6.413926482200622559e-01,-2.427344396710395813e-02,7.541895508766174316e-01,5.536771416664123535e-01,-2.721395716071128845e-02,7.415230274200439453e-01,4.841775298118591309e-01,-2.898583002388477325e-02,7.711722254753112793e-01,5.367634892463684082e-01,8.752037771046161652e-03,7.530374526977539062e-01,4.371749460697174072e-01,-5.676030414178967476e-04,7.443103194236755371e-01,3.722367286682128906e-01,-1.216566096991300583e-02,7.405379414558410645e-01,3.127491474151611328e-01,-2.159702777862548828e-02,8.077411055564880371e-01,5.313429832458496094e-01,8.023512549698352814e-03,8.045198917388916016e-01,4.209649264812469482e-01,-8.294935105368494987e-04,8.045297861099243164e-01,3.458932340145111084e-01,-1.740405894815921783e-02,8.055499196052551270e-01,2.833482623100280762e-01,-3.094868920743465424e-02,8.378000855445861816e-01,5.502283573150634766e-01,2.194328466430306435e-03,8.469169139862060547e-01,4.618576765060424805e-01,-1.547454111278057098e-02,8.421375155448913574e-01,4.240547120571136475e-01,-3.332274034619331360e-02,8.323363065719604492e-01,4.036612212657928467e-01,-4.421328008174896240e-02,8.678205013275146484e-01,5.829082727432250977e-01,-5.633077584207057953e-03,8.775219321250915527e-01,5.057875514030456543e-01,-2.122992835938930511e-02,8.737161159515380859e-01,4.822684824466705322e-01,-3.059146739542484283e-02,8.634027242660522461e-01,4.749757945537567139e-01,-3.702283278107643127e-02
1.740575546528000000e+12,5.047541260719299316e-01,6.238864064216613770e-01,-6.564127206802368164e-01,3.116583824157714844e-01,9.531782269477844238e-01,-1.094688400626182556e-01,6.797727346420288086e-01,9.568676352500915527e-01,-8.036203682422637939e-02,1.210684180259704590e-01,1.094614028930664062e+00,-6.725425720214843750e-01,8.567149043083190918e-01,1.315264821052551270e+00,-6.024616956710815430e-01,2.288250029087066650e-01,6.855681538581848145e-01,-1.277662873268127441e+00,8.279595375061035156e-01,7.849525213241577148e-01,-1.227928638458251953e+00,2.318098545074462891e-01,6.959392428398132324e-01,4.127684292143385392e-07,2.863432466983795166e-01,6.489129662513732910e-01,-1.924483850598335266e-02,3.237849771976470947e-01,5.654314160346984863e-01,-2.490373328328132629e-02,3.428036570549011230e-01,4.884903728961944580e-01,-2.971139736473560333e-02,3.698961138725280762e-01,4.458006322383880615e-01,-3.506094962358474731e-02,2.972798943519592285e-01,4.737885296344757080e-01,-1.166012231260538101e-02,3.163857460021972656e-01,3.863857388496398926e-01,-2.591180801391601562e-02,3.260090649127960205e-01,3.311240375041961670e-01,-3.759280964732170105e-02,3.346781432628631592e-01,2.835383415222167969e-01,-4.623125493526458740e-02,2.619033157825469971e-01,4.583898186683654785e-01,-1.296435110270977020e-02,2.695747911930084229e-01,3.536634445190429688e-01,-2.710567973554134369e-02,2.737998366355895996e-01,2.843997180461883545e-01,-3.959427401423454285e-02,2.782292068004608154e-01,2.249328792095184326e-01,-4.831870645284652710e-02,2.273928225040435791e-01,4.646784961223602295e-01,-1.744527183473110199e-02,2.254783660173416138e-01,3.675076961517333984e-01,-3.389243781566619873e-02,2.284595668315887451e-01,3.037918508052825928e-01,-4.504325613379478455e-02,2.340923100709915161e-01,2.487551718950271606e-01,-5.180520936846733093e-02,1.917345672845840454e-01,4.878194928169250488e-01,-2.369538322091102600e-02,1.866477429866790771e-01,4.107767045497894287e-01,-3.919235244393348694e-02,1.870937198400497437e-01,3.605611026287078857e-01,-4.650998860597610474e-02,1.908881813287734985e-01,3.103366792201995850e-01,-5.078278854489326477e-02,8.186627626419067383e-01,7.924298644065856934e-01,2.920934889516502153e-07,7.706344723701477051e-01,7.293937206268310547e-01,-1.912733353674411774e-02,7.487031221389770508e-01,6.340093016624450684e-01,-2.279987186193466187e-02,7.470567822456359863e-01,5.451259613037109375e-01,-2.608050778508186340e-02,7.395379543304443359e-01,4.714954197406768799e-01,-2.835522778332233429e-02,7.660247683525085449e-01,5.370890498161315918e-01,5.610642954707145691e-03,7.524110078811645508e-01,4.403982758522033691e-01,-4.884559661149978638e-03,7.454531788825988770e-01,3.790848255157470703e-01,-1.672682538628578186e-02,7.419775724411010742e-01,3.218603730201721191e-01,-2.621710486710071564e-02,8.007539510726928711e-01,5.327813029289245605e-01,4.463953431695699692e-03,7.979061603546142578e-01,4.324496686458587646e-01,-4.317000973969697952e-03,7.970373034477233887e-01,3.718543350696563721e-01,-1.721503026783466339e-02,7.971470355987548828e-01,3.185998797416687012e-01,-2.738448791205883026e-02,8.319996595382690430e-01,5.473619699478149414e-01,-1.289469772018492222e-03,8.352331519126892090e-01,4.538328051567077637e-01,-1.378505304455757141e-02,8.338270783424377441e-01,3.966748118400573730e-01,-2.392040565609931946e-02,8.317503929138183594e-01,3.470501899719238281e-01,-3.106892108917236328e-02,8.636346459388732910e-01,5.742172002792358398e-01,-9.484619833528995514e-03,8.757960796356201172e-01,4.967830479145050049e-01,-2.078100480139255524e-02,8.824545145034790039e-01,4.444989264011383057e-01,-2.656750194728374481e-02,8.869678378105163574e-01,3.952745497226715088e-01,-3.083718195557594299e-02
1.740575546564000000e+12,5.040982961654663086e-01,6.248096823692321777e-01,-6.244326829910278320e-01,3.119611740112304688e-01,9.531410336494445801e-01,-8.826079219579696655e-02,6.797755956649780273e-01,9.520803689956665039e-01,-5.160150676965713501e-02,1.196125298738479614e-01,1.099641680717468262e+00,-5.781224966049194336e-01,8.616328239440917969e-01,1.313712000846862793e+00,-5.126046538352966309e-01,2.262550890445709229e-01,6.940785050392150879e-01,-1.062747716903686523e+00,8.279522657394409180e-01,7.849155664443969727e-01,-1.077499508857727051e+00,2.315977662801742554e-01,6.983031630516052246e-01,4.418630226155073615e-07,2.861238121986389160e-01,6.627865433692932129e-01,-2.293351478874683380e-02,3.269377648830413818e-01,5.823598504066467285e-01,-3.051394782960414886e-02,3.525028228759765625e-01,5.107137560844421387e-01,-3.616103902459144592e-02,3.814316987991333008e-01,4.734813570976257324e-01,-4.188361018896102905e-02,2.983605563640594482e-01,4.715479612350463867e-01,-2.007052116096019745e-02,3.229935169219970703e-01,3.839294016361236572e-01,-3.323615342378616333e-02,3.367524147033691406e-01,3.264674246311187744e-01,-4.335055127739906311e-02,3.466490805149078369e-01,2.804449796676635742e-01,-5.083141103386878967e-02,2.615273296833038330e-01,4.524708390235900879e-01,-1.966569572687149048e-02,2.707996070384979248e-01,3.477460741996765137e-01,-3.071583248674869537e-02,2.744807600975036621e-01,2.806854844093322754e-01,-3.986582905054092407e-02,2.764036059379577637e-01,2.260376662015914917e-01,-4.653188586235046387e-02,2.255157232284545898e-01,4.585653543472290039e-01,-2.225097082555294037e-02,2.195582836866378784e-01,3.616212606430053711e-01,-3.654420748353004456e-02,2.189344018697738647e-01,3.009315729141235352e-01,-4.711353406310081482e-02,2.198056280612945557e-01,2.530515193939208984e-01,-5.400605127215385437e-02,1.888701319694519043e-01,4.857999682426452637e-01,-2.688126452267169952e-02,1.674939095973968506e-01,4.144258201122283936e-01,-4.323039203882217407e-02,1.540950238704681396e-01,3.654951751232147217e-01,-5.153057724237442017e-02,1.448058784008026123e-01,3.190213739871978760e-01,-5.605851858854293823e-02,8.159741759300231934e-01,7.818182706832885742e-01,3.980252074597956380e-07,7.654011845588684082e-01,7.304197549819946289e-01,-2.048221789300441742e-02,7.379350662231445312e-01,6.426354646682739258e-01,-2.715153060853481293e-02,7.311680912971496582e-01,5.588440895080566406e-01,-3.262906149029731750e-02,7.189586758613586426e-01,4.905463159084320068e-01,-3.748885542154312134e-02,7.621404528617858887e-01,5.322269797325134277e-01,-6.101744715124368668e-03,7.457614541053771973e-01,4.353237748146057129e-01,-1.980977505445480347e-02,7.358835339546203613e-01,3.719959259033203125e-01,-3.274836391210556030e-02,7.300480604171752930e-01,3.157279491424560547e-01,-4.243687167763710022e-02,7.993149757385253906e-01,5.188453197479248047e-01,-7.862943224608898163e-03,7.987342476844787598e-01,4.055336713790893555e-01,-1.872031949460506439e-02,7.989343404769897461e-01,3.316600620746612549e-01,-3.197316080331802368e-02,7.999308109283447266e-01,2.688711285591125488e-01,-4.179251566529273987e-02,8.322460055351257324e-01,5.302569270133972168e-01,-1.350157801061868668e-02,8.363413214683532715e-01,4.237088859081268311e-01,-2.762189321219921112e-02,8.373308181762695312e-01,3.571475148200988770e-01,-3.944800421595573425e-02,8.374948501586914062e-01,2.989766597747802734e-01,-4.752329736948013306e-02,8.641990423202514648e-01,5.606981515884399414e-01,-2.118402719497680664e-02,8.788751363754272461e-01,4.834761619567871094e-01,-3.466877341270446777e-02,8.874548673629760742e-01,4.309103488922119141e-01,-4.122014343738555908e-02,8.933362960815429688e-01,3.816413581371307373e-01,-4.539470747113227844e-02
1.740575546600000000e+12,5.051811933517456055e-01,6.257421374320983887e-01,-6.564166545867919922e-01,3.115109801292419434e-01,9.526072144508361816e-01,-9.856982529163360596e-02,6.777415275573730469e-01,9.518263339996337891e-01,-5.768435448408126831e-02,1.090867668390274048e-01,1.108513593673706055e+00,-6.121199727058410645e-01,8.616483807563781738e-01,1.318070888519287109e+00,-5.365015268325805664e-01,2.263284027576446533e-01,7.042474746704101562e-01,-1.157059431076049805e+00,8.278144598007202148e-01,7.870287299156188965e-01,-1.132512331008911133e+00,2.293088734149932861e-01,7.013694643974304199e-01,4.091065477496158564e-07,2.839880287647247314e-01,6.672010421752929688e-01,-2.103042230010032654e-02,3.266830742359161377e-01,5.855390429496765137e-01,-2.693150565028190613e-02,3.560708761215209961e-01,5.179662108421325684e-01,-3.169176355004310608e-02,3.852098584175109863e-01,4.882687032222747803e-01,-3.631072863936424255e-02,2.964659929275512695e-01,4.662238657474517822e-01,-1.294764690101146698e-02,3.204183578491210938e-01,3.838231563568115234e-01,-2.293582074344158173e-02,3.338553905487060547e-01,3.304570317268371582e-01,-3.150744736194610596e-02,3.437160253524780273e-01,2.882023751735687256e-01,-3.804771602153778076e-02,2.586755156517028809e-01,4.479291141033172607e-01,-1.249775290489196777e-02,2.668814063072204590e-01,3.495087027549743652e-01,-1.985227130353450775e-02,2.703405022621154785e-01,2.902236580848693848e-01,-2.654706686735153198e-02,2.725091576576232910e-01,2.429710626602172852e-01,-3.161478415131568909e-02,2.226161360740661621e-01,4.537617564201354980e-01,-1.534742861986160278e-02,2.151055037975311279e-01,3.633732497692108154e-01,-2.566888742148876190e-02,2.117824256420135498e-01,3.087270557880401611e-01,-3.386083990335464478e-02,2.103553265333175659e-01,2.655754685401916504e-01,-3.964751958847045898e-02,1.866167932748794556e-01,4.810969829559326172e-01,-2.055587619543075562e-02,1.635976880788803101e-01,4.148282408714294434e-01,-3.311038017272949219e-02,1.487183868885040283e-01,3.700756728649139404e-01,-3.942765295505523682e-02,1.382077932357788086e-01,3.266111314296722412e-01,-4.295162484049797058e-02,8.158575892448425293e-01,7.830736637115478516e-01,3.671523813864041585e-07,7.636771202087402344e-01,7.386573553085327148e-01,-2.199365012347698212e-02,7.318806648254394531e-01,6.512020230293273926e-01,-2.876656316220760345e-02,7.205216884613037109e-01,5.672757029533386230e-01,-3.369423747062683105e-02,7.030043005943298340e-01,5.009142756462097168e-01,-3.745761141180992126e-02,7.606735825538635254e-01,5.257665514945983887e-01,-7.263884879648685455e-03,7.418751120567321777e-01,4.255654215812683105e-01,-2.011720091104507446e-02,7.313120365142822266e-01,3.615771830081939697e-01,-3.226687014102935791e-02,7.254725098609924316e-01,3.063327074050903320e-01,-4.091196507215499878e-02,7.968943715095520020e-01,5.140174031257629395e-01,-7.112184073776006699e-03,7.930726408958435059e-01,3.987561762332916260e-01,-1.319836545735597610e-02,7.938972115516662598e-01,3.266651332378387451e-01,-2.125418372452259064e-02,7.964073419570922852e-01,2.702449262142181396e-01,-2.749132364988327026e-02,8.310055136680603027e-01,5.282156467437744141e-01,-1.116495206952095032e-02,8.307653069496154785e-01,4.250200092792510986e-01,-1.923941634595394135e-02,8.321046233177185059e-01,3.626567721366882324e-01,-2.517746761441230774e-02,8.329516649246215820e-01,3.095451593399047852e-01,-2.989259548485279083e-02,8.644726872444152832e-01,5.615563988685607910e-01,-1.798697933554649353e-02,8.745359182357788086e-01,4.899493157863616943e-01,-2.540137805044651031e-02,8.807845711708068848e-01,4.461795389652252197e-01,-2.666058018803596497e-02,8.857239484786987305e-01,4.073078930377960205e-01,-2.735647372901439667e-02
1.740575546637000000e+12,5.054095387458801270e-01,6.257159709930419922e-01,-6.716325283050537109e-01,3.074754476547241211e-01,9.497592449188232422e-01,-1.264669001102447510e-01,6.746683120727539062e-01,9.512762427330017090e-01,-8.816377818584442139e-02,1.056353449821472168e-01,1.108102083206176758e+00,-6.404498219490051270e-01,8.605657815933227539e-01,1.334689378738403320e+00,-5.670958757400512695e-01,2.263855487108230591e-01,7.059634923934936523e-01,-1.193311333656311035e+00,8.271015286445617676e-01,7.877985835075378418e-01,-1.167461037635803223e+00,2.284833937883377075e-01,7.017654180526733398e-01,4.188873958810290787e-07,2.845177650451660156e-01,6.696805953979492188e-01,-2.096400782465934753e-02,3.279916346073150635e-01,5.862681865692138672e-01,-2.609001845121383667e-02,3.582251667976379395e-01,5.206154584884643555e-01,-3.021881729364395142e-02,3.866154253482818604e-01,4.954338967800140381e-01,-3.411162644624710083e-02,2.936768829822540283e-01,4.637150168418884277e-01,-1.098912674933671951e-02,3.170792758464813232e-01,3.823005259037017822e-01,-1.883642002940177917e-02,3.306973874568939209e-01,3.294364213943481445e-01,-2.555130794644355774e-02,3.405589163303375244e-01,2.900274991989135742e-01,-3.059341944754123688e-02,2.554281353950500488e-01,4.465853571891784668e-01,-9.845198132097721100e-03,2.618735432624816895e-01,3.480044007301330566e-01,-1.462166476994752884e-02,2.642017006874084473e-01,2.890056967735290527e-01,-1.872918196022510529e-02,2.653485536575317383e-01,2.429620474576950073e-01,-2.164387702941894531e-02,2.201173156499862671e-01,4.529653191566467285e-01,-1.217035390436649323e-02,2.117813229560852051e-01,3.624181449413299561e-01,-2.037981338798999786e-02,2.087852954864501953e-01,3.083568811416625977e-01,-2.676124684512615204e-02,2.072777450084686279e-01,2.663718163967132568e-01,-3.107129782438278198e-02,1.850621402263641357e-01,4.808326363563537598e-01,-1.703231595456600189e-02,1.619156152009963989e-01,4.153239130973815918e-01,-2.828312851488590240e-02,1.473875641822814941e-01,3.705746531486511230e-01,-3.375827893614768982e-02,1.369885057210922241e-01,3.281097412109375000e-01,-3.641121834516525269e-02,8.168547153472900391e-01,7.835778594017028809e-01,3.138264901281218044e-07,7.622886896133422852e-01,7.349116802215576172e-01,-2.143296785652637482e-02,7.311128377914428711e-01,6.461814641952514648e-01,-2.602052316069602966e-02,7.164006829261779785e-01,5.624704957008361816e-01,-2.929930575191974640e-02,6.960437893867492676e-01,4.981230199337005615e-01,-3.116245940327644348e-02,7.608269453048706055e-01,5.239562988281250000e-01,1.812208793126046658e-03,7.403754591941833496e-01,4.234143495559692383e-01,-8.913208730518817902e-03,7.282989025115966797e-01,3.597915470600128174e-01,-2.038926444947719574e-02,7.214497923851013184e-01,3.046415448188781738e-01,-2.850425988435745239e-02,7.966729998588562012e-01,5.121773481369018555e-01,2.764204284176230431e-03,7.871956825256347656e-01,4.023866653442382812e-01,1.229748158948495984e-04,7.834005355834960938e-01,3.343563675880432129e-01,-5.953531712293624878e-03,7.813998460769653320e-01,2.827292382717132568e-01,-1.084532123059034348e-02,8.304859399795532227e-01,5.251334309577941895e-01,-1.164643210358917713e-03,8.281176686286926270e-01,4.224048554897308350e-01,-6.126587279140949249e-03,8.265509009361267090e-01,3.618171215057373047e-01,-8.894340135157108307e-03,8.242200016975402832e-01,3.113833665847778320e-01,-1.143309846520423889e-02,8.635336756706237793e-01,5.564209222793579102e-01,-8.282228372991085052e-03,8.731986880302429199e-01,4.897981882095336914e-01,-1.353006716817617416e-02,8.780499100685119629e-01,4.477150440216064453e-01,-1.317337807267904282e-02,8.827305436134338379e-01,4.098753333091735840e-01,-1.243923977017402649e-02
1.740575546673000000e+12,5.054836273193359375e-01,6.261048913002014160e-01,-6.640411019325256348e-01,3.062816262245178223e-01,9.468996524810791016e-01,-1.193243861198425293e-01,6.746984720230102539e-01,9.512465596199035645e-01,-8.491872251033782959e-02,1.035668253898620605e-01,1.113671422004699707e+00,-6.237614750862121582e-01,8.606096506118774414e-01,1.335014820098876953e+00,-5.365926027297973633e-01,2.241381108760833740e-01,7.096048593521118164e-01,-1.122964501380920410e+00,8.270894885063171387e-01,7.878772020339965820e-01,-1.118594884872436523e+00,2.250557392835617065e-01,6.993166208267211914e-01,4.156012209932669066e-07,2.813264131546020508e-01,6.668060421943664551e-01,-2.088071033358573914e-02,3.252139389514923096e-01,5.838781595230102539e-01,-2.625774964690208435e-02,3.572773933410644531e-01,5.192018151283264160e-01,-3.077058121562004089e-02,3.867543041706085205e-01,4.957977235317230225e-01,-3.513358533382415771e-02,2.917001545429229736e-01,4.619958400726318359e-01,-1.059070229530334473e-02,3.145239353179931641e-01,3.799974322319030762e-01,-1.875866390764713287e-02,3.278524875640869141e-01,3.278073370456695557e-01,-2.615478076040744781e-02,3.375973701477050781e-01,2.886191010475158691e-01,-3.171705827116966248e-02,2.538495361804962158e-01,4.455659687519073486e-01,-9.607831016182899475e-03,2.603309750556945801e-01,3.451331555843353271e-01,-1.463666558265686035e-02,2.630470395088195801e-01,2.864042520523071289e-01,-1.937621459364891052e-02,2.648292481899261475e-01,2.406806349754333496e-01,-2.291506342589855194e-02,2.189399302005767822e-01,4.520603120326995850e-01,-1.212085224688053131e-02,2.109602242708206177e-01,3.619991838932037354e-01,-2.003493160009384155e-02,2.079572826623916626e-01,3.086078763008117676e-01,-2.676264196634292603e-02,2.067063450813293457e-01,2.665016949176788330e-01,-3.159250319004058838e-02,1.840313673019409180e-01,4.794194400310516357e-01,-1.722904294729232788e-02,1.618062406778335571e-01,4.147127270698547363e-01,-2.750335261225700378e-02,1.478125602006912231e-01,3.703989684581756592e-01,-3.263110294938087463e-02,1.377260088920593262e-01,3.278307914733886719e-01,-3.547034785151481628e-02,8.161268234252929688e-01,7.796792984008789062e-01,3.080084809425898129e-07,7.615779638290405273e-01,7.345660328865051270e-01,-2.161926031112670898e-02,7.272517681121826172e-01,6.453300714492797852e-01,-2.648325450718402863e-02,7.112172842025756836e-01,5.623916983604431152e-01,-2.965072169899940491e-02,6.908200979232788086e-01,5.010417699813842773e-01,-3.147871047258377075e-02,7.594391107559204102e-01,5.224409699440002441e-01,-2.600128995254635811e-03,7.405561208724975586e-01,4.232636690139770508e-01,-1.383798569440841675e-02,7.290031313896179199e-01,3.618721067905426025e-01,-2.511641755700111389e-02,7.221310138702392578e-01,3.087296783924102783e-01,-3.289142251014709473e-02,7.956287264823913574e-01,5.110260248184204102e-01,-1.304704812355339527e-03,7.888278961181640625e-01,4.019624590873718262e-01,-4.183772951364517212e-03,7.859104871749877930e-01,3.350567817687988281e-01,-9.474589489400386810e-03,7.845480442047119141e-01,2.849754989147186279e-01,-1.374898385256528854e-02,8.296945691108703613e-01,5.238609313964843750e-01,-4.565418232232332230e-03,8.284046053886413574e-01,4.247583746910095215e-01,-9.377163834869861603e-03,8.262875080108642578e-01,3.663348257541656494e-01,-1.139851659536361694e-02,8.232044577598571777e-01,3.180915117263793945e-01,-1.336320396512746811e-02,8.626835346221923828e-01,5.545664429664611816e-01,-1.095093321055173874e-02,8.731815814971923828e-01,4.877586364746093750e-01,-1.570246741175651550e-02,8.781808018684387207e-01,4.460981190204620361e-01,-1.468233298510313034e-02,8.828194737434387207e-01,4.090968966484069824e-01,-1.346765551716089249e-02
1.740575546709000000e+12,5.055263042449951172e-01,6.258563399314880371e-01,-6.662074327468872070e-01,3.078110516071319580e-01,9.468847513198852539e-01,-1.170873641967773438e-01,6.741300821304321289e-01,9.474397301673889160e-01,-7.855207473039627075e-02,1.035458669066429138e-01,1.113922357559204102e+00,-6.227635145187377930e-01,8.608162999153137207e-01,1.328957557678222656e+00,-5.311437845230102539e-01,2.242491692304611206e-01,7.109540104866027832e-01,-1.122931838035583496e+00,8.267232179641723633e-01,7.851221561431884766e-01,-1.117686390876770020e+00,2.246148139238357544e-01,7.024804949760437012e-01,4.185928332844923716e-07,2.801283895969390869e-01,6.680247187614440918e-01,-2.117212675511837006e-02,3.245428204536437988e-01,5.852023363113403320e-01,-2.659960091114044189e-02,3.567108511924743652e-01,5.208227634429931641e-01,-3.108896873891353607e-02,3.862330317497253418e-01,4.954198300838470459e-01,-3.531647473573684692e-02,2.907130122184753418e-01,4.631313979625701904e-01,-9.979040361940860748e-03,3.133039772510528564e-01,3.804821968078613281e-01,-1.808468624949455261e-02,3.263877928256988525e-01,3.280603289604187012e-01,-2.566258423030376434e-02,3.361992835998535156e-01,2.881832420825958252e-01,-3.144401684403419495e-02,2.531861662864685059e-01,4.465019106864929199e-01,-9.005223400890827179e-03,2.601706981658935547e-01,3.466380238533020020e-01,-1.410927716642618179e-02,2.630088031291961670e-01,2.867827415466308594e-01,-1.938078552484512329e-02,2.648535668849945068e-01,2.401375919580459595e-01,-2.334763295948505402e-02,2.180725336074829102e-01,4.530929625034332275e-01,-1.161103975027799606e-02,2.108799517154693604e-01,3.613831698894500732e-01,-1.981615833938121796e-02,2.078242897987365723e-01,3.071036934852600098e-01,-2.699826657772064209e-02,2.065129876136779785e-01,2.638636529445648193e-01,-3.209802880883216858e-02,1.828052401542663574e-01,4.808087050914764404e-01,-1.679963245987892151e-02,1.614754498004913330e-01,4.149996936321258545e-01,-2.745555341243743896e-02,1.478689461946487427e-01,3.701926171779632568e-01,-3.285773098468780518e-02,1.381635665893554688e-01,3.267302215099334717e-01,-3.583362698554992676e-02,8.156251311302185059e-01,7.758514285087585449e-01,3.093190628078446025e-07,7.613864541053771973e-01,7.300298213958740234e-01,-2.027434296905994415e-02,7.266400456428527832e-01,6.419869065284729004e-01,-2.498417906463146210e-02,7.097879648208618164e-01,5.603464245796203613e-01,-2.825364284217357635e-02,6.895941495895385742e-01,5.008434653282165527e-01,-3.027037344872951508e-02,7.603644728660583496e-01,5.199881196022033691e-01,-2.309584524482488632e-03,7.424685955047607422e-01,4.228937327861785889e-01,-1.359107438474893570e-02,7.307308912277221680e-01,3.633949458599090576e-01,-2.483457513153553009e-02,7.226188778877258301e-01,3.117992579936981201e-01,-3.259996324777603149e-02,7.963756322860717773e-01,5.088958144187927246e-01,-1.738737802952528000e-03,7.935413122177124023e-01,3.996145725250244141e-01,-4.930957220494747162e-03,7.923668026924133301e-01,3.328926265239715576e-01,-1.016876008361577988e-02,7.918646335601806641e-01,2.825120091438293457e-01,-1.425608620047569275e-02,8.297168016433715820e-01,5.220903754234313965e-01,-5.579200573265552521e-03,8.293305635452270508e-01,4.235916137695312500e-01,-1.053904742002487183e-02,8.277300596237182617e-01,3.660636842250823975e-01,-1.260445453226566315e-02,8.250914216041564941e-01,3.186132311820983887e-01,-1.453547738492488861e-02,8.620077967643737793e-01,5.528061985969543457e-01,-1.240150257945060730e-02,8.729515671730041504e-01,4.880065917968750000e-01,-1.724140532314777374e-02,8.780975341796875000e-01,4.472163617610931396e-01,-1.627781242132186890e-02,8.825884461402893066e-01,4.108623564243316650e-01,-1.504854578524827957e-02
1.740575546745000000e+12,5.030540227890014648e-01,6.292700767517089844e-01,-6.594040393829345703e-01,3.102336525917053223e-01,9.467604756355285645e-01,-1.068202406167984009e-01,6.729072332382202148e-01,9.443276524543762207e-01,-7.377700507640838623e-02,1.034668833017349243e-01,1.113712787628173828e+00,-5.722602009773254395e-01,8.608209490776062012e-01,1.329337954521179199e+00,-5.282233953475952148e-01,2.243363112211227417e-01,7.103601098060607910e-01,-1.079621315002441406e+00,8.265622854232788086e-01,7.855325341224670410e-01,-1.112444162368774414e+00,2.238544672727584839e-01,7.035417556762695312e-01,4.230787737924401881e-07,2.801134288311004639e-01,6.692116856575012207e-01,-2.147194929420948029e-02,3.242060840129852295e-01,5.850604176521301270e-01,-2.684390917420387268e-02,3.563939034938812256e-01,5.198048353195190430e-01,-3.125768899917602539e-02,3.858868777751922607e-01,4.945931136608123779e-01,-3.537932038307189941e-02,2.901042103767395020e-01,4.633161127567291260e-01,-9.851865470409393311e-03,3.118750452995300293e-01,3.806517720222473145e-01,-1.753763295710086823e-02,3.243271708488464355e-01,3.275006115436553955e-01,-2.450551092624664307e-02,3.333945572376251221e-01,2.878830432891845703e-01,-2.971732430160045624e-02,2.523607611656188965e-01,4.469149708747863770e-01,-8.609138429164886475e-03,2.588947415351867676e-01,3.462804257869720459e-01,-1.314090564846992493e-02,2.614200413227081299e-01,2.858451604843139648e-01,-1.737931184470653534e-02,2.629465460777282715e-01,2.384227365255355835e-01,-2.035350725054740906e-02,2.173683941364288330e-01,4.534740746021270752e-01,-1.104220934212207794e-02,2.096047699451446533e-01,3.612869381904602051e-01,-1.894631981849670410e-02,2.064300626516342163e-01,3.066615164279937744e-01,-2.541693486273288727e-02,2.049746960401535034e-01,2.633891701698303223e-01,-2.975196018815040588e-02,1.822624206542968750e-01,4.810673594474792480e-01,-1.613545976579189301e-02,1.606862843036651611e-01,4.148700237274169922e-01,-2.668816968798637390e-02,1.470749825239181519e-01,3.697732090950012207e-01,-3.183976933360099792e-02,1.374180018901824951e-01,3.264666497707366943e-01,-3.440796583890914917e-02,8.146507143974304199e-01,7.749943137168884277e-01,2.902391713632823667e-07,7.600084543228149414e-01,7.284207344055175781e-01,-1.906772889196872711e-02,7.268299460411071777e-01,6.398476362228393555e-01,-2.284717559814453125e-02,7.115566730499267578e-01,5.581265091896057129e-01,-2.547733485698699951e-02,6.922971010208129883e-01,4.975354969501495361e-01,-2.687754482030868530e-02,7.594422698020935059e-01,5.210795402526855469e-01,1.477155456086620688e-04,7.421815991401672363e-01,4.244128763675689697e-01,-1.038830447942018509e-02,7.308651208877563477e-01,3.651788234710693359e-01,-2.115230076014995575e-02,7.233700752258300781e-01,3.134863376617431641e-01,-2.870151586830615997e-02,7.955354452133178711e-01,5.111072659492492676e-01,1.586249127285555005e-04,7.906512022018432617e-01,4.029922187328338623e-01,-2.935684518888592720e-03,7.888108491897583008e-01,3.360314071178436279e-01,-8.561053313314914703e-03,7.883212566375732422e-01,2.849539816379547119e-01,-1.298609375953674316e-02,8.290939927101135254e-01,5.251054167747497559e-01,-4.190268926322460175e-03,8.277305364608764648e-01,4.273215830326080322e-01,-9.611321613192558289e-03,8.259897232055664062e-01,3.701560795307159424e-01,-1.215336378663778305e-02,8.235277533531188965e-01,3.226806223392486572e-01,-1.429087761789560318e-02,8.617952466011047363e-01,5.562160015106201172e-01,-1.135258190333843231e-02,8.715982437133789062e-01,4.906760752201080322e-01,-1.675514131784439087e-02,8.763719797134399414e-01,4.496568441390991211e-01,-1.615370810031890869e-02,8.807926177978515625e-01,4.122508168220520020e-01,-1.514383591711521149e-02
1.740575546782000000e+12,5.029689073562622070e-01,6.309947371482849121e-01,-6.028531193733215332e-01,3.101727664470672607e-01,9.445666074752807617e-01,-8.625755459070205688e-02,6.731361150741577148e-01,9.429718852043151855e-01,-6.074748188257217407e-02,1.013186350464820862e-01,1.113740682601928711e+00,-4.937905371189117432e-01,8.633269071578979492e-01,1.329202175140380859e+00,-4.825102388858795166e-01,2.244037389755249023e-01,7.102663516998291016e-01,-8.981329202651977539e-01,8.265638351440429688e-01,7.873394489288330078e-01,-1.011402964591979980e+00,2.235964387655258179e-01,7.052744626998901367e-01,4.229528940413729288e-07,2.797033488750457764e-01,6.696923971176147461e-01,-2.136679925024509430e-02,3.235914111137390137e-01,5.857114195823669434e-01,-2.687303908169269562e-02,3.557151257991790771e-01,5.195870399475097656e-01,-3.147316724061965942e-02,3.852108418941497803e-01,4.933361709117889404e-01,-3.571114689111709595e-02,2.898404896259307861e-01,4.641169905662536621e-01,-9.430391713976860046e-03,3.115516901016235352e-01,3.816497325897216797e-01,-1.724214665591716766e-02,3.240568935871124268e-01,3.279512524604797363e-01,-2.424447052180767059e-02,3.331039547920227051e-01,2.882331907749176025e-01,-2.940800786018371582e-02,2.522626519203186035e-01,4.474545717239379883e-01,-8.349652402102947235e-03,2.588261365890502930e-01,3.464066684246063232e-01,-1.286113634705543518e-02,2.610810697078704834e-01,2.856888771057128906e-01,-1.686161011457443237e-02,2.623414397239685059e-01,2.382658869028091431e-01,-1.955592446029186249e-02,2.172320485115051270e-01,4.538166224956512451e-01,-1.099897455424070358e-02,2.095801830291748047e-01,3.607250750064849854e-01,-1.906131021678447723e-02,2.063934504985809326e-01,3.056269884109497070e-01,-2.525523491203784943e-02,2.049670070409774780e-01,2.623782157897949219e-01,-2.926709502935409546e-02,1.818201839923858643e-01,4.813720881938934326e-01,-1.630553230643272400e-02,1.601528674364089966e-01,4.147426784038543701e-01,-2.703567221760749817e-02,1.465578377246856689e-01,3.694090545177459717e-01,-3.204115107655525208e-02,1.369426548480987549e-01,3.262104690074920654e-01,-3.438080474734306335e-02,8.156875967979431152e-01,7.729704380035400391e-01,2.984122318139270646e-07,7.601580619812011719e-01,7.269259691238403320e-01,-2.057843096554279327e-02,7.279348969459533691e-01,6.411772966384887695e-01,-2.501493133604526520e-02,7.133768796920776367e-01,5.590125918388366699e-01,-2.792371064424514771e-02,6.958641409873962402e-01,4.939601123332977295e-01,-2.922430261969566345e-02,7.591865658760070801e-01,5.215729475021362305e-01,3.280077362433075905e-04,7.416391968727111816e-01,4.247255921363830566e-01,-1.008206978440284729e-02,7.306653857231140137e-01,3.657277524471282959e-01,-2.100027352571487427e-02,7.235662341117858887e-01,3.140638470649719238e-01,-2.868170849978923798e-02,7.955662012100219727e-01,5.110916495323181152e-01,1.346320146694779396e-03,7.891209125518798828e-01,4.042989611625671387e-01,-1.467156107537448406e-03,7.867996096611022949e-01,3.388350009918212891e-01,-7.204061839729547501e-03,7.856982946395874023e-01,2.888441383838653564e-01,-1.180622167885303497e-02,8.289757370948791504e-01,5.245097279548645020e-01,-2.196278888732194901e-03,8.267812728881835938e-01,4.275845587253570557e-01,-7.389932405203580856e-03,8.246753811836242676e-01,3.707016408443450928e-01,-9.786254726350307465e-03,8.220045566558837891e-01,3.232680857181549072e-01,-1.189411804080009460e-02,8.622027039527893066e-01,5.548409223556518555e-01,-8.701195940375328064e-03,8.718932867050170898e-01,4.902296662330627441e-01,-1.386307366192340851e-02,8.764133453369140625e-01,4.496465027332305908e-01,-1.316742785274982452e-02,8.805638551712036133e-01,4.122565090656280518e-01,-1.209647394716739655e-02
1.740575546818000000e+12,5.014416575431823730e-01,6.321762800216674805e-01,-6.045431494712829590e-01,3.159453272819519043e-01,9.467181563377380371e-01,-8.042916655540466309e-02,6.726179122924804688e-01,9.407663345336914062e-01,-4.758062213659286499e-02,1.033843308687210083e-01,1.111848831176757812e+00,-4.953143000602722168e-01,8.641023635864257812e-01,1.324306488037109375e+00,-4.786454141139984131e-01,2.253136634826660156e-01,7.076477408409118652e-01,-1.023351907730102539e+00,8.264477849006652832e-01,7.860780358314514160e-01,-1.033818006515502930e+00,2.236124128103256226e-01,7.058479189872741699e-01,4.140327689583500614e-07,2.795702219009399414e-01,6.698858737945556641e-01,-2.077866718173027039e-02,3.234534561634063721e-01,5.857853889465332031e-01,-2.595250681042671204e-02,3.553619086742401123e-01,5.193684101104736328e-01,-3.032749705016613007e-02,3.849109411239624023e-01,4.935218989849090576e-01,-3.440143913030624390e-02,2.898548841476440430e-01,4.646071791648864746e-01,-8.718676865100860596e-03,3.113687038421630859e-01,3.813757896423339844e-01,-1.626845821738243103e-02,3.236550092697143555e-01,3.278443217277526855e-01,-2.322870679199695587e-02,3.324849903583526611e-01,2.879970669746398926e-01,-2.844093926250934601e-02,2.522169947624206543e-01,4.479916393756866455e-01,-7.823554798960685730e-03,2.584254741668701172e-01,3.465183079242706299e-01,-1.226241793483495712e-02,2.606293261051177979e-01,2.859527170658111572e-01,-1.654463447630405426e-02,2.619167268276214600e-01,2.386390864849090576e-01,-1.955215819180011749e-02,2.171416729688644409e-01,4.542055428028106689e-01,-1.059148833155632019e-02,2.091937512159347534e-01,3.614251911640167236e-01,-1.836503669619560242e-02,2.061332464218139648e-01,3.066182136535644531e-01,-2.475731261074542999e-02,2.048350572586059570e-01,2.633756101131439209e-01,-2.908370457589626312e-02,1.815615445375442505e-01,4.813628196716308594e-01,-1.596467196941375732e-02,1.598391234874725342e-01,4.146258533000946045e-01,-2.630998194217681885e-02,1.461832076311111450e-01,3.694649338722229004e-01,-3.126399964094161987e-02,1.364472657442092896e-01,3.262596130371093750e-01,-3.372459858655929565e-02,8.155236840248107910e-01,7.709732651710510254e-01,3.160162407311872812e-07,7.602881789207458496e-01,7.250241637229919434e-01,-2.208892256021499634e-02,7.281463146209716797e-01,6.393325328826904297e-01,-2.729979716241359711e-02,7.131229043006896973e-01,5.562431216239929199e-01,-3.070512972772121429e-02,6.944807171821594238e-01,4.909291565418243408e-01,-3.243648260831832886e-02,7.598230838775634766e-01,5.208203196525573730e-01,-1.021978212520480156e-03,7.424612045288085938e-01,4.240661859512329102e-01,-1.182020734995603561e-02,7.313166856765747070e-01,3.649855256080627441e-01,-2.296158857643604279e-02,7.238467335700988770e-01,3.133403956890106201e-01,-3.075117990374565125e-02,7.961370944976806641e-01,5.105186104774475098e-01,6.748091545887291431e-04,7.903786301612854004e-01,4.042022824287414551e-01,-2.434961032122373581e-03,7.880973815917968750e-01,3.385275602340698242e-01,-8.376252837479114532e-03,7.868324518203735352e-01,2.884280383586883545e-01,-1.314387191087007523e-02,8.292039632797241211e-01,5.238419771194458008e-01,-2.303574932739138603e-03,8.276156187057495117e-01,4.283741712570190430e-01,-7.633621338754892349e-03,8.254522085189819336e-01,3.719646334648132324e-01,-1.013739313930273056e-02,8.225604295730590820e-01,3.250659406185150146e-01,-1.231119316071271896e-02,8.619830608367919922e-01,5.538389086723327637e-01,-8.380885235965251923e-03,8.717557191848754883e-01,4.898303747177124023e-01,-1.353176310658454895e-02,8.762320876121520996e-01,4.494848847389221191e-01,-1.284159719944000244e-02,8.801355957984924316e-01,4.128445386886596680e-01,-1.179812196642160416e-02
1.740575546855000000e+12,5.042545795440673828e-01,6.324118971824645996e-01,-5.779318809509277344e-01,3.148117363452911377e-01,9.466733336448669434e-01,-7.793190330266952515e-02,6.738693714141845703e-01,9.384516477584838867e-01,-4.418522119522094727e-02,1.034248024225234985e-01,1.104112386703491211e+00,-5.117235183715820312e-01,8.592740893363952637e-01,1.324229717254638672e+00,-4.808457791805267334e-01,2.253475487232208252e-01,6.952472925186157227e-01,-9.839674830436706543e-01,8.252152204513549805e-01,7.861231565475463867e-01,-1.042327523231506348e+00,2.239858508110046387e-01,7.048165202140808105e-01,4.102888624402112328e-07,2.803866863250732422e-01,6.690496206283569336e-01,-2.065321989357471466e-02,3.244228065013885498e-01,5.839865207672119141e-01,-2.545431256294250488e-02,3.561716675758361816e-01,5.170952677726745605e-01,-2.949742041528224945e-02,3.855183124542236328e-01,4.927468895912170410e-01,-3.335036709904670715e-02,2.901217043399810791e-01,4.640671014785766602e-01,-8.576726540923118591e-03,3.106838762760162354e-01,3.803400993347167969e-01,-1.584548689424991608e-02,3.224997818470001221e-01,3.266734480857849121e-01,-2.239626646041870117e-02,3.311595916748046875e-01,2.870400547981262207e-01,-2.726896852254867554e-02,2.522345185279846191e-01,4.483890831470489502e-01,-7.620717864483594894e-03,2.577374875545501709e-01,3.470929861068725586e-01,-1.173101551830768585e-02,2.596147060394287109e-01,2.868597209453582764e-01,-1.559273898601531982e-02,2.608806490898132324e-01,2.398290932178497314e-01,-1.826695166528224945e-02,2.172329872846603394e-01,4.550259113311767578e-01,-1.035150233656167984e-02,2.087720930576324463e-01,3.634628653526306152e-01,-1.795493066310882568e-02,2.052370458841323853e-01,3.086365461349487305e-01,-2.421792596578598022e-02,2.035337090492248535e-01,2.656605243682861328e-01,-2.842473611235618591e-02,1.816973686218261719e-01,4.821529686450958252e-01,-1.570623368024826050e-02,1.597465872764587402e-01,4.161237478256225586e-01,-2.600535377860069275e-02,1.457948088645935059e-01,3.709950745105743408e-01,-3.101083450019359589e-02,1.358474045991897583e-01,3.277697265148162842e-01,-3.350383043289184570e-02,8.157392740249633789e-01,7.708160877227783203e-01,3.138667921120941173e-07,7.598028182983398438e-01,7.255527377128601074e-01,-2.207359485328197479e-02,7.277014851570129395e-01,6.400125026702880859e-01,-2.711059339344501495e-02,7.134011387825012207e-01,5.570241212844848633e-01,-3.030558489263057709e-02,6.957479119300842285e-01,4.907191991806030273e-01,-3.179856762290000916e-02,7.600755095481872559e-01,5.215964913368225098e-01,-7.929583662189543247e-04,7.426941990852355957e-01,4.251586198806762695e-01,-1.160125806927680969e-02,7.316980957984924316e-01,3.659616112709045410e-01,-2.278407476842403412e-02,7.244535088539123535e-01,3.139981925487518311e-01,-3.057257086038589478e-02,7.964451909065246582e-01,5.114820599555969238e-01,9.855730459094047546e-04,7.913497090339660645e-01,4.050111174583435059e-01,-1.928055775351822376e-03,7.896150946617126465e-01,3.391405940055847168e-01,-7.679832633584737778e-03,7.887904047966003418e-01,2.886696457862854004e-01,-1.230114046484231949e-02,8.295012712478637695e-01,5.252833366394042969e-01,-1.936035812832415104e-03,8.282803297042846680e-01,4.297139644622802734e-01,-7.072830107063055038e-03,8.265745043754577637e-01,3.727952241897583008e-01,-9.208599105477333069e-03,8.242775797843933105e-01,3.256731629371643066e-01,-1.108365412801504135e-02,8.624855279922485352e-01,5.556486248970031738e-01,-7.980111055076122284e-03,8.720043301582336426e-01,4.908005595207214355e-01,-1.286495197564363480e-02,8.763291239738464355e-01,4.502261877059936523e-01,-1.177013386040925980e-02,8.801961541175842285e-01,4.135619699954986572e-01,-1.041364297270774841e-02
1.740575546890000000e+12,5.042964816093444824e-01,6.314589381217956543e-01,-5.430151224136352539e-01,3.132839202880859375e-01,9.476480484008789062e-01,-5.895838141441345215e-02,6.739103794097900391e-01,9.401552677154541016e-01,-1.482564210891723633e-02,1.041480302810668945e-01,1.103640079498291016e+00,-5.244005322456359863e-01,8.560736775398254395e-01,1.324906229972839355e+00,-4.695429801940917969e-01,2.260809242725372314e-01,6.953665614128112793e-01,-1.008202195167541504e+00,8.252063989639282227e-01,7.890801429748535156e-01,-1.029590964317321777e+00,2.247108668088912964e-01,7.048842906951904297e-01,4.085123919139732607e-07,2.811456620693206787e-01,6.690309047698974609e-01,-2.023269794881343842e-02,3.248021900653839111e-01,5.829791426658630371e-01,-2.464660070836544037e-02,3.563167154788970947e-01,5.162486433982849121e-01,-2.832230925559997559e-02,3.853920102119445801e-01,4.918805360794067383e-01,-3.180121257901191711e-02,2.907100021839141846e-01,4.637932777404785156e-01,-8.107049390673637390e-03,3.110927641391754150e-01,3.804514110088348389e-01,-1.491351053118705750e-02,3.225829303264617920e-01,3.267081081867218018e-01,-2.106208354234695435e-02,3.308139145374298096e-01,2.871851325035095215e-01,-2.571659907698631287e-02,2.527260184288024902e-01,4.481591582298278809e-01,-7.223317399621009827e-03,2.579360604286193848e-01,3.468366861343383789e-01,-1.095726341009140015e-02,2.594941258430480957e-01,2.866968810558319092e-01,-1.443434786051511765e-02,2.602968513965606689e-01,2.400970458984375000e-01,-1.679107360541820526e-02,2.177052348852157593e-01,4.550206065177917480e-01,-9.984687902033329010e-03,2.090830951929092407e-01,3.631558418273925781e-01,-1.733419857919216156e-02,2.054789811372756958e-01,3.082143664360046387e-01,-2.339196018874645233e-02,2.035844922065734863e-01,2.652283906936645508e-01,-2.743417210876941681e-02,1.823054552078247070e-01,4.825534224510192871e-01,-1.533146947622299194e-02,1.605544537305831909e-01,4.165340960025787354e-01,-2.556018903851509094e-02,1.468158960342407227e-01,3.716685473918914795e-01,-3.052874654531478882e-02,1.370051056146621704e-01,3.287786841392517090e-01,-3.294999152421951294e-02,8.158860206604003906e-01,7.722035646438598633e-01,3.113243565167067572e-07,7.605970501899719238e-01,7.264460921287536621e-01,-2.199378982186317444e-02,7.282301187515258789e-01,6.414409279823303223e-01,-2.750709280371665955e-02,7.138040661811828613e-01,5.589056015014648438e-01,-3.122799657285213470e-02,6.964465975761413574e-01,4.925349354743957520e-01,-3.333112969994544983e-02,7.605931162834167480e-01,5.220962166786193848e-01,-1.839237636886537075e-03,7.430365681648254395e-01,4.258981645107269287e-01,-1.323043741285800934e-02,7.318584918975830078e-01,3.665563166141510010e-01,-2.482675388455390930e-02,7.243052124977111816e-01,3.145927190780639648e-01,-3.298384696245193481e-02,7.968270778656005859e-01,5.117239952087402344e-01,-4.345304041635245085e-04,7.915827035903930664e-01,4.055928587913513184e-01,-4.204317927360534668e-03,7.896612882614135742e-01,3.398706912994384766e-01,-1.067087426781654358e-02,7.885027527809143066e-01,2.889066934585571289e-01,-1.584344543516635895e-02,8.299817442893981934e-01,5.253301858901977539e-01,-3.628432052209973335e-03,8.283088803291320801e-01,4.299837052822113037e-01,-9.382285177707672119e-03,8.263787031173706055e-01,3.734914362430572510e-01,-1.209153980016708374e-02,8.236471414566040039e-01,3.264336287975311279e-01,-1.444691885262727737e-02,8.630388975143432617e-01,5.558896064758300781e-01,-9.882535785436630249e-03,8.723739981651306152e-01,4.911689758300781250e-01,-1.521613728255033493e-02,8.767115473747253418e-01,4.507153928279876709e-01,-1.448148768395185471e-02,8.805068731307983398e-01,4.142991900444030762e-01,-1.346291135996580124e-02
1.740575546927000000e+12,5.040285587310791016e-01,6.315563917160034180e-01,-6.013724803924560547e-01,3.131864666938781738e-01,9.471434950828552246e-01,-8.375231921672821045e-02,6.747306585311889648e-01,9.411231279373168945e-01,-3.423850983381271362e-02,1.042376160621643066e-01,1.113319754600524902e+00,-5.490639209747314453e-01,8.696357607841491699e-01,1.324707746505737305e+00,-4.788552224636077881e-01,2.261061966419219971e-01,7.016624808311462402e-01,-1.031758546829223633e+00,8.255323171615600586e-01,7.890699505805969238e-01,-1.036563634872436523e+00,2.261328697204589844e-01,7.045729756355285645e-01,3.984581837812584126e-07,2.816790044307708740e-01,6.670075654983520508e-01,-1.977407932281494141e-02,3.253533244132995605e-01,5.826119184494018555e-01,-2.464669384062290192e-02,3.565564155578613281e-01,5.163806080818176270e-01,-2.887850627303123474e-02,3.860918283462524414e-01,4.916778802871704102e-01,-3.303577750921249390e-02,2.915571331977844238e-01,4.646721482276916504e-01,-8.811750449240207672e-03,3.123252093791961670e-01,3.807410895824432373e-01,-1.662782393395900726e-02,3.238654732704162598e-01,3.276486694812774658e-01,-2.391707338392734528e-02,3.320997953414916992e-01,2.872708439826965332e-01,-2.955865673720836639e-02,2.539820969104766846e-01,4.492124319076538086e-01,-8.496884256601333618e-03,2.592981755733489990e-01,3.482634723186492920e-01,-1.376801449805498123e-02,2.607646882534027100e-01,2.876237034797668457e-01,-1.911189779639244080e-02,2.611981034278869629e-01,2.402468174695968628e-01,-2.305641770362854004e-02,2.189630120992660522e-01,4.561046659946441650e-01,-1.163617335259914398e-02,2.108291238546371460e-01,3.635539412498474121e-01,-1.990838348865509033e-02,2.069772034883499146e-01,3.085433244705200195e-01,-2.720127813518047333e-02,2.048049420118331909e-01,2.647401988506317139e-01,-3.233125060796737671e-02,1.835681647062301636e-01,4.837606847286224365e-01,-1.722195930778980255e-02,1.623334139585494995e-01,4.171363115310668945e-01,-2.778914570808410645e-02,1.487204879522323608e-01,3.721112012863159180e-01,-3.320971876382827759e-02,1.388936340808868408e-01,3.286448419094085693e-01,-3.621611371636390686e-02,8.162671327590942383e-01,7.733779549598693848e-01,3.118435358828719473e-07,7.611657977104187012e-01,7.271557450294494629e-01,-2.163080498576164246e-02,7.285255193710327148e-01,6.426999568939208984e-01,-2.759533002972602844e-02,7.136591076850891113e-01,5.607658028602600098e-01,-3.184232860803604126e-02,6.960484981536865234e-01,4.960965812206268311e-01,-3.463361039757728577e-02,7.610660791397094727e-01,5.233889222145080566e-01,-3.219801234081387520e-03,7.432832717895507812e-01,4.260393977165222168e-01,-1.507579535245895386e-02,7.321712374687194824e-01,3.661344051361083984e-01,-2.689290605485439301e-02,7.247993946075439453e-01,3.140937089920043945e-01,-3.523989394307136536e-02,7.972660660743713379e-01,5.125561952590942383e-01,-2.285431372001767159e-03,7.922409176826477051e-01,4.048082530498504639e-01,-6.817829329520463943e-03,7.905986309051513672e-01,3.385766744613647461e-01,-1.379907410591840744e-02,7.899395227432250977e-01,2.872684001922607422e-01,-1.938458532094955444e-02,8.305659294128417969e-01,5.255590081214904785e-01,-5.782201886177062988e-03,8.292827606201171875e-01,4.284549355506896973e-01,-1.201290823519229889e-02,8.280595541000366211e-01,3.713955283164978027e-01,-1.546140015125274658e-02,8.260931372642517090e-01,3.238795697689056396e-01,-1.849515922367572784e-02,8.636314272880554199e-01,5.557495355606079102e-01,-1.222869101911783218e-02,8.733712434768676758e-01,4.904946088790893555e-01,-1.797573827207088470e-02,8.781106472015380859e-01,4.493027329444885254e-01,-1.777291484177112579e-02,8.822944164276123047e-01,4.121899008750915527e-01,-1.728169247508049011e-02
1.740575546963000000e+12,5.078646540641784668e-01,6.314732432365417480e-01,-6.014384627342224121e-01,3.129841685295104980e-01,9.458435773849487305e-01,-8.459153026342391968e-02,6.747409105300903320e-01,9.399309158325195312e-01,-3.793732449412345886e-02,1.040738373994827271e-01,1.109304666519165039e+00,-5.578364133834838867e-01,8.621377944946289062e-01,1.338073730468750000e+00,-5.013915896415710449e-01,2.260290682315826416e-01,7.025040984153747559e-01,-1.059094190597534180e+00,8.248127698898315430e-01,7.922004461288452148e-01,-1.100745439529418945e+00,2.265705168247222900e-01,7.074915766716003418e-01,4.009778820091014495e-07,2.817789018154144287e-01,6.698667407035827637e-01,-2.009825594723224640e-02,3.252242803573608398e-01,5.851896405220031738e-01,-2.514468505978584290e-02,3.563208580017089844e-01,5.181348919868469238e-01,-2.938020788133144379e-02,3.857937455177307129e-01,4.910027980804443359e-01,-3.346731886267662048e-02,2.916456758975982666e-01,4.672386944293975830e-01,-9.269903413951396942e-03,3.128016293048858643e-01,3.827010393142700195e-01,-1.725328713655471802e-02,3.245664834976196289e-01,3.295301795005798340e-01,-2.483853697776794434e-02,3.329833149909973145e-01,2.885178029537200928e-01,-3.072885982692241669e-02,2.542878687381744385e-01,4.515140950679779053e-01,-8.750580251216888428e-03,2.599512636661529541e-01,3.500492274761199951e-01,-1.410613581538200378e-02,2.617442607879638672e-01,2.894277274608612061e-01,-1.980732008814811707e-02,2.623124420642852783e-01,2.417961657047271729e-01,-2.410257607698440552e-02,2.193335592746734619e-01,4.581747651100158691e-01,-1.164223905652761459e-02,2.113562524318695068e-01,3.652268052101135254e-01,-1.978683471679687500e-02,2.077056318521499634e-01,3.104301095008850098e-01,-2.708459645509719849e-02,2.057098597288131714e-01,2.662897408008575439e-01,-3.231877833604812622e-02,1.841271966695785522e-01,4.857513010501861572e-01,-1.699377782642841339e-02,1.637578457593917847e-01,4.182517230510711670e-01,-2.724727615714073181e-02,1.507817506790161133e-01,3.731882870197296143e-01,-3.244299441576004028e-02,1.414733231067657471e-01,3.294745385646820068e-01,-3.538092970848083496e-02,8.161925077438354492e-01,7.806186079978942871e-01,3.373636729975260096e-07,7.617153525352478027e-01,7.336215376853942871e-01,-2.201974205672740936e-02,7.288864254951477051e-01,6.488218903541564941e-01,-2.905884012579917908e-02,7.142181992530822754e-01,5.659652948379516602e-01,-3.437729924917221069e-02,6.966692209243774414e-01,4.995527565479278564e-01,-3.853071853518486023e-02,7.609800100326538086e-01,5.251152515411376953e-01,-6.424945779144763947e-03,7.446068525314331055e-01,4.258926510810852051e-01,-1.953806355595588684e-02,7.338987588882446289e-01,3.644085228443145752e-01,-3.218248113989830017e-02,7.264190316200256348e-01,3.103623688220977783e-01,-4.120813310146331787e-02,7.980560064315795898e-01,5.137844085693359375e-01,-6.442949175834655762e-03,7.954651713371276855e-01,4.030364751815795898e-01,-1.293586008250713348e-02,7.949614524841308594e-01,3.327131569385528564e-01,-2.177206054329872131e-02,7.951044440269470215e-01,2.767665684223175049e-01,-2.886535227298736572e-02,8.318899273872375488e-01,5.267630815505981445e-01,-1.071951724588871002e-02,8.331033587455749512e-01,4.288093447685241699e-01,-1.890692114830017090e-02,8.336088657379150391e-01,3.699440956115722656e-01,-2.458282932639122009e-02,8.329250812530517578e-01,3.209748268127441406e-01,-2.914288081228733063e-02,8.643617630004882812e-01,5.573663711547851562e-01,-1.779681444168090820e-02,8.750259876251220703e-01,4.868884682655334473e-01,-2.490809746086597443e-02,8.813438415527343750e-01,4.427748322486877441e-01,-2.591746672987937927e-02,8.867745399475097656e-01,4.036116600036621094e-01,-2.649176120758056641e-02
1.740575546999000000e+12,5.071011781692504883e-01,6.352617740631103516e-01,-7.002404332160949707e-01,3.130397200584411621e-01,9.524949193000793457e-01,-1.235806345939636230e-01,6.746476292610168457e-01,9.471481442451477051e-01,-4.660268127918243408e-02,1.058243066072463989e-01,1.110229969024658203e+00,-6.319345831871032715e-01,8.620435595512390137e-01,1.343907713890075684e+00,-5.169717073440551758e-01,2.263515740633010864e-01,7.027399539947509766e-01,-1.187003731727600098e+00,8.253418803215026855e-01,7.979663610458374023e-01,-1.146070957183837891e+00,2.276572138071060181e-01,7.117838263511657715e-01,4.001743718617944978e-07,2.827609181404113770e-01,6.738850474357604980e-01,-2.021229080855846405e-02,3.253265619277954102e-01,5.897503495216369629e-01,-2.531319670379161835e-02,3.544404804706573486e-01,5.205714702606201172e-01,-2.942790277302265167e-02,3.835488855838775635e-01,4.894642531871795654e-01,-3.340153023600578308e-02,2.925858199596405029e-01,4.710866808891296387e-01,-9.897191077470779419e-03,3.142730891704559326e-01,3.855941593647003174e-01,-1.894170418381690979e-02,3.260295987129211426e-01,3.316822946071624756e-01,-2.761876396834850311e-02,3.345169425010681152e-01,2.886472940444946289e-01,-3.439155220985412598e-02,2.555885016918182373e-01,4.546466171741485596e-01,-9.523375891149044037e-03,2.616606652736663818e-01,3.521457016468048096e-01,-1.638527587056159973e-02,2.638023197650909424e-01,2.894827425479888916e-01,-2.389405481517314911e-02,2.646063268184661865e-01,2.402928769588470459e-01,-2.963431365787982941e-02,2.205110639333724976e-01,4.613061547279357910e-01,-1.245859824120998383e-02,2.132961899042129517e-01,3.676210939884185791e-01,-2.187225222587585449e-02,2.106425464153289795e-01,3.119288086891174316e-01,-3.031424805521965027e-02,2.096526771783828735e-01,2.668848931789398193e-01,-3.634783998131752014e-02,1.849753111600875854e-01,4.885999560356140137e-01,-1.774256303906440735e-02,1.668520569801330566e-01,4.185432195663452148e-01,-2.874899283051490784e-02,1.557399183511734009e-01,3.717382550239562988e-01,-3.453774750232696533e-02,1.483819782733917236e-01,3.257592618465423584e-01,-3.801231831312179565e-02,8.156474828720092773e-01,7.965871095657348633e-01,3.352051294314151164e-07,7.599964141845703125e-01,7.459198832511901855e-01,-2.130809798836708069e-02,7.275485396385192871e-01,6.593977808952331543e-01,-2.904765307903289795e-02,7.161833643913269043e-01,5.740222930908203125e-01,-3.527173772454261780e-02,7.016854882240295410e-01,5.028039813041687012e-01,-4.075734689831733704e-02,7.610966563224792480e-01,5.324343442916870117e-01,-8.178242482244968414e-03,7.463164925575256348e-01,4.308310449123382568e-01,-2.233598381280899048e-02,7.366659641265869141e-01,3.670122623443603516e-01,-3.581852465867996216e-02,7.304245233535766602e-01,3.101925849914550781e-01,-4.579722508788108826e-02,7.997975349426269531e-01,5.207423567771911621e-01,-1.022958476096391678e-02,7.996564507484436035e-01,4.052272737026214600e-01,-1.950974948704242706e-02,8.002629876136779785e-01,3.314947783946990967e-01,-3.121320903301239014e-02,8.015425205230712891e-01,2.710304856300354004e-01,-4.035304859280586243e-02,8.344178199768066406e-01,5.340336561203002930e-01,-1.625121198594570160e-02,8.388844728469848633e-01,4.287527501583099365e-01,-2.780378423631191254e-02,8.412152528762817383e-01,3.635848462581634521e-01,-3.683815151453018188e-02,8.416654467582702637e-01,3.075128793716430664e-01,-4.367568343877792358e-02,8.670889139175415039e-01,5.661277174949645996e-01,-2.466209232807159424e-02,8.787487149238586426e-01,4.893409609794616699e-01,-3.516634181141853333e-02,8.855004906654357910e-01,4.403815269470214844e-01,-3.854669630527496338e-02,8.905184864997863770e-01,3.958494365215301514e-01,-4.080151766538619995e-02
1.740575547036000000e+12,5.075594186782836914e-01,6.360495686531066895e-01,-6.763480901718139648e-01,3.113254606723785400e-01,9.532679319381713867e-01,-1.278322041034698486e-01,6.731975674629211426e-01,9.470435380935668945e-01,-7.811503857374191284e-02,1.083894819021224976e-01,1.189213395118713379e+00,-6.459346413612365723e-01,8.506817817687988281e-01,1.354690670967102051e+00,-5.730725526809692383e-01,2.262839078903198242e-01,7.212050557136535645e-01,-1.209861993789672852e+00,8.264181017875671387e-01,8.218564391136169434e-01,-1.202569484710693359e+00,2.289060652256011963e-01,7.166907191276550293e-01,3.974414255480951397e-07,2.832543253898620605e-01,6.786428093910217285e-01,-1.965850591659545898e-02,3.250432610511779785e-01,5.919713973999023438e-01,-2.435407228767871857e-02,3.544042110443115234e-01,5.222749114036560059e-01,-2.797120250761508942e-02,3.829183280467987061e-01,4.883565902709960938e-01,-3.165416792035102844e-02,2.958773672580718994e-01,4.770366549491882324e-01,-1.129767671227455139e-02,3.175981938838958740e-01,3.888689577579498291e-01,-2.094035223126411438e-02,3.289547264575958252e-01,3.328453600406646729e-01,-2.984081208705902100e-02,3.371792733669281006e-01,2.878903448581695557e-01,-3.674492612481117249e-02,2.587088644504547119e-01,4.590068757534027100e-01,-1.141398958861827850e-02,2.653502523899078369e-01,3.523234128952026367e-01,-1.937699317932128906e-02,2.682032883167266846e-01,2.862679660320281982e-01,-2.797160111367702484e-02,2.695001363754272461e-01,2.338910251855850220e-01,-3.433373942971229553e-02,2.232880592346191406e-01,4.645699262619018555e-01,-1.455687452107667923e-02,2.170890420675277710e-01,3.659072518348693848e-01,-2.511318959295749664e-02,2.152621895074844360e-01,3.048029243946075439e-01,-3.487052768468856812e-02,2.146223038434982300e-01,2.558797001838684082e-01,-4.157766327261924744e-02,1.877050101757049561e-01,4.898921549320220947e-01,-1.981510967016220093e-02,1.712008267641067505e-01,4.145157933235168457e-01,-3.210964053869247437e-02,1.610809117555618286e-01,3.637161552906036377e-01,-3.886776044964790344e-02,1.549803167581558228e-01,3.142738342285156250e-01,-4.280115291476249695e-02,8.158637881278991699e-01,8.308731317520141602e-01,2.978563031774683623e-07,7.576475143432617188e-01,7.782286405563354492e-01,-2.041094377636909485e-02,7.258267402648925781e-01,6.837019920349121094e-01,-2.792787738144397736e-02,7.143127918243408203e-01,5.982418060302734375e-01,-3.417438268661499023e-02,7.043442726135253906e-01,5.269757509231567383e-01,-3.968065232038497925e-02,7.616001963615417480e-01,5.495488643646240234e-01,-5.627713631838560104e-03,7.490813732147216797e-01,4.461799263954162598e-01,-1.991589553654193878e-02,7.409352064132690430e-01,3.820624053478240967e-01,-3.401847183704376221e-02,7.352804541587829590e-01,3.256770372390747070e-01,-4.499416053295135498e-02,8.032487034797668457e-01,5.382139682769775391e-01,-9.074305184185504913e-03,8.051812052726745605e-01,4.195611476898193359e-01,-2.005071379244327545e-02,8.065165281295776367e-01,3.449868559837341309e-01,-3.359335288405418396e-02,8.068902492523193359e-01,2.821870744228363037e-01,-4.399026185274124146e-02,8.393625020980834961e-01,5.543303489685058594e-01,-1.664490438997745514e-02,8.475144505500793457e-01,4.456584155559539795e-01,-3.051882423460483551e-02,8.520077466964721680e-01,3.770252466201782227e-01,-4.180369526147842407e-02,8.533146977424621582e-01,3.157856464385986328e-01,-5.013561993837356567e-02,8.725829124450683594e-01,5.913395881652832031e-01,-2.640588395297527313e-02,8.862608075141906738e-01,5.113346576690673828e-01,-3.969286754727363586e-02,8.916104435920715332e-01,4.594168365001678467e-01,-4.520428180694580078e-02,8.933146595954895020e-01,4.106333255767822266e-01,-4.897141829133033752e-02
1.740575547072000000e+12,5.063837170600891113e-01,6.377751827239990234e-01,-6.652886867523193359e-01,3.118714690208435059e-01,9.531736373901367188e-01,-1.235896348953247070e-01,6.723325848579406738e-01,9.454602003097534180e-01,-7.513212412595748901e-02,1.093271747231483459e-01,1.129517912864685059e+00,-6.331261396408081055e-01,8.260866403579711914e-01,1.349421143531799316e+00,-5.330044031143188477e-01,2.268816977739334106e-01,7.207692265510559082e-01,-1.212788820266723633e+00,8.333843946456909180e-01,8.676824569702148438e-01,-1.175062656402587891e+00,2.297656387090682983e-01,7.234210968017578125e-01,3.987084085110836895e-07,2.857602536678314209e-01,6.837677359580993652e-01,-1.950569264590740204e-02,3.267797529697418213e-01,5.978019833564758301e-01,-2.427695877850055695e-02,3.529473245143890381e-01,5.252855420112609863e-01,-2.804267965257167816e-02,3.812031149864196777e-01,4.863822460174560547e-01,-3.200488537549972534e-02,2.982220053672790527e-01,4.823495149612426758e-01,-1.037451438605785370e-02,3.208408951759338379e-01,3.938507735729217529e-01,-2.211141586303710938e-02,3.327633142471313477e-01,3.358983695507049561e-01,-3.234346210956573486e-02,3.417031466960906982e-01,2.888533174991607666e-01,-4.008102789521217346e-02,2.610508203506469727e-01,4.631257653236389160e-01,-1.105621550232172012e-02,2.674980163574218750e-01,3.524239659309387207e-01,-2.200207300484180450e-02,2.703804075717926025e-01,2.818243801593780518e-01,-3.283523768186569214e-02,2.718651294708251953e-01,2.247899770736694336e-01,-4.044784978032112122e-02,2.251793891191482544e-01,4.684324860572814941e-01,-1.482608076184988022e-02,2.209204733371734619e-01,3.653218746185302734e-01,-2.809188887476921082e-02,2.212686687707901001e-01,2.999028265476226807e-01,-3.902850672602653503e-02,2.225590199232101440e-01,2.467402219772338867e-01,-4.606819152832031250e-02,1.895746588706970215e-01,4.934191107749938965e-01,-2.054068259894847870e-02,1.772484481334686279e-01,4.143816232681274414e-01,-3.451723605394363403e-02,1.713612675666809082e-01,3.611828386783599854e-01,-4.191669821739196777e-02,1.690095514059066772e-01,3.096466362476348877e-01,-4.606122523546218872e-02,8.269966840744018555e-01,8.968504071235656738e-01,1.471772748118382879e-07,7.683364748954772949e-01,8.388605713844299316e-01,-2.019636146724224091e-02,7.324023246765136719e-01,7.383955121040344238e-01,-2.897395752370357513e-02,7.241793870925903320e-01,6.490479707717895508e-01,-3.670578077435493469e-02,7.218487858772277832e-01,5.770006775856018066e-01,-4.334718734025955200e-02,7.702675461769104004e-01,5.994453430175781250e-01,-9.268876165151596069e-03,7.588535547256469727e-01,4.918521940708160400e-01,-2.494566887617111206e-02,7.515173554420471191e-01,4.260998070240020752e-01,-4.067721962928771973e-02,7.448371648788452148e-01,3.699035644531250000e-01,-5.286755040287971497e-02,8.133321404457092285e-01,5.923709869384765625e-01,-1.290109660476446152e-02,8.124878406524658203e-01,4.749935567378997803e-01,-2.482860907912254333e-02,8.119156360626220703e-01,4.040196835994720459e-01,-3.844994679093360901e-02,8.089876770973205566e-01,3.492749035358428955e-01,-4.911489039659500122e-02,8.520501852035522461e-01,6.111327409744262695e-01,-2.038394473493099213e-02,8.588159084320068359e-01,4.997226595878601074e-01,-3.446142002940177917e-02,8.585310578346252441e-01,4.340880215167999268e-01,-4.486481472849845886e-02,8.520839810371398926e-01,3.837447464466094971e-01,-5.237024649977684021e-02,8.896086812019348145e-01,6.499176621437072754e-01,-3.016291558742523193e-02,9.032856822013854980e-01,5.591973066329956055e-01,-4.455684125423431396e-02,9.027291536331176758e-01,5.062958002090454102e-01,-5.025418475270271301e-02,8.947657346725463867e-01,4.643797576427459717e-01,-5.363114178180694580e-02
1.740575547115000000e+12,5.063766241073608398e-01,6.377988457679748535e-01,-5.814182162284851074e-01,3.127221465110778809e-01,9.531229734420776367e-01,-1.091393455862998962e-01,6.706227064132690430e-01,9.474300742149353027e-01,-6.554134190082550049e-02,1.119094640016555786e-01,1.102428913116455078e+00,-5.729568600654602051e-01,7.882930040359497070e-01,1.357671022415161133e+00,-4.641346931457519531e-01,2.322156131267547607e-01,7.101578116416931152e-01,-1.158262014389038086e+00,8.369099497795104980e-01,9.527633786201477051e-01,-1.086653113365173340e+00,2.306456267833709717e-01,7.389953136444091797e-01,3.358105402639921522e-07,2.898981273174285889e-01,6.958557367324829102e-01,-1.580173708498477936e-02,3.310634791851043701e-01,6.063425540924072266e-01,-1.762098819017410278e-02,3.527802228927612305e-01,5.278782248497009277e-01,-1.936428248882293701e-02,3.767106533050537109e-01,4.804293215274810791e-01,-2.184080146253108978e-02,3.010701537132263184e-01,4.990525543689727783e-01,-4.772356711328029633e-03,3.219485580921173096e-01,4.082326591014862061e-01,-1.671130023896694183e-02,3.330357074737548828e-01,3.506338894367218018e-01,-2.781646512448787689e-02,3.425574600696563721e-01,3.015681207180023193e-01,-3.612436726689338684e-02,2.640607953071594238e-01,4.824554324150085449e-01,-7.121474947780370712e-03,2.724148035049438477e-01,3.736425042152404785e-01,-1.795327104628086090e-02,2.783736288547515869e-01,3.031468987464904785e-01,-3.001082129776477814e-02,2.836546003818511963e-01,2.441058903932571411e-01,-3.898974135518074036e-02,2.286888360977172852e-01,4.883612692356109619e-01,-1.256479881703853607e-02,2.275722026824951172e-01,3.885109424591064453e-01,-2.540567889809608459e-02,2.311938107013702393e-01,3.228668272495269775e-01,-3.595715016126632690e-02,2.364053875207901001e-01,2.667255997657775879e-01,-4.326400160789489746e-02,1.926112622022628784e-01,5.133164525032043457e-01,-1.977660320699214935e-02,1.859698444604873657e-01,4.334261417388916016e-01,-3.291992843151092529e-02,1.856592744588851929e-01,3.799767792224884033e-01,-3.930254653096199036e-02,1.885022968053817749e-01,3.267068862915039062e-01,-4.334661364555358887e-02,8.454132676124572754e-01,9.670734405517578125e-01,-2.514561003863491351e-07,7.854000926017761230e-01,9.351250529289245605e-01,-2.674834243953227997e-02,7.421284914016723633e-01,8.341082334518432617e-01,-4.376369342207908630e-02,7.344760298728942871e-01,7.430409193038940430e-01,-6.136742234230041504e-02,7.469012141227722168e-01,6.820092201232910156e-01,-7.594659179449081421e-02,7.771360874176025391e-01,6.485524773597717285e-01,-1.612609997391700745e-02,7.686836123466491699e-01,5.318739414215087891e-01,-5.052983015775680542e-02,7.671279907226562500e-01,5.071939826011657715e-01,-7.310590147972106934e-02,7.697591185569763184e-01,5.352738499641418457e-01,-8.346088975667953491e-02,8.278485536575317383e-01,6.499769687652587891e-01,-2.179700694978237152e-02,8.331431150436401367e-01,5.146816968917846680e-01,-6.202102452516555786e-02,8.294096589088439941e-01,5.791292190551757812e-01,-7.557564973831176758e-02,8.244470953941345215e-01,6.488162875175476074e-01,-7.310394942760467529e-02,8.763293027877807617e-01,6.767944693565368652e-01,-3.297216817736625671e-02,8.833405971527099609e-01,5.623850822448730469e-01,-6.991475820541381836e-02,8.737393021583557129e-01,6.231002211570739746e-01,-6.681118905544281006e-02,8.665741682052612305e-01,6.893118619918823242e-01,-5.382775142788887024e-02,9.227683544158935547e-01,7.266985177993774414e-01,-4.694373160600662231e-02,9.332193732261657715e-01,6.274174451828002930e-01,-7.220943272113800049e-02,9.195966124534606934e-01,6.615374684333801270e-01,-6.748288124799728394e-02,9.071105718612670898e-01,7.154527902603149414e-01,-5.681101232767105103e-02
1.740575547152000000e+12,5.044627189636230469e-01,6.374226808547973633e-01,-4.034852981567382812e-01,3.126244544982910156e-01,9.469556808471679688e-01,-1.970276795327663422e-02,6.659291982650756836e-01,9.425669312477111816e-01,6.420604139566421509e-02,1.414152979850769043e-01,1.184368014335632324e+00,-4.023087620735168457e-01,7.544255256652832031e-01,1.357069373130798340e+00,-1.061469316482543945e-01,2.316040247678756714e-01,7.239732742309570312e-01,-9.393016099929809570e-01,8.286169171333312988e-01,1.400720834732055664e+00,-5.723196268081665039e-01,2.257538437843322754e-01,7.543777823448181152e-01,3.258917615767131792e-07,2.876648306846618652e-01,7.109467387199401855e-01,-1.454042829573154449e-02,3.313029706478118896e-01,6.160221099853515625e-01,-1.330441422760486603e-02,3.517312705516815186e-01,5.360206961631774902e-01,-1.229686010628938675e-02,3.715362548828125000e-01,4.827331006526947021e-01,-1.155741978436708450e-02,3.016340434551239014e-01,5.148639082908630371e-01,5.064872559159994125e-03,3.225120604038238525e-01,4.235371947288513184e-01,-3.237271448597311974e-03,3.336778581142425537e-01,3.672761619091033936e-01,-1.271929405629634857e-02,3.442711830139160156e-01,3.198263347148895264e-01,-2.010976336896419525e-02,2.668054401874542236e-01,4.999060332775115967e-01,3.939799033105373383e-03,2.781559526920318604e-01,3.997552990913391113e-01,-3.726618597283959389e-03,2.867292165756225586e-01,3.352412581443786621e-01,-1.524114981293678284e-02,2.960735261440277100e-01,2.833341062068939209e-01,-2.394050918519496918e-02,2.324834018945693970e-01,5.033437609672546387e-01,-7.318852585740387440e-04,2.368848621845245361e-01,4.092869460582733154e-01,-1.108832191675901413e-02,2.462634444236755371e-01,3.521879315376281738e-01,-2.090735733509063721e-02,2.579642534255981445e-01,3.050821423530578613e-01,-2.785138785839080811e-02,1.961340308189392090e-01,5.217665433883666992e-01,-7.249041460454463959e-03,1.943815052509307861e-01,4.475595057010650635e-01,-1.842023618519306183e-02,1.998457461595535278e-01,4.006421267986297607e-01,-2.423473261296749115e-02,2.105471044778823853e-01,3.549413383007049561e-01,-2.803047746419906616e-02,-1.000000000000000000e+00,-1.000000000000000000e+00,-1.000000000000000000e+00,-1.000000000000000000e+00,-1.000000000000000000e+00,-1.000000000000000000e+00,-1.000000000000000000e+00,-1.000000000000000000e+00,-1.000000000000000000e+00,-1.000000000000000000e+00,-1.000000000000000000e+00,-1.000000000000000000e+00,-1.000000000000000000e+00,-1.000000000000000000e+00,-1.000000000000000000e+00,-1.000000000000000000e+00,-1.000000000000000000e+00,-1.000000000000000000e+00,-1.000000000000000000e+00,-1.000000000000000000e+00,-1.000000000000000000e+00,-1.000000000000000000e+00,-1.000000000000000000e+00,-1.000000000000000000e+00,-1.000000000000000000e+00,-1.000000000000000000e+00,-1.000000000000000000e+00,-1.000000000000000000e+00,-1.000000000000000000e+00,-1.000000000000000000e+00,-1.000000000000000000e+00,-1.000000000000000000e+00,-1.000000000000000000e+00,-1.000000000000000000e+00,-1.000000000000000000e+00,-1.000000000000000000e+00,-1.000000000000000000e+00,-1.000000000000000000e+00,-1.000000000000000000e+00,-1.000000000000000000e+00,-1.000000000000000000e+00,-1.000000000000000000e+00,-1.000000000000000000e+00,-1.000000000000000000e+00,-1.000000000000000000e+00,-1.000000000000000000e+00,-1.000000000000000000e+00,-1.000000000000000000e+00,-1.000000000000000000e+00,-1.000000000000000000e+00,-1.000000000000000000e+00,-1.000000000000000000e+00,-1.000000000000000000e+00,-1.000000000000000000e+00,-1.000000000000000000e+00,-1.000000000000000000e+00,-1.000000000000000000e+00,-1.000000000000000000e+00,-1.000000000000000000e+00,-1.000000000000000000e+00,-1.000000000000000000e+00,-1.000000000000000000e+00,-1.000000000000000000e+00
1.740575547189000000e+12,5.034656524658203125e-01,6.382313966751098633e-01,-4.820263385772705078e-01,3.177741169929504395e-01,9.483222365379333496e-01,-2.572073414921760559e-02,6.659823656082153320e-01,9.565232396125793457e-01,3.000402823090553284e-02,1.457031667232513428e-01,1.118854045867919922e+00,-3.854860663414001465e-01,7.616844177246093750e-01,1.340831279754638672e+00,-2.070042341947555542e-01,2.316666096448898315e-01,7.604821324348449707e-01,-8.809551000595092773e-01,8.378090858459472656e-01,1.327745676040649414e+00,-7.170218825340270996e-01,2.265855520963668823e-01,7.625635862350463867e-01,3.171146545355441049e-07,2.898911833763122559e-01,7.172072529792785645e-01,-1.281015295535326004e-02,3.335181772708892822e-01,6.243631243705749512e-01,-8.892471902072429657e-03,3.536369502544403076e-01,5.456360578536987305e-01,-5.554768256843090057e-03,3.692864775657653809e-01,4.878053069114685059e-01,-2.142968587577342987e-03,3.041641712188720703e-01,5.311828255653381348e-01,1.317692827433347702e-02,3.239181041717529297e-01,4.435379803180694580e-01,7.380239665508270264e-03,3.343045413494110107e-01,3.891759514808654785e-01,-6.945189670659601688e-04,3.444526195526123047e-01,3.447467088699340820e-01,-6.990856956690549850e-03,2.704063653945922852e-01,5.149534344673156738e-01,1.271246280521154404e-02,2.826105952262878418e-01,4.207333326339721680e-01,6.959382910281419754e-03,2.917979359626770020e-01,3.612442314624786377e-01,-3.793572541326284409e-03,3.031659424304962158e-01,3.174786567687988281e-01,-1.187248993664979935e-02,2.363252490758895874e-01,5.149621963500976562e-01,8.311779238283634186e-03,2.424655556678771973e-01,4.256981015205383301e-01,-9.870160138234496117e-04,2.538405954837799072e-01,3.744436502456665039e-01,-1.063190214335918427e-02,2.686622738838195801e-01,3.383808135986328125e-01,-1.713974028825759888e-02,1.994234174489974976e-01,5.283624529838562012e-01,2.122413134202361107e-03,1.986634880304336548e-01,4.555757641792297363e-01,-8.102359250187873840e-03,2.074136883020401001e-01,4.137354791164398193e-01,-1.384883187711238861e-02,2.232144176959991455e-01,3.788509070873260498e-01,-1.745506934821605682e-02,-1.000000000000000000e+00,-1.000000000000000000e+00,-1.000000000000000000e+00,-1.000000000000000000e+00,-1.000000000000000000e+00,-1.000000000000000000e+00,-1.000000000000000000e+00,-1.000000000000000000e+00,-1.000000000000000000e+00,-1.000000000000000000e+00,-1.000000000000000000e+00,-1.000000000000000000e+00,-1.000000000000000000e+00,-1.000000000000000000e+00,-1.000000000000000000e+00,-1.000000000000000000e+00,-1.000000000000000000e+00,-1.000000000000000000e+00,-1.000000000000000000e+00,-1.000000000000000000e+00,-1.000000000000000000e+00,-1.000000000000000000e+00,-1.000000000000000000e+00,-1.000000000000000000e+00,-1.000000000000000000e+00,-1.000000000000000000e+00,-1.000000000000000000e+00,-1.000000000000000000e+00,-1.000000000000000000e+00,-1.000000000000000000e+00,-1.000000000000000000e+00,-1.000000000000000000e+00,-1.000000000000000000e+00,-1.000000000000000000e+00,-1.000000000000000000e+00,-1.000000000000000000e+00,-1.000000000000000000e+00,-1.000000000000000000e+00,-1.000000000000000000e+00,-1.000000000000000000e+00,-1.000000000000000000e+00,-1.000000000000000000e+00,-1.000000000000000000e+00,-1.000000000000000000e+00,-1.000000000000000000e+00,-1.000000000000000000e+00,-1.000000000000000000e+00,-1.000000000000000000e+00,-1.000000000000000000e+00,-1.000000000000000000e+00,-1.000000000000000000e+00,-1.000000000000000000e+00,-1.000000000000000000e+00,-1.000000000000000000e+00,-1.000000000000000000e+00,-1.000000000000000000e+00,-1.000000000000000000e+00,-1.000000000000000000e+00,-1.000000000000000000e+00,-1.000000000000000000e+00,-1.000000000000000000e+00,-1.000000000000000000e+00,-1.000000000000000000e+00
1.740575547225000000e+12,5.084338188171386719e-01,6.350679993629455566e-01,-6.547085046768188477e-01,3.182834088802337646e-01,9.483260512351989746e-01,-2.181221693754196167e-01,6.714269518852233887e-01,9.581320285797119141e-01,-1.051157712936401367e-01,1.451969593763351440e-01,1.257348060607910156e+00,-6.154037714004516602e-01,7.670519948005676270e-01,1.378153800964355469e+00,-1.516398191452026367e-01,2.294390648603439331e-01,7.884270548820495605e-01,-1.201371431350708008e+00,8.061457872390747070e-01,1.696243643760681152e+00,-4.178118109703063965e-01,2.268446534872055054e-01,7.747834324836730957e-01,3.488454183298017597e-07,2.895354032516479492e-01,7.221704125404357910e-01,-1.213245280086994171e-02,3.297047317028045654e-01,6.361395716667175293e-01,-7.956502959132194519e-03,3.489257097244262695e-01,5.554547309875488281e-01,-5.640184506773948669e-03,3.643181622028350830e-01,4.926558136940002441e-01,-3.124515293166041374e-03,3.020928204059600830e-01,5.467608571052551270e-01,2.644558064639568329e-02,3.224882483482360840e-01,4.659777283668518066e-01,2.049918659031391144e-02,3.341137766838073730e-01,4.140857756137847900e-01,1.013977173715829849e-02,3.455356359481811523e-01,3.713508248329162598e-01,2.062296960502862930e-03,2.712478637695312500e-01,5.291531682014465332e-01,2.527205646038055420e-02,2.856754958629608154e-01,4.386012852191925049e-01,1.829187758266925812e-02,2.969769239425659180e-01,3.839342892169952393e-01,4.400214180350303650e-03,3.113455474376678467e-01,3.485903143882751465e-01,-5.737508181482553482e-03,2.387620359659194946e-01,5.276652574539184570e-01,1.908024586737155914e-02,2.477696686983108521e-01,4.380983114242553711e-01,6.904914043843746185e-03,2.618255019187927246e-01,3.907150030136108398e-01,-6.157138384878635406e-03,2.794933617115020752e-01,3.670678436756134033e-01,-1.400484610348939896e-02,2.016487568616867065e-01,5.381612181663513184e-01,1.111898291856050491e-02,2.041529119014739990e-01,4.634171426296234131e-01,-2.129833446815609932e-03,2.166619598865509033e-01,4.232473969459533691e-01,-1.078194938600063324e-02,2.365378588438034058e-01,3.997140228748321533e-01,-1.579072885215282440e-02,-1.000000000000000000e+00,-1.000000000000000000e+00,-1.000000000000000000e+00,-1.000000000000000000e+00,-1.000000000000000000e+00,-1.000000000000000000e+00,-1.000000000000000000e+00,-1.000000000000000000e+00,-1.000000000000000000e+00,-1.000000000000000000e+00,-1.000000000000000000e+00,-1.000000000000000000e+00,-1.000000000000000000e+00,-1.000000000000000000e+00,-1.000000000000000000e+00,-1.000000000000000000e+00,-1.000000000000000000e+00,-1.000000000000000000e+00,-1.000000000000000000e+00,-1.000000000000000000e+00,-1.000000000000000000e+00,-1.000000000000000000e+00,-1.000000000000000000e+00,-1.000000000000000000e+00,-1.000000000000000000e+00,-1.000000000000000000e+00,-1.000000000000000000e+00,-1.000000000000000000e+00,-1.000000000000000000e+00,-1.000000000000000000e+00,-1.000000000000000000e+00,-1.000000000000000000e+00,-1.000000000000000000e+00,-1.000000000000000000e+00,-1.000000000000000000e+00,-1.000000000000000000e+00,-1.000000000000000000e+00,-1.000000000000000000e+00,-1.000000000000000000e+00,-1.000000000000000000e+00,-1.000000000000000000e+00,-1.000000000000000000e+00,-1.000000000000000000e+00,-1.000000000000000000e+00,-1.000000000000000000e+00,-1.000000000000000000e+00,-1.000000000000000000e+00,-1.000000000000000000e+00,-1.000000000000000000e+00,-1.000000000000000000e+00,-1.000000000000000000e+00,-1.000000000000000000e+00,-1.000000000000000000e+00,-1.000000000000000000e+00,-1.000000000000000000e+00,-1.000000000000000000e+00,-1.000000000000000000e+00,-1.000000000000000000e+00,-1.000000000000000000e+00,-1.000000000000000000e+00,-1.000000000000000000e+00,-1.000000000000000000e+00,-1.000000000000000000e+00
1.740575547263000000e+12,5.063238143920898438e-01,6.367983818054199219e-01,-6.328259706497192383e-01,3.182372450828552246e-01,9.483291506767272949e-01,-1.805749982595443726e-01,6.735776066780090332e-01,9.583567976951599121e-01,-1.161627396941184998e-01,1.551608890295028687e-01,1.247120976448059082e+00,-5.940209627151489258e-01,7.668806314468383789e-01,1.392131924629211426e+00,-1.530679166316986084e-01,2.276886701583862305e-01,8.076470494270324707e-01,-1.157414793968200684e+00,8.040621876716613770e-01,1.763812303543090820e+00,-3.791619539260864258e-01,2.262094169855117798e-01,7.856160998344421387e-01,3.155299452828330686e-07,2.880409359931945801e-01,7.358111739158630371e-01,-1.405318081378936768e-02,3.283002972602844238e-01,6.519839763641357422e-01,-1.183133665472269058e-02,3.476606905460357666e-01,5.738438963890075684e-01,-1.108958665281534195e-02,3.607292771339416504e-01,5.096121430397033691e-01,-1.021768525242805481e-02,3.005378246307373047e-01,5.660104751586914062e-01,1.769441366195678711e-02,3.231671154499053955e-01,4.878342747688293457e-01,7.924823090434074402e-03,3.378894329071044922e-01,4.376665949821472168e-01,-3.942716866731643677e-03,3.520963490009307861e-01,3.970515429973602295e-01,-1.251748669892549515e-02,2.702788412570953369e-01,5.459195971488952637e-01,1.661239191889762878e-02,2.842166125774383545e-01,4.591044485569000244e-01,5.138976499438285828e-03,2.988234460353851318e-01,4.127347171306610107e-01,-9.033620357513427734e-03,3.170185983180999756e-01,3.863279819488525391e-01,-1.838451437652111053e-02,2.391517907381057739e-01,5.430947542190551758e-01,1.070630829781293869e-02,2.486121058464050293e-01,4.549414515495300293e-01,-4.192347172647714615e-03,2.671484053134918213e-01,4.145471751689910889e-01,-1.651767082512378693e-02,2.896957695484161377e-01,4.005478322505950928e-01,-2.305951528251171112e-02,2.043618857860565186e-01,5.526323318481445312e-01,2.813966013491153717e-03,2.072148621082305908e-01,4.746082723140716553e-01,-1.187276374548673630e-02,2.224208414554595947e-01,4.350387156009674072e-01,-2.051730081439018250e-02,2.445294111967086792e-01,4.185764789581298828e-01,-2.499882318079471588e-02,-1.000000000000000000e+00,-1.000000000000000000e+00,-1.000000000000000000e+00,-1.000000000000000000e+00,-1.000000000000000000e+00,-1.000000000000000000e+00,-1.000000000000000000e+00,-1.000000000000000000e+00,-1.000000000000000000e+00,-1.000000000000000000e+00,-1.000000000000000000e+00,-1.000000000000000000e+00,-1.000000000000000000e+00,-1.000000000000000000e+00,-1.000000000000000000e+00,-1.000000000000000000e+00,-1.000000000000000000e+00,-1.000000000000000000e+00,-1.000000000000000000e+00,-1.000000000000000000e+00,-1.000000000000000000e+00,-1.000000000000000000e+00,-1.000000000000000000e+00,-1.000000000000000000e+00,-1.000000000000000000e+00,-1.000000000000000000e+00,-1.000000000000000000e+00,-1.000000000000000000e+00,-1.000000000000000000e+00,-1.000000000000000000e+00,-1.000000000000000000e+00,-1.000000000000000000e+00,-1.000000000000000000e+00,-1.000000000000000000e+00,-1.000000000000000000e+00,-1.000000000000000000e+00,-1.000000000000000000e+00,-1.000000000000000000e+00,-1.000000000000000000e+00,-1.000000000000000000e+00,-1.000000000000000000e+00,-1.000000000000000000e+00,-1.000000000000000000e+00,-1.000000000000000000e+00,-1.000000000000000000e+00,-1.000000000000000000e+00,-1.000000000000000000e+00,-1.000000000000000000e+00,-1.000000000000000000e+00,-1.000000000000000000e+00,-1.000000000000000000e+00,-1.000000000000000000e+00,-1.000000000000000000e+00,-1.000000000000000000e+00,-1.000000000000000000e+00,-1.000000000000000000e+00,-1.000000000000000000e+00,-1.000000000000000000e+00,-1.000000000000000000e+00,-1.000000000000000000e+00,-1.000000000000000000e+00,-1.000000000000000000e+00,-1.000000000000000000e+00
1.740575547296000000e+12,5.063053965568542480e-01,6.349474191665649414e-01,-6.113872528076171875e-01,3.212141692638397217e-01,9.517354965209960938e-01,-1.649598032236099243e-01,6.777277588844299316e-01,9.619823694229125977e-01,-8.477161079645156860e-02,1.562293469905853271e-01,1.258772611618041992e+00,-5.830959677696228027e-01,7.679811120033264160e-01,1.402696490287780762e+00,-4.080753773450851440e-02,2.266234159469604492e-01,8.290181756019592285e-01,-1.166966199874877930e+00,7.986163496971130371e-01,1.756433248519897461e+00,-2.517223954200744629e-01,2.285562902688980103e-01,8.073987364768981934e-01,3.181103807037288789e-07,2.893154025077819824e-01,7.624421119689941406e-01,-1.281497534364461899e-02,3.298234641551971436e-01,6.739030480384826660e-01,-9.750422090291976929e-03,3.504552543163299561e-01,5.963972210884094238e-01,-8.530816063284873962e-03,3.638179600238800049e-01,5.327154994010925293e-01,-7.185672409832477570e-03,3.020011186599731445e-01,5.854369401931762695e-01,2.051071636378765106e-02,3.249904811382293701e-01,5.112435817718505859e-01,1.178580429404973984e-02,3.422660529613494873e-01,4.646471440792083740e-01,1.668856712058186531e-04,3.581337332725524902e-01,4.305804371833801270e-01,-8.236255496740341187e-03,2.731257677078247070e-01,5.665024518966674805e-01,1.863097772002220154e-02,2.874067425727844238e-01,4.792351126670837402e-01,6.498251110315322876e-03,3.062802553176879883e-01,4.449842572212219238e-01,-8.792902342975139618e-03,3.268516063690185547e-01,4.356800317764282227e-01,-1.811088435351848602e-02,2.426564544439315796e-01,5.632904171943664551e-01,1.209554169327020645e-02,2.510063052177429199e-01,4.723847508430480957e-01,-3.268999746069312096e-03,2.739118039608001709e-01,4.399077296257019043e-01,-1.655419170856475830e-02,2.991454899311065674e-01,4.399335086345672607e-01,-2.304403111338615417e-02,2.088678330183029175e-01,5.713736414909362793e-01,3.673275699838995934e-03,2.126698344945907593e-01,4.890941381454467773e-01,-1.175689883530139923e-02,2.315591275691986084e-01,4.532675743103027344e-01,-2.126627601683139801e-02,2.561456859111785889e-01,4.478746950626373291e-01,-2.591858804225921631e-02,-1.000000000000000000e+00,-1.000000000000000000e+00,-1.000000000000000000e+00,-1.000000000000000000e+00,-1.000000000000000000e+00,-1.000000000000000000e+00,-1.000000000000000000e+00,-1.000000000000000000e+00,-1.000000000000000000e+00,-1.000000000000000000e+00,-1.000000000000000000e+00,-1.000000000000000000e+00,-1.000000000000000000e+00,-1.000000000000000000e+00,-1.000000000000000000e+00,-1.000000000000000000e+00,-1.000000000000000000e+00,-1.000000000000000000e+00,-1.000000000000000000e+00,-1.000000000000000000e+00,-1.000000000000000000e+00,-1.000000000000000000e+00,-1.000000000000000000e+00,-1.000000000000000000e+00,-1.000000000000000000e+00,-1.000000000000000000e+00,-1.000000000000000000e+00,-1.000000000000000000e+00,-1.000000000000000000e+00,-1.000000000000000000e+00,-1.000000000000000000e+00,-1.000000000000000000e+00,-1.000000000000000000e+00,-1.000000000000000000e+00,-1.000000000000000000e+00,-1.000000000000000000e+00,-1.000000000000000000e+00,-1.000000000000000000e+00,-1.000000000000000000e+00,-1.000000000000000000e+00,-1.000000000000000000e+00,-1.000000000000000000e+00,-1.000000000000000000e+00,-1.000000000000000000e+00,-1.000000000000000000e+00,-1.000000000000000000e+00,-1.000000000000000000e+00,-1.000000000000000000e+00,-1.000000000000000000e+00,-1.000000000000000000e+00,-1.000000000000000000e+00,-1.000000000000000000e+00,-1.000000000000000000e+00,-1.000000000000000000e+00,-1.000000000000000000e+00,-1.000000000000000000e+00,-1.000000000000000000e+00,-1.000000000000000000e+00,-1.000000000000000000e+00,-1.000000000000000000e+00,-1.000000000000000000e+00,-1.000000000000000000e+00,-1.000000000000000000e+00
1.740575547333000000e+12,5.081033110618591309e-01,6.348724365234375000e-01,-6.810210943222045898e-01,3.211349844932556152e-01,9.513053894042968750e-01,-2.245135605335235596e-01,6.763306260108947754e-01,9.618763327598571777e-01,-1.239590644836425781e-01,1.753305047750473022e-01,1.275965332984924316e+00,-6.072744131088256836e-01,7.556865811347961426e-01,1.400327682495117188e+00,-1.303996145725250244e-01,2.245065420866012573e-01,8.797989487648010254e-01,-1.192196249961853027e+00,7.893450856208801270e-01,1.708645343780517578e+00,-4.079627394676208496e-01,2.272452265024185181e-01,8.388162255287170410e-01,2.721067460242920788e-07,2.864445447921752930e-01,8.015286922454833984e-01,-1.154287345707416534e-02,3.302578628063201904e-01,7.128648161888122559e-01,-8.286528289318084717e-03,3.556680381298065186e-01,6.349325180053710938e-01,-7.027903106063604355e-03,3.616458177566528320e-01,5.686409473419189453e-01,-6.027732975780963898e-03,3.044247627258300781e-01,6.172797679901123047e-01,1.921286992728710175e-02,3.309547603130340576e-01,5.496538281440734863e-01,1.086174324154853821e-02,3.518665730953216553e-01,5.107333660125732422e-01,-1.291227177716791630e-03,3.690197467803955078e-01,4.825758934020996094e-01,-1.020296383649110794e-02,2.773300707340240479e-01,5.977339148521423340e-01,1.690469309687614441e-02,2.952196896076202393e-01,5.106799006462097168e-01,3.840035758912563324e-03,3.157993257045745850e-01,4.887560606002807617e-01,-1.292413379997014999e-02,3.331537842750549316e-01,4.945200979709625244e-01,-2.304202690720558167e-02,2.469975203275680542e-01,5.920153260231018066e-01,1.050307415425777435e-02,2.585639953613281250e-01,4.978991448879241943e-01,-5.140891298651695251e-03,2.831188440322875977e-01,4.823090434074401855e-01,-1.916068233549594879e-02,3.040225505828857422e-01,5.018405914306640625e-01,-2.609680593013763428e-02,2.136995494365692139e-01,5.968163013458251953e-01,2.401423640549182892e-03,2.215386629104614258e-01,5.110857486724853516e-01,-1.323630288243293762e-02,2.443285286426544189e-01,4.899109303951263428e-01,-2.283030375838279724e-02,2.684224843978881836e-01,5.025240778923034668e-01,-2.764067053794860840e-02,-1.000000000000000000e+00,-1.000000000000000000e+00,-1.000000000000000000e+00,-1.000000000000000000e+00,-1.000000000000000000e+00,-1.000000000000000000e+00,-1.000000000000000000e+00,-1.000000000000000000e+00,-1.000000000000000000e+00,-1.000000000000000000e+00,-1.000000000000000000e+00,-1.000000000000000000e+00,-1.000000000000000000e+00,-1.000000000000000000e+00,-1.000000000000000000e+00,-1.000000000000000000e+00,-1.000000000000000000e+00,-1.000000000000000000e+00,-1.000000000000000000e+00,-1.000000000000000000e+00,-1.000000000000000000e+00,-1.000000000000000000e+00,-1.000000000000000000e+00,-1.000000000000000000e+00,-1.000000000000000000e+00,-1.000000000000000000e+00,-1.000000000000000000e+00,-1.000000000000000000e+00,-1.000000000000000000e+00,-1.000000000000000000e+00,-1.000000000000000000e+00,-1.000000000000000000e+00,-1.000000000000000000e+00,-1.000000000000000000e+00,-1.000000000000000000e+00,-1.000000000000000000e+00,-1.000000000000000000e+00,-1.000000000000000000e+00,-1.000000000000000000e+00,-1.000000000000000000e+00,-1.000000000000000000e+00,-1.000000000000000000e+00,-1.000000000000000000e+00,-1.000000000000000000e+00,-1.000000000000000000e+00,-1.000000000000000000e+00,-1.000000000000000000e+00,-1.000000000000000000e+00,-1.000000000000000000e+00,-1.000000000000000000e+00,-1.000000000000000000e+00,-1.000000000000000000e+00,-1.000000000000000000e+00,-1.000000000000000000e+00,-1.000000000000000000e+00,-1.000000000000000000e+00,-1.000000000000000000e+00,-1.000000000000000000e+00,-1.000000000000000000e+00,-1.000000000000000000e+00,-1.000000000000000000e+00,-1.000000000000000000e+00,-1.000000000000000000e+00
1.740575547371000000e+12,5.081492662429809570e-01,6.320037841796875000e-01,-7.300598621368408203e-01,3.216128647327423096e-01,9.415643215179443359e-01,-2.403267323970794678e-01,6.760077476501464844e-01,9.593760371208190918e-01,-1.541456878185272217e-01,2.126101702451705933e-01,1.330047249794006348e+00,-6.549469232559204102e-01,7.488366365432739258e-01,1.398394346237182617e+00,-1.210197210311889648e-01,2.240376472473144531e-01,9.495241641998291016e-01,-1.316361904144287109e+00,7.640767693519592285e-01,1.719962000846862793e+00,-3.352586328983306885e-01,2.351086586713790894e-01,8.929368853569030762e-01,1.860359901684205397e-07,2.877212762832641602e-01,8.636105060577392578e-01,-1.545289624482393265e-02,3.342400789260864258e-01,7.715298533439636230e-01,-1.803001761436462402e-02,3.616908192634582520e-01,6.886841058731079102e-01,-2.253998257219791412e-02,3.661543726921081543e-01,6.124858856201171875e-01,-2.707932889461517334e-02,3.103860020637512207e-01,6.614385247230529785e-01,7.597024552524089813e-03,3.325487077236175537e-01,5.691928267478942871e-01,-9.553984738886356354e-03,3.566971421241760254e-01,5.527253150939941406e-01,-2.710456773638725281e-02,3.708193004131317139e-01,5.646741390228271484e-01,-3.712783753871917725e-02,2.817805707454681396e-01,6.481891870498657227e-01,5.108593497425317764e-03,2.987063229084014893e-01,5.446715950965881348e-01,-1.794098690152168274e-02,3.243757188320159912e-01,5.552288293838500977e-01,-4.146872088313102722e-02,3.356088399887084961e-01,6.032681465148925781e-01,-5.373151600360870361e-02,2.498273551464080811e-01,6.460147500038146973e-01,-1.108168624341487885e-03,2.623445391654968262e-01,5.413985848426818848e-01,-2.145515382289886475e-02,2.916304469108581543e-01,5.482109189033508301e-01,-3.830654174089431763e-02,3.062834441661834717e-01,5.952370166778564453e-01,-4.583904892206192017e-02,2.149259150028228760e-01,6.543203592300415039e-01,-9.018515236675739288e-03,2.269469201564788818e-01,5.665646791458129883e-01,-2.685726247727870941e-02,2.538597881793975830e-01,5.544869303703308105e-01,-3.849013149738311768e-02,2.746109366416931152e-01,5.791122317314147949e-01,-4.418574273586273193e-02,-1.000000000000000000e+00,-1.000000000000000000e+00,-1.000000000000000000e+00,-1.000000000000000000e+00,-1.000000000000000000e+00,-1.000000000000000000e+00,-1.000000000000000000e+00,-1.000000000000000000e+00,-1.000000000000000000e+00,-1.000000000000000000e+00,-1.000000000000000000e+00,-1.000000000000000000e+00,-1.000000000000000000e+00,-1.000000000000000000e+00,-1.000000000000000000e+00,-1.000000000000000000e+00,-1.000000000000000000e+00,-1.000000000000000000e+00,-1.000000000000000000e+00,-1.000000000000000000e+00,-1.000000000000000000e+00,-1.000000000000000000e+00,-1.000000000000000000e+00,-1.000000000000000000e+00,-1.000000000000000000e+00,-1.000000000000000000e+00,-1.000000000000000000e+00,-1.000000000000000000e+00,-1.000000000000000000e+00,-1.000000000000000000e+00,-1.000000000000000000e+00,-1.000000000000000000e+00,-1.000000000000000000e+00,-1.000000000000000000e+00,-1.000000000000000000e+00,-1.000000000000000000e+00,-1.000000000000000000e+00,-1.000000000000000000e+00,-1.000000000000000000e+00,-1.000000000000000000e+00,-1.000000000000000000e+00,-1.000000000000000000e+00,-1.000000000000000000e+00,-1.000000000000000000e+00,-1.000000000000000000e+00,-1.000000000000000000e+00,-1.000000000000000000e+00,-1.000000000000000000e+00,-1.000000000000000000e+00,-1.000000000000000000e+00,-1.000000000000000000e+00,-1.000000000000000000e+00,-1.000000000000000000e+00,-1.000000000000000000e+00,-1.000000000000000000e+00,-1.000000000000000000e+00,-1.000000000000000000e+00,-1.000000000000000000e+00,-1.000000000000000000e+00,-1.000000000000000000e+00,-1.000000000000000000e+00,-1.000000000000000000e+00,-1.000000000000000000e+00
1.740575547408000000e+12,5.081880688667297363e-01,6.342881917953491211e-01,-7.527884840965270996e-01,3.190946280956268311e-01,9.289743900299072266e-01,-2.324590235948562622e-01,6.741155982017517090e-01,9.553503990173339844e-01,-1.382738947868347168e-01,2.279971539974212646e-01,1.322227001190185547e+00,-7.193177342414855957e-01,7.367791533470153809e-01,1.397479414939880371e+00,-7.757844030857086182e-02,2.482922375202178955e-01,9.617511034011840820e-01,-1.462439894676208496e+00,7.498103976249694824e-01,1.709369778633117676e+00,-3.159570097923278809e-01,2.455439716577529907e-01,9.654430747032165527e-01,-1.643502969272958580e-07,2.943510115146636963e-01,9.282615780830383301e-01,-1.830047182738780975e-02,3.424081206321716309e-01,8.372499346733093262e-01,-2.659835107624530792e-02,3.696961700916290283e-01,7.529296278953552246e-01,-3.700482100248336792e-02,3.733453452587127686e-01,6.731874942779541016e-01,-4.504622519016265869e-02,3.222381770610809326e-01,7.178898453712463379e-01,-7.026902399957180023e-03,3.480156958103179932e-01,6.201760768890380859e-01,-3.889935091137886047e-02,3.638260960578918457e-01,6.738868951797485352e-01,-6.107169762253761292e-02,3.641600906848907471e-01,7.385811805725097656e-01,-6.945055723190307617e-02,2.903175354003906250e-01,7.069358229637145996e-01,-9.694796055555343628e-03,3.136773407459259033e-01,6.090320944786071777e-01,-4.024200141429901123e-02,3.346922099590301514e-01,6.751716136932373047e-01,-5.771466344594955444e-02,3.377147018909454346e-01,7.447642087936401367e-01,-6.320860236883163452e-02,2.556501328945159912e-01,7.067101001739501953e-01,-1.717510633170604706e-02,2.734826505184173584e-01,6.088531613349914551e-01,-4.226695746183395386e-02,3.011735677719116211e-01,6.648019552230834961e-01,-4.872733727097511292e-02,3.100020885467529297e-01,7.319070100784301758e-01,-4.684069380164146423e-02,2.177351117134094238e-01,7.167572975158691406e-01,-2.672544121742248535e-02,2.337875068187713623e-01,6.322808861732482910e-01,-4.459009319543838501e-02,2.598548233509063721e-01,6.565011739730834961e-01,-4.742662608623504639e-02,2.730932831764221191e-01,7.037720680236816406e-01,-4.494291916489601135e-02,-1.000000000000000000e+00,-1.000000000000000000e+00,-1.000000000000000000e+00,-1.000000000000000000e+00,-1.000000000000000000e+00,-1.000000000000000000e+00,-1.000000000000000000e+00,-1.000000000000000000e+00,-1.000000000000000000e+00,-1.000000000000000000e+00,-1.000000000000000000e+00,-1.000000000000000000e+00,-1.000000000000000000e+00,-1.000000000000000000e+00,-1.000000000000000000e+00,-1.000000000000000000e+00,-1.000000000000000000e+00,-1.000000000000000000e+00,-1.000000000000000000e+00,-1.000000000000000000e+00,-1.000000000000000000e+00,-1.000000000000000000e+00,-1.000000000000000000e+00,-1.000000000000000000e+00,-1.000000000000000000e+00,-1.000000000000000000e+00,-1.000000000000000000e+00,-1.000000000000000000e+00,-1.000000000000000000e+00,-1.000000000000000000e+00,-1.000000000000000000e+00,-1.000000000000000000e+00,-1.000000000000000000e+00,-1.000000000000000000e+00,-1.000000000000000000e+00,-1.000000000000000000e+00,-1.000000000000000000e+00,-1.000000000000000000e+00,-1.000000000000000000e+00,-1.000000000000000000e+00,-1.000000000000000000e+00,-1.000000000000000000e+00,-1.000000000000000000e+00,-1.000000000000000000e+00,-1.000000000000000000e+00,-1.000000000000000000e+00,-1.000000000000000000e+00,-1.000000000000000000e+00,-1.000000000000000000e+00,-1.000000000000000000e+00,-1.000000000000000000e+00,-1.000000000000000000e+00,-1.000000000000000000e+00,-1.000000000000000000e+00,-1.000000000000000000e+00,-1.000000000000000000e+00,-1.000000000000000000e+00,-1.000000000000000000e+00,-1.000000000000000000e+00,-1.000000000000000000e+00,-1.000000000000000000e+00,-1.000000000000000000e+00,-1.000000000000000000e+00
1.740575547442000000e+12,5.083629488945007324e-01,6.326890587806701660e-01,-6.787776350975036621e-01,3.196460902690887451e-01,8.874986171722412109e-01,-1.863580197095870972e-01,6.743650436401367188e-01,9.574667811393737793e-01,-3.271700115874409676e-03,2.446567714214324951e-01,1.103758811950683594e+00,-7.141352891921997070e-01,7.371323704719543457e-01,1.355277299880981445e+00,-6.108042597770690918e-02,2.659874856472015381e-01,1.086574912071228027e+00,-1.519801735877990723e+00,7.271001935005187988e-01,1.646415233612060547e+00,-3.987404704093933105e-01,2.441298216581344604e-01,9.999071359634399414e-01,-3.814097340182343032e-07,3.029696643352508545e-01,9.794387817382812500e-01,-1.053208112716674805e-02,3.555378317832946777e-01,9.275963902473449707e-01,-2.156093716621398926e-02,3.848435878753662109e-01,8.807930350303649902e-01,-3.593400493264198303e-02,4.055644273757934570e-01,8.442185521125793457e-01,-4.834796115756034851e-02,3.445748984813690186e-01,7.545517086982727051e-01,-8.986476808786392212e-03,3.641197383403778076e-01,7.375631928443908691e-01,-3.566749021410942078e-02,3.717786967754364014e-01,8.107998371124267578e-01,-5.421086028218269348e-02,3.723343908786773682e-01,8.801323175430297852e-01,-6.221552565693855286e-02,3.061709105968475342e-01,7.321125864982604980e-01,-1.446019299328327179e-02,3.268299102783203125e-01,7.466400265693664551e-01,-4.061658307909965515e-02,3.363436758518218994e-01,8.385994434356689453e-01,-5.180412158370018005e-02,3.373554348945617676e-01,9.162551760673522949e-01,-5.382967740297317505e-02,2.650492787361145020e-01,7.336668968200683594e-01,-2.270055562257766724e-02,2.863968014717102051e-01,7.540930509567260742e-01,-4.574249312281608582e-02,3.021865189075469971e-01,8.386968374252319336e-01,-4.630437120795249939e-02,3.074015080928802490e-01,9.102691411972045898e-01,-4.034407436847686768e-02,2.230329513549804688e-01,7.534977197647094727e-01,-3.237731382250785828e-02,2.450454831123352051e-01,7.729426622390747070e-01,-4.801398888230323792e-02,2.632347047328948975e-01,8.312738537788391113e-01,-4.632314294576644897e-02,2.727344334125518799e-01,8.802758455276489258e-01,-3.959467634558677673e-02,-1.000000000000000000e+00,-1.000000000000000000e+00,-1.000000000000000000e+00,-1.000000000000000000e+00,-1.000000000000000000e+00,-1.000000000000000000e+00,-1.000000000000000000e+00,-1.000000000000000000e+00,-1.000000000000000000e+00,-1.000000000000000000e+00,-1.000000000000000000e+00,-1.000000000000000000e+00,-1.000000000000000000e+00,-1.000000000000000000e+00,-1.000000000000000000e+00,-1.000000000000000000e+00,-1.000000000000000000e+00,-1.000000000000000000e+00,-1.000000000000000000e+00,-1.000000000000000000e+00,-1.000000000000000000e+00,-1.000000000000000000e+00,-1.000000000000000000e+00,-1.000000000000000000e+00,-1.000000000000000000e+00,-1.000000000000000000e+00,-1.000000000000000000e+00,-1.000000000000000000e+00,-1.000000000000000000e+00,-1.000000000000000000e+00,-1.000000000000000000e+00,-1.000000000000000000e+00,-1.000000000000000000e+00,-1.000000000000000000e+00,-1.000000000000000000e+00,-1.000000000000000000e+00,-1.000000000000000000e+00,-1.000000000000000000e+00,-1.000000000000000000e+00,-1.000000000000000000e+00,-1.000000000000000000e+00,-1.000000000000000000e+00,-1.000000000000000000e+00,-1.000000000000000000e+00,-1.000000000000000000e+00,-1.000000000000000000e+00,-1.000000000000000000e+00,-1.000000000000000000e+00,-1.000000000000000000e+00,-1.000000000000000000e+00,-1.000000000000000000e+00,-1.000000000000000000e+00,-1.000000000000000000e+00,-1.000000000000000000e+00,-1.000000000000000000e+00,-1.000000000000000000e+00,-1.000000000000000000e+00,-1.000000000000000000e+00,-1.000000000000000000e+00,-1.000000000000000000e+00,-1.000000000000000000e+00,-1.000000000000000000e+00,-1.000000000000000000e+00
1.740575547478000000e+12,5.086405873298645020e-01,6.314821839332580566e-01,-6.987009644508361816e-01,2.942674160003662109e-01,9.069037437438964844e-01,-1.735441982746124268e-01,6.795625686645507812e-01,9.647244811058044434e-01,-6.071449071168899536e-02,2.283871173858642578e-01,1.319525361061096191e+00,-3.640277683734893799e-01,7.403793334960937500e-01,1.384430766105651855e+00,-9.033522754907608032e-02,2.358496934175491333e-01,1.653435945510864258e+00,-8.022460937500000000e-01,7.287241816520690918e-01,1.713135600090026855e+00,-3.876123726367950439e-01,-1.000000000000000000e+00,-1.000000000000000000e+00,-1.000000000000000000e+00,-1.000000000000000000e+00,-1.000000000000000000e+00,-1.000000000000000000e+00,-1.000000000000000000e+00,-1.000000000000000000e+00,-1.000000000000000000e+00,-1.000000000000000000e+00,-1.000000000000000000e+00,-1.000000000000000000e+00,-1.000000000000000000e+00,-1.000000000000000000e+00,-1.000000000000000000e+00,-1.000000000000000000e+00,-1.000000000000000000e+00,-1.000000000000000000e+00,-1.000000000000000000e+00,-1.000000000000000000e+00,-1.000000000000000000e+00,-1.000000000000000000e+00,-1.000000000000000000e+00,-1.000000000000000000e+00,-1.000000000000000000e+00,-1.000000000000000000e+00,-1.000000000000000000e+00,-1.000000000000000000e+00,-1.000000000000000000e+00,-1.000000000000000000e+00,-1.000000000000000000e+00,-1.000000000000000000e+00,-1.000000000000000000e+00,-1.000000000000000000e+00,-1.000000000000000000e+00,-1.000000000000000000e+00,-1.000000000000000000e+00,-1.000000000000000000e+00,-1.000000000000000000e+00,-1.000000000000000000e+00,-1.000000000000000000e+00,-1.000000000000000000e+00,-1.000000000000000000e+00,-1.000000000000000000e+00,-1.000000000000000000e+00,-1.000000000000000000e+00,-1.000000000000000000e+00,-1.000000000000000000e+00,-1.000000000000000000e+00,-1.000000000000000000e+00,-1.000000000000000000e+00,-1.000000000000000000e+00,-1.000000000000000000e+00,-1.000000000000000000e+00,-1.000000000000000000e+00,-1.000000000000000000e+00,-1.000000000000000000e+00,-1.000000000000000000e+00,-1.000000000000000000e+00,-1.000000000000000000e+00,-1.000000000000000000e+00,-1.000000000000000000e+00,-1.000000000000000000e+00,-1.000000000000000000e+00,-1.000000000000000000e+00,-1.000000000000000000e+00,-1.000000000000000000e+00,-1.000000000000000000e+00,-1.000000000000000000e+00,-1.000000000000000000e+00,-1.000000000000000000e+00,-1.000000000000000000e+00,-1.000000000000000000e+00,-1.000000000000000000e+00,-1.000000000000000000e+00,-1.000000000000000000e+00,-1.000000000000000000e+00,-1.000000000000000000e+00,-1.000000000000000000e+00,-1.000000000000000000e+00,-1.000000000000000000e+00,-1.000000000000000000e+00,-1.000000000000000000e+00,-1.000000000000000000e+00,-1.000000000000000000e+00,-1.000000000000000000e+00,-1.000000000000000000e+00,-1.000000000000000000e+00,-1.000000000000000000e+00,-1.000000000000000000e+00,-1.000000000000000000e+00,-1.000000000000000000e+00,-1.000000000000000000e+00,-1.000000000000000000e+00,-1.000000000000000000e+00,-1.000000000000000000e+00,-1.000000000000000000e+00,-1.000000000000000000e+00,-1.000000000000000000e+00,-1.000000000000000000e+00,-1.000000000000000000e+00,-1.000000000000000000e+00,-1.000000000000000000e+00,-1.000000000000000000e+00,-1.000000000000000000e+00,-1.000000000000000000e+00,-1.000000000000000000e+00,-1.000000000000000000e+00,-1.000000000000000000e+00,-1.000000000000000000e+00,-1.000000000000000000e+00,-1.000000000000000000e+00,-1.000000000000000000e+00,-1.000000000000000000e+00,-1.000000000000000000e+00,-1.000000000000000000e+00,-1.000000000000000000e+00,-1.000000000000000000e+00,-1.000000000000000000e+00,-1.000000000000000000e+00,-1.000000000000000000e+00,-1.000000000000000000e+00,-1.000000000000000000e+00,-1.000000000000000000e+00,-1.000000000000000000e+00,-1.000000000000000000e+00
1.740575547515000000e+12,5.092775225639343262e-01,6.304020285606384277e-01,-8.096413612365722656e-01,2.962832152843475342e-01,9.638390541076660156e-01,-2.568736076354980469e-01,6.822490692138671875e-01,9.673295021057128906e-01,-2.025768756866455078e-01,2.344591170549392700e-01,1.413891553878784180e+00,-5.026744008064270020e-01,7.427016496658325195e-01,1.391365647315979004e+00,-1.805705279111862183e-01,2.247749269008636475e-01,1.640287280082702637e+00,-1.057671785354614258e+00,7.382136583328247070e-01,1.716251850128173828e+00,-4.162034094333648682e-01,-1.000000000000000000e+00,-1.000000000000000000e+00,-1.000000000000000000e+00,-1.000000000000000000e+00,-1.000000000000000000e+00,-1.000000000000000000e+00,-1.000000000000000000e+00,-1.000000000000000000e+00,-1.000000000000000000e+00,-1.000000000000000000e+00,-1.000000000000000000e+00,-1.000000000000000000e+00,-1.000000000000000000e+00,-1.000000000000000000e+00,-1.000000000000000000e+00,-1.000000000000000000e+00,-1.000000000000000000e+00,-1.000000000000000000e+00,-1.000000000000000000e+00,-1.000000000000000000e+00,-1.000000000000000000e+00,-1.000000000000000000e+00,-1.000000000000000000e+00,-1.000000000000000000e+00,-1.000000000000000000e+00,-1.000000000000000000e+00,-1.000000000000000000e+00,-1.000000000000000000e+00,-1.000000000000000000e+00,-1.000000000000000000e+00,-1.000000000000000000e+00,-1.000000000000000000e+00,-1.000000000000000000e+00,-1.000000000000000000e+00,-1.000000000000000000e+00,-1.000000000000000000e+00,-1.000000000000000000e+00,-1.000000000000000000e+00,-1.000000000000000000e+00,-1.000000000000000000e+00,-1.000000000000000000e+00,-1.000000000000000000e+00,-1.000000000000000000e+00,-1.000000000000000000e+00,-1.000000000000000000e+00,-1.000000000000000000e+00,-1.000000000000000000e+00,-1.000000000000000000e+00,-1.000000000000000000e+00,-1.000000000000000000e+00,-1.000000000000000000e+00,-1.000000000000000000e+00,-1.000000000000000000e+00,-1.000000000000000000e+00,-1.000000000000000000e+00,-1.000000000000000000e+00,-1.000000000000000000e+00,-1.000000000000000000e+00,-1.000000000000000000e+00,-1.000000000000000000e+00,-1.000000000000000000e+00,-1.000000000000000000e+00,-1.000000000000000000e+00,-1.000000000000000000e+00,-1.000000000000000000e+00,-1.000000000000000000e+00,-1.000000000000000000e+00,-1.000000000000000000e+00,-1.000000000000000000e+00,-1.000000000000000000e+00,-1.000000000000000000e+00,-1.000000000000000000e+00,-1.000000000000000000e+00,-1.000000000000000000e+00,-1.000000000000000000e+00,-1.000000000000000000e+00,-1.000000000000000000e+00,-1.000000000000000000e+00,-1.000000000000000000e+00,-1.000000000000000000e+00,-1.000000000000000000e+00,-1.000000000000000000e+00,-1.000000000000000000e+00,-1.000000000000000000e+00,-1.000000000000000000e+00,-1.000000000000000000e+00,-1.000000000000000000e+00,-1.000000000000000000e+00,-1.000000000000000000e+00,-1.000000000000000000e+00,-1.000000000000000000e+00,-1.000000000000000000e+00,-1.000000000000000000e+00,-1.000000000000000000e+00,-1.000000000000000000e+00,-1.000000000000000000e+00,-1.000000000000000000e+00,-1.000000000000000000e+00,-1.000000000000000000e+00,-1.000000000000000000e+00,-1.000000000000000000e+00,-1.000000000000000000e+00,-1.000000000000000000e+00,-1.000000000000000000e+00,-1.000000000000000000e+00,-1.000000000000000000e+00,-1.000000000000000000e+00,-1.000000000000000000e+00,-1.000000000000000000e+00,-1.000000000000000000e+00,-1.000000000000000000e+00,-1.000000000000000000e+00,-1.000000000000000000e+00,-1.000000000000000000e+00,-1.000000000000000000e+00,-1.000000000000000000e+00,-1.000000000000000000e+00,-1.000000000000000000e+00,-1.000000000000000000e+00,-1.000000000000000000e+00,-1.000000000000000000e+00,-1.000000000000000000e+00,-1.000000000000000000e+00,-1.000000000000000000e+00,-1.000000000000000000e+00,-1.000000000000000000e+00
1.740575547552000000e+12,5.113742947578430176e-01,6.290178298950195312e-01,-9.046252965927124023e-01,2.987317740917205811e-01,9.861956834793090820e-01,-2.464636266231536865e-01,6.824587583541870117e-01,9.687764644622802734e-01,-2.019441425800323486e-01,2.414508610963821411e-01,1.413748145103454590e+00,-4.741606116294860840e-01,7.484280467033386230e-01,1.369682908058166504e+00,-2.714262902736663818e-01,2.206925153732299805e-01,1.594314455986022949e+00,-1.049642801284790039e+00,7.350803613662719727e-01,1.588161349296569824e+00,-7.024818062782287598e-01,-1.000000000000000000e+00,-1.000000000000000000e+00,-1.000000000000000000e+00,-1.000000000000000000e+00,-1.000000000000000000e+00,-1.000000000000000000e+00,-1.000000000000000000e+00,-1.000000000000000000e+00,-1.000000000000000000e+00,-1.000000000000000000e+00,-1.000000000000000000e+00,-1.000000000000000000e+00,-1.000000000000000000e+00,-1.000000000000000000e+00,-1.000000000000000000e+00,-1.000000000000000000e+00,-1.000000000000000000e+00,-1.000000000000000000e+00,-1.000000000000000000e+00,-1.000000000000000000e+00,-1.000000000000000000e+00,-1.000000000000000000e+00,-1.000000000000000000e+00,-1.000000000000000000e+00,-1.000000000000000000e+00,-1.000000000000000000e+00,-1.000000000000000000e+00,-1.000000000000000000e+00,-1.000000000000000000e+00,-1.000000000000000000e+00,-1.000000000000000000e+00,-1.000000000000000000e+00,-1.000000000000000000e+00,-1.000000000000000000e+00,-1.000000000000000000e+00,-1.000000000000000000e+00,-1.000000000000000000e+00,-1.000000000000000000e+00,-1.000000000000000000e+00,-1.000000000000000000e+00,-1.000000000000000000e+00,-1.000000000000000000e+00,-1.000000000000000000e+00,-1.000000000000000000e+00,-1.000000000000000000e+00,-1.000000000000000000e+00,-1.000000000000000000e+00,-1.000000000000000000e+00,-1.000000000000000000e+00,-1.000000000000000000e+00,-1.000000000000000000e+00,-1.000000000000000000e+00,-1.000000000000000000e+00,-1.000000000000000000e+00,-1.000000000000000000e+00,-1.000000000000000000e+00,-1.000000000000000000e+00,-1.000000000000000000e+00,-1.000000000000000000e+00,-1.000000000000000000e+00,-1.000000000000000000e+00,-1.000000000000000000e+00,-1.000000000000000000e+00,-1.000000000000000000e+00,-1.000000000000000000e+00,-1.000000000000000000e+00,-1.000000000000000000e+00,-1.000000000000000000e+00,-1.000000000000000000e+00,-1.000000000000000000e+00,-1.000000000000000000e+00,-1.000000000000000000e+00,-1.000000000000000000e+00,-1.000000000000000000e+00,-1.000000000000000000e+00,-1.000000000000000000e+00,-1.000000000000000000e+00,-1.000000000000000000e+00,-1.000000000000000000e+00,-1.000000000000000000e+00,-1.000000000000000000e+00,-1.000000000000000000e+00,-1.000000000000000000e+00,-1.000000000000000000e+00,-1.000000000000000000e+00,-1.000000000000000000e+00,-1.000000000000000000e+00,-1.000000000000000000e+00,-1.000000000000000000e+00,-1.000000000000000000e+00,-1.000000000000000000e+00,-1.000000000000000000e+00,-1.000000000000000000e+00,-1.000000000000000000e+00,-1.000000000000000000e+00,-1.000000000000000000e+00,-1.000000000000000000e+00,-1.000000000000000000e+00,-1.000000000000000000e+00,-1.000000000000000000e+00,-1.000000000000000000e+00,-1.000000000000000000e+00,-1.000000000000000000e+00,-1.000000000000000000e+00,-1.000000000000000000e+00,-1.000000000000000000e+00,-1.000000000000000000e+00,-1.000000000000000000e+00,-1.000000000000000000e+00,-1.000000000000000000e+00,-1.000000000000000000e+00,-1.000000000000000000e+00,-1.000000000000000000e+00,-1.000000000000000000e+00,-1.000000000000000000e+00,-1.000000000000000000e+00,-1.000000000000000000e+00,-1.000000000000000000e+00,-1.000000000000000000e+00,-1.000000000000000000e+00,-1.000000000000000000e+00,-1.000000000000000000e+00,-1.000000000000000000e+00,-1.000000000000000000e+00,-1.000000000000000000e+00,-1.000000000000000000e+00
