word,video_url
A,A.mp4
A (tohåndsalfabet),A-2.mp4
a-tak (byggfag),a-tak.mp4
a-takstol (byggfag) 1,a-takstol-1.mp4
a-takstol (byggfag) 2,a-takstol-2.mp4
abdisere 1,abdisere-1.mp4
abdisere 2,abdisere-2.mp4
abonnere,abonnere.mp4
abort,abort.mp4
Abraham (bibelsk person),abraham-bibelsk-person.mp4
absolutt 1,absolutt-1.mp4
absolutt 2,absolutt-2.mp4
abstinens,abstinens.mp4
abstrakt,abstrakt.mp4
actionkamera,actionkamera.mp4
addisjon,addisjon.mp4
adel,adel.mp4
adferd/atferd,adferd-atferd.mp4
adgang,adgang.mp4
ADHD,adhd.mp4
adjektiv,adjektiv.mp4
administrasjon,administrasjon.mp4
administrere,administrere.mp4
Adobe After Effects (programvare),adobe-after-effects.mp4
Adobe Illustrator (programvare) 1,adobe-illustrator-1.mp4
Adobe Illustrator (programvare) 2,adobe-illustrator-2.mp4
Adobe InDesign (programvare) 1,adobe-indesign-1.mp4
Adobe InDesign (programvare) 2,adobe-indesign-2.mp4
Adobe Photoshop (programvare),adobe-photoshop.mp4
Adobe Premiere (programvare),adobe-premiere.mp4
adopsjon,adopsjon.mp4
adresse,adresse.mp4
advare,advare.mp4
advarsel,advarsel.mp4
advent,advent.mp4
adventister,adventister.mp4
adventskalender,adventskalender.mp4
adverb,adverb.mp4
advokat,advokat.mp4
advokatfullmektig,advokatfullmektig.mp4
Afghanistan 1,afghanistan-1.mp4
Afghanistan 2,afghanistan-2.mp4
Afrika 1,afrika-1.mp4
Afrika 2,afrika-2.mp4
Afrika 3,afrika-3.mp4
aften,aften.mp4
Aftenposten,aftenposten.mp4
aftensmat,aftensmat.mp4
aggresjon 1,aggresjon-1.mp4
aggresjon 2,aggresjon-2.mp4
agility,agility-1.mp4
agnostiker,agnostiker.mp4
agurk 1,agurk.mp4
agurk 2,agurk-2.mp4
aha,aha.mp4
akademi,akademi.mp4
ake,ake.mp4
akebrett,akebrett.mp4
Akershus,akershus.mp4
akevitt,akevitt.mp4
akkaplate,akkaplate.mp4
akkord,akkord.mp4
akkreditering,akkreditering.mp4
akkurat,akkurat.mp4
akse 1,akse-1.mp4
akse 2,akse-2.mp4
aksel,aksel.mp4
akseptere 1,akseptere-1.mp4
akseptere 2,akseptere-2.mp4
aksje,aksje.mp4
aksjeselskap,aksjeselskap.mp4
aksjon,aksjon.mp4
akson (nervecelle),akson-nervecelle.mp4
akt (teater),akt-teater.mp4
aktfotografering,aktfotografering.mp4
aktiv,aktiv.mp4
aktiva,aktiva.mp4
aktivisere,aktivisere.mp4
aktivitet,aktivitet.mp4
aktor 1,aktor.mp4
aktor 2,aktor-2.mp4
aktsom 1,aktsom-1.mp4
aktsom 2,aktsom-2.mp4
aktuell/-e,aktuell-e.mp4
akupunktur,akupunktur.mp4
akutt 1,akutt.mp4
akutt 2,akutt-2.mp4
alarm,alarm.mp4
Albania,albania.mp4
albino,albino.mp4
album,album.mp4
alder,alder.mp4
aldershjem,aldershjem.mp4
aldri 1,aldri.mp4
aldri 2,aldri-2.mp4
Aleksander,aleksander.mp4
alene,alene.mp4
Alf,alf.mp4
alfabet,alfabet.mp4
alge,alge.mp4
Algerie,algerie.mp4
alkohol,alkohol.mp4
alkoholfri,alkoholfri.mp4
all events (bowling),all-events-bowling.mp4
Allah,allah.mp4
alle,alle.mp4
alle sammen,alle-sammen.mp4
allehelgensdag,allehelgensdag.mp4
allel (gen),allel.mp4
allerede,allerede.mp4
allergi,allergi.mp4
allmennfag,allmennfag.mp4
allround (skøyting),allround-skoeyting.mp4
alltid,alltid.mp4
almanakk,almanakk.mp4
alminnelig,alminnelig.mp4
alpint,alpint.mp4
alt,alt.mp4
Alta,alta.mp4
altan,altan.mp4
alternativ 1,alternativ.mp4
alternativ 2,alternativ-2.mp4
altså 1,altsaa-1.mp4
altså 2,altsaa-2.mp4
aluminium,aluminium.mp4
alvorlig,alvorlig.mp4
amatør,amatoer.mp4
ambassadør,ambassadoer.mp4
ambisjon,ambisjon.mp4
ambivalent,ambivalent.mp4
ambulanse 1,ambulanse.mp4
ambulanse 2,ambulanse-2.mp4
ambulanse 3,ambulanse-3.mp4
amen,amen.mp4
americano (kaffedrikk),americano.mp4
Amerika 1,amerika-1.mp4
Amerika 2,amerika-2.mp4
amerikaner,amerikaner.mp4
amerikansk,amerikansk.mp4
amfetamin,amfetamin.mp4
amme,amme.mp4
ampere 1,ampere.mp4
ampere 2,ampere-2.mp4
amputere,amputere.mp4
Amsterdam,amsterdam.mp4
analog,analog-2.mp4
analyse,analyse.mp4
ananas 1,ananas.mp4
ananas 2,ananas-2.mp4
ananas 3,ananas-3.mp4
anatomi,anatomi.mp4
ANB (Avisenes Nyhetsbyrå),ANB.mp4
anbefale,anbefale.mp4
anbud,anbud-2.mp4
and,and.mp4
and går,and-gaar.mp4
and svømmer,and-svoemmer.mp4
andakt,andakt.mp4
Andebu,Andebu.mp4
andel,andel.mp4
Anders,anders.mp4
andpusten,andpusten.mp4
andre,andre.mp4
andre: for det andre 1,andre-for-det-andre-1.mp4
andre: for det andre 2,andre-for-det-andre-2.mp4
Andreas 1,andreas.mp4
Andreas 2,andreas-2.mp4
Andreas Christian Møller,andreas-christian-moeller.mp4
Android (operativsystem),android.mp4
anelse,anelse.mp4
anestesisykepleier,anestesisykepleier.mp4
anfall,anfall.mp4
angre,angre.mp4
angrep,angrep.mp4
angripe 1,angripe.mp4
angripe 2,angripe-2.mp4
angst 1,angst.mp4
angst 2,angst-2.mp4
angstanfall,angstanfall.mp4
animasjon 1,animasjon-1.mp4
animasjon 2,animasjon-2.mp4
animatør,animatoer.mp4
anke,anke.mp4
ankelforstuing,vrikke-over-1.mp4
anker,anker.mp4
ankeutvalg,ankeutvalg.mp4
anmelde 1,anmelde.mp4
anmelde 2,anmelde-2.mp4
anmeldelse 1,anmeldelse.mp4
anmeldelse 2,anmeldelse-2.mp4
Anne 1,anne-3.mp4
Anne 2,anne-1.mp4
Anne 3,anne-2.mp4
Anne-Kari,anne-kari.mp4
annen/annet,annen-annet.mp4
annerledes,annerledes.mp4
annonse 1,annonse-1.mp4
annonse 2,annonse-2.mp4
anonym 1,anonym.mp4
anonym 2,anonym-2.mp4
anonym 3,anonym-3.mp4
anorakk,anorakk.mp4
anoreksi,anoreksi.mp4
ansats (bowling),ansats-bowling.mp4
ansatt,ansatt.mp4
ansatte,ansatte.mp4
ansette,ansette.mp4
ansikt,ansikt.mp4
anstendig,anstendig.mp4
anstrengelsesastma,angstrengelsesastma.mp4
ansvar,ansvar.mp4
ansvarlig,ansvarlig.mp4
antall,antall.mp4
antenne,antenne.mp4
antenne (tenne på),antenne-2.mp4
antibac 1,antibac-1.mp4
antibac 2,antibac-2.mp4
antibiotika,antibiotika.mp4
antidepressiva,antidepressiva.mp4
antikken,antikken.mp4
antimaterie,antimaterie.mp4
antisemittisme,antisemittisme.mp4
antistoff,antistoff.mp4
antyde,antyde.mp4
ape 1,ape-1.mp4
ape 2,ape-2.mp4
ape 3,ape-3.mp4
ape: profil,ape-profil.mp4
apokryfe,apokryfer.mp4
Apollo (romfartøy),apollo.mp4
apostel 1,apostel-1.mp4
apostel 2,apostel-2.mp4
apostel 3,apostel.mp4
apotek,apotek.mp4
app (applikasjon) 1,app.mp4
app (applikasjon) 2,app-2.mp4
apparat 1,apparat-1.mp4
apparat 2,apparat-2.mp4
appelsin,appelsin.mp4
appelsinjuice,appelsinjuice.mp4
appetitt,appetitt.mp4
applaus,applaus.mp4
april,april.mp4
Arabia,arabia.mp4
arabisk 1,arabisk-1.mp4
arabisk 2,arabisk-2.mp4
arabisk 3,arabisk-3.mp4
arbeid,arbeid.mp4
arbeide,arbeide.mp4
Arbeiderpartiet,arbeidspartiet.mp4
arbeidsavklaringspenger,arbeidsavklaringspenger.mp4
arbeidsgiver,arbeidsgiver.mp4
arbeidsklær,arbeidsklaer.mp4
arbeidsledig,arbeidsledig.mp4
arbeidsoppgave,arbeidsoppgave.mp4
arbeidsordre,arbeidsordre.mp4
arbeidsplass,arbeidsplass.mp4
areal,areal.mp4
Arendal,arendal.mp4
Argentina 1,argentina-1.mp4
Argentina 2,argentina-2.mp4
argument 1,argument.mp4
argument 2,argument-2.mp4
argumentere,argumentere.mp4
Arild,arild.mp4
Aristoteles (filosof),aristoteles.mp4
ark (kvist),ark.mp4
ark (papirark),ark-papirark.mp4
arkeologi,arkeologi.mp4
arkitekt 1,arkitekt-1.mp4
arkitekt 2,arkitekt-2.mp4
arkiv,arkiv.mp4
arm,arm.mp4
armbånd,armbaand.mp4
armbåndsur,armbaandsur.mp4
Arne,arne.mp4
arr,arr.mp4
arrangere 1,arrangere-1.mp4
arrangere 2,arrangere-2.mp4
arrangør,arrangoer.mp4
arrest,arrest.mp4
arrestere,arrestere.mp4
arrogant,arrrogant.mp4
artikkel,artikkel.mp4
artikulasjon,artikulasjon.mp4
artilleri,artilleri.mp4
arv,arv.mp4
arvelig,arvelig.mp4
arvemateriale,arvemateriale.mp4
arverett,arverett.mp4
Asbjørn,asbjorn.mp4
asfalt 1,asfalt.mp4
asfalt 2,asfalt-1.mp4
asfalt 3,asfalt-3.mp4
asfaltplate,asfaltplate-2.mp4
Asia 1,asia-1.mp4
Asia 2,asia-2.mp4
asjett,asjett.mp4
ask (planteslekt),ask.mp4
aske,aske.mp4
Askeladden,askeladden.mp4
Askepott,askepott.mp4
ASL (american sign language),asl-americansignlanguage.mp4
asparges,asparges.mp4
assistent,assistent.mp4
assistere,assistere.mp4
assuranse (forsikring),assuranse-forsikring.mp4
asteroide,asteroide.mp4
astma,astma.mp4
astmaanfall,astmaanfall.mp4
Astrid 1,astrid.mp4
Astrid 2,astrid-2.mp4
astrologi,astrologi.mp4
astronaut,astronaut.mp4
at,at.mp4
ateist,ateist.mp4
Athen,athen.mp4
atmosfære,atmosfaeren.mp4
atmosfære (stemning),atmosfaere-2.mp4
atom 1,atom-1.mp4
atom 2,atom-2.mp4
atom 3,atom.mp4
atom 4,atom-4.mp4
atom 5,atom-5.mp4
atom 6,atom-6.mp4
atombombe,atombombe.mp4
atomkraft,atomkraft.mp4
attest 1,attest-1.mp4
attest 2,attest-2.mp4
attest 3,attest-3.mp4
attføring,attfoering.mp4
au (vondt i øret),au-vondt-i-oeret.mp4
aubergine,aubergin.mp4
Aud,aud.mp4
Audi 1,audi-1.mp4
Audi 2,audi-2.mp4
audiograf,audiograf.mp4
audiogram,audiogram.mp4
audiologi,audiologi.mp4
audiopedagog,audiopedagog.mp4
audisme,audisme.mp4
august,august.mp4
auksjon,auksjon.mp4
Aust-Agder,aust-agder.mp4
Australia 1,australia-1.mp4
Australia 2,australia-2.mp4
Australia 3,australia-3.mp4
autisme,autisme.mp4
automat 1,automat-1.mp4
automat 2,automat-2.mp4
automatgir,automat-gir.mp4
automatisk 1,automatisk-2.mp4
automatisk 2,automatisk.mp4
autoritet,autoritet.mp4
"av (slå av, f.eks. høreapparat)",av-slaa-av-feks-hoereapparat.mp4
avanse (fortjeneste),avanse-fortjeneste.mp4
avatar (hinduismen) 1,avatar-hinduismen-1.mp4
avatar (hinduismen) 2,avatar-hinduismen-2.mp4
avbalansering (dekk),avbalansering-dekk.mp4
avbestille/-ing 1,avbestille-ing-1.mp4
avbestille/-ing 2,avbestille-ing-2.mp4
avbetaling,avbetaling.mp4
avbitertang (verktøy) 1,avbitertang-1.mp4
avbitertang (verktøy) 2,avbitertang-2.mp4
avbitertang (verktøy) 3,avbitertang-3.mp4
avbryte,avbryte.mp4
avdeling 1,avdeling-1.mp4
avdeling 2,avdeling-2.mp4
avdeling 3,avdeling-3.mp4
avdrag,avdrag.mp4
avføring,avfoering.mp4
avgangselever,avgangselever.mp4
avgift,avgift.mp4
avgjøre,avgjoere.mp4
avgjørelse,avgjoerelse.mp4
avhandling,avhandling.mp4
avhengig,avhengig.mp4
avhengig personlighetsforstyrrelse,avhengig-personlighetsforstyrrelse.mp4
avhør 1,avhoer-1.mp4
avhør 2,avhoer-2.mp4
avhøre/-ing 1,avhoere-ing-1.mp4
avhøre/-ing 2,avhoere-ing-2.mp4
avis,avis.mp4
avkom,avkom.mp4
avlat,avlat.mp4
avlyst,avlyst.mp4
avokado 1,avokado-1.mp4
avokado 2,avokado-2.mp4
avrunde,avrunde.mp4
avskjedige/-lse,avskjedige-lse.mp4
avsky/-elig,avsky-elig.mp4
avslå,avslaa.mp4
avslag,avslag.mp4
avslappende 1,avslappende-1.mp4
avslappende 2,avslappende-2.mp4
avsløre 1,avsloere-1.mp4
avsløre 2,avsloere-2.mp4
avslutning,avslutning.mp4
avsnitt 1,avsnitt-1.mp4
avsnitt 2,avsnitt-2.mp4
avstand 1,avstand-1.mp4
avstand 2,avstand-2.mp4
avstand 3,avstand-3.mp4
avsted,avsted.mp4
avstemning,avstemning.mp4
avsug 1,avsug-2.mp4
avsug 2,avsug-3.mp4
avtale,avtale.mp4
avverge,avverge.mp4
avvik 1,avvik.mp4
avvik 2,avvik-2.mp4
avvise,avvise.mp4
aya (vers i koranen),aya-vers-koranen-1.mp4
B,B.mp4
B (tohåndsalfabetet) 1,B-2.mp4
B (tohåndsalfabetet) 2,B-2-2.mp4
baby,baby.mp4
bachelor,bachelor.mp4
back,back.mp4
backendutvikler,backendutvikler.mp4
backhand,backhand.mp4
bacon,bacon.mp4
bad (baderom),bad.mp4
bad 2,bad-2.mp4
bade,bade.mp4
både 1,baade-1.mp4
både 2,baade-2.mp4
badeball,badeball.mp4
badebukse,badebukse.mp4
badedrakt 1,badedrakt-1.mp4
badedrakt 2,badedrakt-2.mp4
badedyr,badedyr.mp4
badehette,badehette.mp4
badekar,badekar.mp4
badering,badering.mp4
badestrand,badestrand.mp4
badetøy,badetoey.mp4
badminton,badminton.mp4
badstu 1,badstu.mp4
badstu 2,badstu-2.mp4
bagasje,bagasje.mp4
bajonettsag (verktøy) 1,bajonettsag-1.mp4
bajonettsag (verktøy) 2,bajonettsag-2.mp4
bajonettsag (verktøy) 3,bajonettsag-4.mp4
bak (bakom) 1,bak-bakom-1.mp4
bak (bakom) 2,bak-bakom-2.mp4
bak (etter),bak-etter.mp4
bak: gå bak,bak-gaa-bak.mp4
bakaksel,bakaksel.mp4
bake,bake.mp4
bakepulver,bakepulver.mp4
baker,baker.mp4
bakers system (bowling),bakers-system.mp4
bakgrunn,bakgrunn.mp4
bakhjulsdrift,bakhjulsdrift.mp4
bakke,bakke.mp4
bakkerekord,bakkerekord.mp4
baklinje,baklinje.mp4
baklys,baklys.mp4
bakterie 1,bakterie.mp4
bakterie 2,bakterie-2.mp4
bål 1,baal-1.mp4
bål 2,baal-2.mp4
bål 3,baal-3.mp4
balalaika,balalaika.mp4
balanse (balanseorgan),balanse-1.mp4
balanse (likevekt),balanse-2.mp4
balanse/-re,balanse-3.mp4
balje,balje.mp4
balkong,balkong.mp4
ball (kaste b-),kaste-ball.mp4
ball (stor),ball-stor.mp4
ballett,ballett.mp4
ballong,ballong.mp4
balsamere,balsamere.mp4
bamse 1,bamse-1.mp4
bamse 2,bamse-2.mp4
banan 1,banan.mp4
banan 2,banan-3.mp4
bånd (kobbel),baand.mp4
bånd (limbånd o.l.),baand-limbaand-ol.mp4
bandasje,bandasje.mp4
banditt,banditt.mp4
båndsliper 1,baandslipe-1.mp4
båndsliper 2,baandslipe-2.mp4
bane,bane.mp4
bane (kjemi),bane-kjemi.mp4
Bangkok 1,bangkok-1.mp4
Bangkok 2,bangkok-2.mp4
Bangladesh 1,bangladesh-3.mp4
Bangladesh 2,bangladesh-2.mp4
Bangladesh 3,Bangladesh.mp4
bank,bank.mp4
bank (juling),bank-juling.mp4
banke 1,banke-1.mp4
banke 2,banke-2.mp4
bankkort,bankkort.mp4
bankraner,bankraner.mp4
banne,banne.mp4
banner (IKT),banner-ikt.mp4
baptist,baptist-2.mp4
bar (utested),bar-utested-2.mp4
bar 1,bar-utested-1.mp4
Bar Mitsva (jødedom),bar-mitsva.mp4
barberblad,barberblad.mp4
barbere,barbere.mp4
barberhøvel,barberhoevel.mp4
barbermaskin,barbermaskin.mp4
Bård,baard.mp4
bare,bare.mp4
bark 1,bark-1.mp4
bark 2,bark-2.mp4
barmhjertig,barmhjertig.mp4
barn,barn.mp4
barn (spedbarn),barn-spedbarn.mp4
barn: flere barn,barn-flere-barn.mp4
barnebarn,barnebarn.mp4
barnedåp,barnedaap.mp4
barnefilm,barnefilm.mp4
barnefordeling,barnefordeling.mp4
barnehage 1,barnehage.mp4
barnehage 2,barnehage-2.mp4
barnehagebarn,barnehagebarn.mp4
barnerom,barnerom.mp4
barnevakt (person),barnevakt-person.mp4
barnevern,barnevern.mp4
barnevernspedagog,barnevernspedagog.mp4
barnevogn,barnevogn.mp4
barnslig,barnslig.mp4
barometer,barometer.mp4
bart,bart.mp4
bart: stor mustasje,bart-stor-mustasje.mp4
bås,baas.mp4
base,base.mp4
base (grunnlag),base-2.mp4
base (kjemi),base-2.mp4
basepar,basepar.mp4
basert på,basert-paa.mp4
basis,basis.mp4
basketball 1,basketball-1.mp4
basketball 2,basketball-2.mp4
båt,baat.mp4
Batman,batman.mp4
batterdrill (verktøy),batteridrill.mp4
batteri,batteri.mp4
båtvelt,baatvelt.mp4
baufil (elektrisk) 1,baufil-1.mp4
baufil 2,baufil.mp4
bauta,bauta.mp4
bær,baer.mp4
bærbar-PC,baerbar-pc.mp4
bære (bære fram),baere-baere-fram.mp4
bære (fane o.l.),baere-fane-ol.mp4
bære (koffert o.l.),baere-koffert-ol.mp4
bære (sekk) 1,baere-sekk-1.mp4
bære (sekk) 2,baere-sekk-2.mp4
bærebjelke,baerebjelke.mp4
bærekraftig,baerekraftig.mp4
bærevegg,baerevegg.mp4
Bærum,baerum.mp4
bæsj,baersj.mp4
be (islam) 1,be-islam-2.mp4
be (islam) 2,be-islam-1.mp4
be 1,be-1.mp4
be 2,be-2.mp4
bearbeide,bearbeide.mp4
Beate,beate.mp4
beboer,beboer.mp4
bedøvelse (narkose),bedoevelse-1-narkose.mp4
bedøvelse (sprøyte) 1,bedovelse-sproyte.mp4
bedøvelse (sprøyte) 2,bedovelse-sproyte-3.mp4
bedøvelse (tannlege),bedoevelse-tannlege.mp4
bedra,bedra.mp4
bedre,bedre.mp4
bedre og bedre,bedre-og-bedre.mp4
bedrift,bedrift.mp4
bedrøvet 1,bedroevet-1.mp4
bedrøvet 2,bedroevet-2.mp4
befale,befale.mp4
befrielse,befrielse.mp4
begeistret 1,begeistret.mp4
begeistret 2,begeistret-2.mp4
beger,beger.mp4
begge,begge.mp4
begivenhet,begivenhet.mp4
begjær,begjaer.mp4
begrave/-lse,begrave-lse.mp4
begrenset,begrenset.mp4
begrep 1,begrep.mp4
begrep 2,begrep-2.mp4
begrunn,begrunn.mp4
begrunne/begrunnelse,begrunne-begrunnelse.mp4
begynne/-lse,begynne-lse.mp4
behagelig,behagelig.mp4
behandle/-ing,behandle-ing.mp4
behandlingsapparat,behandlingsapparat.mp4
behandlingsutøver,behandlingsutover.mp4
beholde,beholde.mp4
behov,behov.mp4
behovspyramide (Maslow),behovspyramide-maslow.mp4
Beijing,beijing-.mp4
bein (hunde b-),bein.mp4
bein (knokkel),bein-2.mp4
bein (kroppsdel),bein-3.mp4
beinbrudd,beinbrudd.mp4
beinbygning,beinbygning.mp4
Beirut,beirut.mp4
bekk,bekk.mp4
bekken (vannlatingskar),bekken-vannlatingskar.mp4
beklage 1,beklage-1.mp4
beklage 2,beklage-2.mp4
bekreftelse,bekreftelse.mp4
bekymret,bekymret.mp4
bekymring,bekymring.mp4
belastning,belastning.mp4
belegg,belegg.mp4
Belgia 1,belgia-1.mp4
Belgia 2,belgia-2.mp4
belønne/-ing,beloenne-ing.mp4
beløp,beloep.mp4
belte,belte.mp4
belysning,belysning.mp4
ben (kroppsdel),bein-3.mp4
benekte,benekte.mp4
benk,benk.mp4
bensin,bensin.mp4
bensinstasjon,bensinstasjon.mp4
Bente 1,bente.mp4
Bente 2,bente-2.mp4
benytte,benytte.mp4
beregne,beregne.mp4
beretning,beretning.mp4
berg,berg.mp4
Bergen,Bergen.mp4
Berit,berit.mp4
Berlin,berlin.mp4
berømt,beroemt.mp4
beruset 1,beruset-1.mp4
beruset 2,beruset-2.mp4
beskjed 1,beskjed-1.mp4
beskjed 2,beskjed-2.mp4
beskjeden (sjenert),beskjeden-sjenert.mp4
beskjeden (tilbakeholden),beskjeden-tilbakeholden.mp4
beskylde,beskylde.mp4
beskytte,beskytte.mp4
beslutte 1,beslutte.mp4
beslutte 2,bestemt-beslutte.mp4
besøke,besoeke-1.mp4
besøke (hos andre),besoeke.mp4
besøke (hos meg),besoeke-2.mp4
besøksforbud,besoeksforbud.mp4
best 1,best.mp4
best 2,best-2.mp4
best: aller best,best-aller-best.mp4
bestå,bestaa.mp4
beste,beste.mp4
beste spiller,beste-spiller.mp4
bestefar,bestefar.mp4
bestefar 2,bestefar-2.mp4
besteforeldre,besteforeldre.mp4
bestemme 1,bestemme-1.mp4
bestemme 2,bestemme-2.mp4
bestemor 1,bestemor-1.mp4
bestemor 2,bestemor-2.mp4
bestemt 1,bestemt.mp4
bestemt 2,bestemt-beslutte.mp4
bestikk 1,bestikk.mp4
bestikk 2,bestikk-2.mp4
bestille 1,bestille.mp4
bestille 2,bestille-2.mp4
besvime 1,besvime-1.mp4
besvime 2,besvime-2.mp4
besvime 3,besvime-lse.mp4
besvime 4,besvime-4.mp4
betale 1,betale-1.mp4
betale 2,betale-2.mp4
betegnelse,betegnelse.mp4
betennelse 1,betennelse.mp4
betennelse 2,betennelse-2.mp4
betinget,betinget.mp4
Betlehem,betlehem.mp4
betong,betong.mp4
bety/-dning,bety-dning.mp4
beundre 1,beundre-1.mp4
beundre 2,beundre-2.mp4
bevare,bevare.mp4
bevare 2,bevare-2.mp4
bevege 1,bevege-1.mp4
bevege 2,bevege-2.mp4
bevegelse,bevegelse.mp4
bevegelseshemmet,bevegelseshemmet.mp4
bever 1,bever-1.mp4
bever 2,bever-2.mp4
bevilge/-ning,bevilge-ning.mp4
bevilgning,bevilgning.mp4
bevis 1,bevis.mp4
bevis 2,bevis-2.mp4
bevisst/-het,bevisst-het.mp4
bevisstløs 1,bevisstloes.mp4
bevisstløs 2,bevisstlos-2.mp4
Bibel,bibel.mp4
bibliotek 1,bibliotek-1.mp4
bibliotek 2,bibliotek-2.mp4
bidra,bidra.mp4
bidrag,bidrag.mp4
bie,bie.mp4
biff,biff.mp4
bifil/bifili,bifil-bifili.mp4
bigami,bigami.mp4
bihulebetennelse,bihulebetennelse.mp4
bikini,bikini.mp4
bil 1,bil-1.mp4
bil 2,bil-2.mp4
bilag,bilag.mp4
bilbatteri 1,bilbatteri-1.mp4
bilbatteri 2,bilbatteri-2.mp4
bilbelte,bilbelte.mp4
bilde (å ta b-),fotografere-2.mp4
bilde 1,bilde-fotografi.mp4
bilde 2,bilde-paa-veggen.mp4
bilde 3,bilde.mp4
bildekomposisjon,bildekomposisjon.mp4
bildemanipulering,bildemanipulering.mp4
bilderedigering,bilderedigering.mp4
bileier 1,bileier.mp4
bileier 2,bileier-2.mp4
biljard,biljard.mp4
billedhogger,billedhogger.mp4
billett 1,billett.mp4
billett 2,billett-2.mp4
billig,billig.mp4
bilmerke,bilmerke.mp4
biloppretter 1,biloppretter-1.mp4
biloppretter 2,biloppretter-2.mp4
bind,bind.mp4
binde 1,binde-1.mp4
binde 2,binde-2.mp4
binders,binders.mp4
bindevev,bindevev.mp4
binding,binding.mp4
bindinger (feks skib-),bindinger.mp4
bindingsverk 1,bindingsverk.mp4
bindingsverk 2,bindingsverk-staaende.mp4
biologi 1,biologi.mp4
biologi 2,biologi-2.mp4
bipolar depresjon,bipolar-depresjon.mp4
bisettelse,bisettelse.mp4
biskop,biskop.mp4
bispedømme,bispedoemme.mp4
bistandsadvokat,bistandsadvokat.mp4
bite,bite.mp4
bite (hoggorm-bitt),bite-hoggorm-bitt.mp4
bitter,bitter.mp4
bjeffe,bjeffe.mp4
bjelke (tak),bjelke-2.mp4
bjelke 1,bjelke.mp4
bjelke 2,bjelke-1.mp4
bjelkelag,bjelkelag-1.mp4
Bjørg,bjorg.mp4
bjørn,bjoern.mp4
Bjørn (navn),bjorn.mp4
blå,blaa-blaatt-1.mp4
blå: veldig blå,blaa-veldig-blaa.mp4
blad,blad.mp4
blad (papir/ark i et vist format),blad-papir-ark-i-et-vist-format.mp4
blad faller,blad-faller.mp4
blåmuggost,blaamuggost.mp4
blande,blande.mp4
blank,blank.mp4
blankett,blankett.mp4
blåse (med munnen),blaase-med-munnen.mp4
blåse (om vind),blaase-om-vind.mp4
blåse: det blåser,blaase-det-blaaser.mp4
blåskjell,blaaskjell.mp4
blåveis (blomst),blaaveis-blomst.mp4
blære 1,blaere-1.mp4
blære 2,blaere-2.mp4
bleie,bleie.mp4
blek,blek.mp4
blekksprut,blekksprut.mp4
blemme,blemme.mp4
blende,blende.mp4
blender (kjøkkenmaskin),blender-2.mp4
blender (optisk instrument),blender.mp4
bli,bli.mp4
bli medlem,bli-medlem.mp4
blid,blid.mp4
blikk (metall) 1,blikk-metall.mp4
blikk (metall) 2,blikk-metall-2.mp4
blikk (syn),blikk-syn.mp4
blikkenslager,blikkenslager.mp4
blikkfang,blikkfang.mp4
blikksaks,blikksaks.mp4
blind 1,blind-1.mp4
blind 2,blind-2.mp4
Blindern 1,blindern-1.mp4
Blindern 2,blindern-2.mp4
blindtarm,blindtarm.mp4
blink,blink.mp4
blinke,blinke.mp4
blod 1,blod-1.mp4
blod 2,blod-2.mp4
blod 3,blod-3.mp4
"blod, størknet",stoerknet-blod.mp4
blodåre 1,blodaare.mp4
blodåre 2,blodaare-2.mp4
blodkar,blodkar.mp4
blodkreft,blodkreft.mp4
blodlegeme,blodlegeme.mp4
blodmangel,blodmangel.mp4
blodprøve 1,blodproeve.mp4
blodprøve 2,blodprove-2.mp4
blodsukker,blodsukker.mp4
blodsukkermåler,blodsukkermaaler.mp4
blodtrykk 1,blodtrykk.mp4
blodtrykk 2,blodtrykk-2.mp4
blodtype,blodtype.mp4
blokk,blokk.mp4
blokk (håndball),blokk-haandball.mp4
blokk (høyblokk),blokk-hoyblokk.mp4
blomkål 1,blomkaal.mp4
blomkål 2,blomkaal-3.mp4
blomst 1,blomst-1.mp4
blomst 2,blomst-2.mp4
blomsterbed,blomsterbed.mp4
"blomstre, flere",blomstre-flere.mp4
blond (hårfarge),blond-haarfarge.mp4
blotte,blotte.mp4
blotting,blotting-2.mp4
blø 1,bloe-1.mp4
blø 2,bloe-2.mp4
blø 3,bloe.mp4
bløt,blot.mp4
bløtkake 1,bloetkake.mp4
bløtkake 2,bloetkake-2.mp4
blunke,blunke.mp4
bluse 1,bluse-1.mp4
bluse 2,bluse-2.mp4
blyant 1,blyant.mp4
blyant 2,blyant-2.mp4
blyant: lang og smal,blyant-lang-og-smal.mp4
blyant: liten,blyant-liten.mp4
blyantspisser 1,blyantspisser-1.mp4
blyantspisser 2,blyantspisser-2.mp4
BMW (bilmerke),bmw.mp4
bo,bo.mp4
boblebukse 1,boblebukse-1.mp4
boblebukse 2,boblebukse-2.mp4
boblejakke 1,boblejakke-1.mp4
boblejakke 2,boblejakke-2.mp4
bobsleigh,bobsleigh.mp4
bod,bod.mp4
Bodø,bodoe.mp4
boikott,boikott.mp4
bok,bok.mp4
bokhylle,bokhylle.mp4
boks (firkantet),boks-firkantet.mp4
boks (rund),boks-rund.mp4
boksåpner,boksaapner.mp4
bokse,bokse.mp4
bokstav,bokstav.mp4
bokstavere,bokstavere.mp4
boktrykker,boktrykker.mp4
bolig,bolig.mp4
bolighus,bolighus.mp4
Bolivia,bolivia.mp4
bolle (kake) 1,bolle-kake-1.mp4
bolle (kake) 2,bolle-kake-2.mp4
bolle (skål),bolle-skaal.mp4
bolt 1,bolt-2.mp4
bolt 2,bolt-3.mp4
bom (på veien),bom-paa-veien.mp4
bombe 1,bombe-1.mp4
bombe 2,bombe-2.mp4
bomull,bomull.mp4
bonde 1,bonde.mp4
bonde 2,bonde-2.mp4
bondegård 1,bondegaard.mp4
bondegård 2,bondegaard-2.mp4
bone,bone.mp4
bongotromme,bongotromme.mp4
bor (verktøy) 1,bor-1.mp4
bor (verktøy) 2,bor-2.mp4
bord,bord.mp4
bord (planke) 1,bord-planke-2.mp4
bord (planke) 2,bord-planker.mp4
bordlampe,bordlampe.mp4
bordpynt,bordpynt.mp4
bordsag,bordsag-2.mp4
bordtennis,bordtennis.mp4
bore,bor-e.mp4
bore (bowling),bore-bowling.mp4
bore (i tann),bore.mp4
boremaskin,boremaskin.mp4
borspiss,borspiss.mp4
bort (ta vekk),bort-ta-vekk.mp4
borte,borte.mp4
borte (der borte),borte-der-borte.mp4
borte 2,borte-2.mp4
bortkast,bortkast.mp4
bortskjemt,bortskjemt.mp4
Bosnia,bosnia.mp4
bot (å betale),bot-aa-betale.mp4
bowling 1,bowling-1.mp4
bowlingbane,bowlingbane.mp4
bowlingbukse,bowlingbukse.mp4
bowlinghall,bowlinghall.mp4
bowlingkule,bowlingkule.mp4
bowlingskjorte,bowlingskjorte.mp4
bowlingsko,bowlingsko.mp4
bowlingveske,bowlingveske.mp4
bøk (planteslekt),boek.mp4
bølger 1,boelger-1.mp4
bølger 2,boelger-2.mp4
bønn,boenn.mp4
bønn (islam),boenn-islam.mp4
bønner,boenner.mp4
bør,boer.mp4
børs,boers.mp4
børste (dyr),boerste-dyr.mp4
børste (generelt),boerste-generelt.mp4
børste (klesbørste),boerste-klesboerste.mp4
børste (tannbørste),boerste-tannboerste.mp4
bøtte,boette.mp4
bøye/-lig,boeye-lig.mp4
bra,bra.mp4
Brahma (gud i hinduismen),brahma-hinduismen.mp4
bråk (støy),braak-stoey.mp4
brann,brann.mp4
brannbil,brannbil.mp4
brannmann,brannmann.mp4
brannsalve,brannsalve.mp4
brannskade,brannskade.mp4
brannskadeavdeling,brannskadeavdeling.mp4
brannstasjon 1,brannstasjon-1.mp4
brannstasjon 2,brannstasjon-2.mp4
brannvarsler,brannvarsler.mp4
Brasil,brasil.mp4
bred/-de,bred-de.mp4
brekke,brekke.mp4
brekkjern (kubein),brekkjern.mp4
brekkpunkt (bowling),brekkpunkt-bowling.mp4
brekninger (oppkast),brekninger-oppkast.mp4
brem: hattebrem,brem-hattebrem.mp4
bremseklosser 1,bremseklosser-1.mp4
bremseklosser 2,bremseklosser-2.mp4
bremsesko,bremsesko.mp4
brenne,brenne.mp4
brennevin,brennevin.mp4
brennkopper 1,brennkopper.mp4
brennkopper 2,brennkopper-2.mp4
brennvidde,brennvidde.mp4
brensel,brensel.mp4
brett 1,brett-1.mp4
brett 2,brett-2.mp4
brev,brev.mp4
brevforbud,brevforbud.mp4
briller 1,briller-1.mp4
briller 2,briller-2.mp4
briller 3,brille.mp4
bringebær 1,bringebaer-1.mp4
bringebær 2,bringebaer-2.mp4
britisk,britisk.mp4
Britt 1,Britt.mp4
Britt 2,britt-2.mp4
bro 1,bro-bru.mp4
brodere 1,brodere-1.mp4
brodere 2,brodere-2.mp4
brokkoli 1,brokkoli.mp4
brokkoli 2,brokolli-2.mp4
brokkoli 3,brokolli-3.mp4
bronco,bronco.mp4
bronkitt,bronkitt.mp4
bronse,bronse.mp4
bror,bror.mp4
brosje,brosje.mp4
brownies (kake),brownies.mp4
brød 1,broed-1.mp4
brød 2,broed-2.mp4
brød 3,broed-3.mp4
brød 4,broed-4.mp4
brødfjøl,broedfjoel.mp4
brødkniv 1,broedkniv.mp4
brødkniv 2,broedkniv-2.mp4
brødrister,broedrister.mp4
brødskive,broedskive.mp4
brødskive: spise brødskive,broedskive-spise-broedskive.mp4
brøk,broek.mp4
brøl (rop),broel-rop.mp4
brønn,broenn.mp4
brøyt 1 (håndball),broeyt-1-haandball.mp4
brøyt 2 (håndball),broeyt-2-haandball.mp4
brøyte (snø),broeyte-snoe.mp4
bru,bru.mp4
brud,brud.mp4
brudd,brudd.mp4
brudekjole,brudekjole.mp4
brudepar,brudepar.mp4
brudgom,brudgom.mp4
bruke,bruke.mp4
brukerstøtte,brukerstotte.mp4
brun,brun.mp4
brune,brune.mp4
brunost 1,brunost.mp4
brunost 2,brunost-2.mp4
brus,brus.mp4
brusk,brusk.mp4
Brussel,brussel.mp4
brutal 1,brutal.mp4
brutal 2,brutal-2.mp4
bry seg ikke om 1,bry-seg-ikke-om-1.mp4
bry seg ikke om 2,bry-seg-ikke-om-2.mp4
brygge (kai),brygge-kai.mp4
bryllup,bryllup.mp4
bryst,bryst.mp4
bryst (kvinnebryst) 1,bryst-kvinnebryst-2.mp4
bryst (kvinnebryst) 2,bryst-kvinnebryst-1.mp4
brystkreft,brystkreft.mp4
bryte,bryte.mp4
bryter (kampsport),bryter-kampsport.mp4
bryting,bryting.mp4
bud,bud.mp4
Budapest,budapest.mp4
Buddha,buddha.mp4
buddhisme 1,buddhisme.mp4
buddhisme 2,buddhisme-2.mp4
buddhist,buddhist.mp4
budsjett 1,budsjett-1.mp4
budsjett 2,budsjett-2.mp4
budsjett 3,budsjett-3.mp4
budskap 1,budskap.mp4
budskap 2,budskap-2.mp4
bue,bue.mp4
bue (pil og bue),bue-pil-og-bue.mp4
buffè,buffe.mp4
buk,buk.mp4
bukett (avskårne blomster),bukett.mp4
Bukkene Bruse,bukkenebruse.mp4
bukse 1,bukse-1.mp4
bukse 2,bukse-2.mp4
bukspyttkjertel,bukspyttkjertel-2.mp4
Bulgaria 1,bulgaria-1.mp4
Bulgaria 2,bulgaria-2.mp4
bulimi,bulimi.mp4
bulk,bulk.mp4
bulker (flertall),bulker.mp4
bunad,bunad.mp4
bunn,bunn.mp4
bunnsvill 1,bunnsvill-1.mp4
bunnsvill 2,bunnsvill-2.mp4
bur,bur.mp4
Burma,burma.mp4
bursdag,bursdag.mp4
bursdagskrone,bursdagskrone.mp4
busk,busk.mp4
buss 1,buss-1.mp4
buss 2,buss-2.mp4
busstopp,busstopp.mp4
butikk,butikk.mp4
butterdeig,butterdeig-1.mp4
by 1,by-1.mp4
by 2,by-2.mp4
Byåsen,byaasen.mp4
bygge,bygge.mp4
bygge opp,bygge-opp-2.mp4
bygge-opp (byggfag),bygge-opp.mp4
byggekloss,byggekloss.mp4
byggmester,byggmester.mp4
byggteknikk,byggteknikkk.mp4
byggverk,byggverk.mp4
byll,byll.mp4
byrå 1,byraa.mp4
byrå 2,byraa-2.mp4
byrå 3,byraa-3.mp4
byråkrati 1,byraakrati-1.mp4
byråkrati 2,byraakrati-2.mp4
byrde,byrde.mp4
byste (statue),byste-statue.mp4
bytte 1,bytte-1.mp4
bytte 2,bytte-2.mp4
bytte 3,bytte-3.mp4
bytte med hverandre,bytte-med-hverandre.mp4
C,C.mp4
C (tohåndsalfabet),C-2.mp4
C 2,c-3.mp4
caffe lattè,cafe-latte.mp4
camping,camping.mp4
campingplass,campingplass.mp4
campingtur,campingtur.mp4
campingvogn 1,campingvogn.mp4
campingvogn 2,campingvogn-2.mp4
Canada 1,canada-1.mp4
Canada 2,canada-2.mp4
Canada 3,Canada.mp4
Canon (foto/video),canon.mp4
cappuccino (kaffedrikk),cappucino.mp4
CD (compact disc),cd-compact-disc.mp4
CD-spiller,cd-spiller.mp4
celle (biologi) 1,celle-1.mp4
celle (biologi) 2,celle-2.mp4
celle (biologi) 3,celle-organisk.mp4
celle (fengsel),celle-fengsel.mp4
celleånding,celleaanding.mp4
cellegift,cellegift.mp4
cellekjerne,cellekjerne-1.mp4
celleoppbygning,celleoppbygning.mp4
cellevæske,cellevaeske.mp4
cellevegg,cellevegg.mp4
cellulose (kjemisk),cellulose-2.mp4
cellulose (organisk),cellulose-1.mp4
centiliter,centiliter.mp4
centimeter,centimeter.mp4
champagne,champagne.mp4
Charlotte,charlotte.mp4
chatte,chatte.mp4
Chile 1,chile-1.mp4
Chile 2,chile-2.mp4
chili,chili.mp4
Christer,christer.mp4
Chrome,chrome.mp4
ci,ci.mp4
cirka 1,cirka-1.mp4
cirka 2,cirka-2.mp4
cirka 3,cirka-3.mp4
Citröen,citroen.mp4
clear,clear.mp4
clutch,clutch-2.mp4
CO2 (karbondioksid),co2-karbondioksid.mp4
cochlea implantat 1,cochlea-implantat-1.mp4
cochlea implantat 2,cochlea-implantat-2.mp4
cocktail,coctail.mp4
CODA (children of deaf adults),coda.mp4
collage,collage.mp4
Colombia,colombia.mp4
Colombo,colombo.mp4
corner,corner.mp4
cortado (kaffedrikk),cortado.mp4
Costa Rica,costa-rica.mp4
coupé,coupe.mp4
couscous,couscous.mp4
cowboy,cowboy.mp4
CP (cerebral parase),cerebral-parase.mp4
creme fraiche,cremefraishe.mp4
croissant,croasant.mp4
cruiseskip,cruiseskip.mp4
CT (røntgen/radiologi),ct-rontgen.mp4
Cuba 1,cuba-1.mp4
Cuba 2,cuba-2.mp4
Cuba 3,cuba-3.mp4
cup,cup.mp4
cupcake,cupcake.mp4
cupkamp,cupkamp.mp4
cupmester,cupmester.mp4
CV (Currivulum Vitae),CV.mp4
cytosol 1,cytosol-1.mp4
cytosol 2,cytosol-2.mp4
D,D.mp4
D (tohåndsalfabet),D-2.mp4
da (fortid),da-fortid.mp4
da (fremtid),da-fremtid.mp4
daddel,dadler.mp4
dag,dag.mp4
Dag (navn),dag-navn.mp4
Dagbladet,dagbladet.mp4
dagkirurgi,dagkirurgi.mp4
daglig,daglig.mp4
daglig leder,daglig-leder.mp4
Dagsrevyen 1,Dagsrevyen-1.mp4
Dagsrevyen 2,Dagsrevyen-2.mp4
dal,dal.mp4
dale,dale.mp4
dam (tjern) 1,dam-tjern.mp4
dam (tjern) 2,dam-tjern-2.mp4
dame,dame.mp4
damesko,damesko.mp4
damp (båt/lokomotiv),damp-baat-lokomotiv.mp4
damp (fra koking),damp-fra-koking.mp4
dampovn (kjøkken),dampovn-2.mp4
Daniel,daniel.mp4
Danmark,danmark.mp4
dans 1,dans-1.mp4
dans 2,dans-2.mp4
danse,danse.mp4
dansk,dansk.mp4
dåp (voksendåp),daap-voksendaap.mp4
dåp 1,daap.mp4
dåp 2,daap-3.mp4
dåpsattest,daapsattest.mp4
dårlig,daarlig.mp4
dårlig (følelse),daarlig-folelse.mp4
dart,dart.mp4
data,data.mp4
datamaskin,datamaskin.mp4
dataspill1,dataspill1.mp4
dataspill2,dataspill2.mp4
dataspill3,dataspill3.mp4
dato,dato.mp4
datter,datter.mp4
de,de.mp4
de to 1,de-to-1.mp4
de to 2,de-to-2.mp4
deaflympics,deaflympics.mp4
debatt,debatt.mp4
defekt,defekt.mp4
defensiv 1,defensiv-1.mp4
defensiv 2,defensiv-2.mp4
definere,definere.mp4
definisjon,definisjon.mp4
deg 1,deg-1.mp4
deg 2,deg-2.mp4
dehydrering,dehydrering.mp4
deig,deig.mp4
deilig,deilig.mp4
dekk (flertall),dekk-flertall.mp4
dekke (dekke bordet) 1,dekke-dekke-bordet.mp4
dekke (dekke bordet) 2,dekke-2-dekke-bordet.mp4
dekke (dekke utgifter),dekke-dekke-utgifter.mp4
dekning,dekning.mp4
del,del.mp4
deler (f.eks. ¾),deler-feks.mp4
deler (flertall),deler.mp4
delfiakake,delfiakake.mp4
delfin,delfin.mp4
delikat/delikatesse,delikat-delikatesse.mp4
delt på (matematikk),delt-paa-matematikk.mp4
delta,delta.mp4
deltakelse,deltakelse.mp4
deltaker,deltaker.mp4
deltid,deltid.mp4
dem (flertall),dem-flertall.mp4
demning,demning.mp4
demokrati/-sk 1,demokrati-sk-1.mp4
demokrati/-sk 2,demokrati-sk-2.mp4
demonstrasjon (av ting),demonstrasjon-av-ting.mp4
demonstrere/demonstrasjon (politisk) 1,demonstrere-demonstrasjon-politisk-1.mp4
demonstrere/demonstrasjon (politisk) 2,demonstrere-demonstrasjon-politisk-2.mp4
demontere,demontere.mp4
dempe,dempe.mp4
dempe (ball),dempe-ball.mp4
den,den.mp4
dendritt (nervecelle),dendritt-nervecelle.mp4
departement,departement.mp4
deponere,deponere.mp4
deportere,deportere.mp4
depositum,depositum.mp4
depot,depot.mp4
depresjon,depresjon.mp4
depressiv episode,depressiv-episode.mp4
deprimert 1,deprimert-1.mp4
deprimert 2,deprimert-2.mp4
der (retningsorientert),der-retningsorientert.mp4
der er (noe befinner seg der),der-er-noe-befinner-seg-der.mp4
dere,dere.mp4
deres,deres.mp4
deretter,deretter.mp4
derfor,derfor.mp4
dersom,dersom.mp4
desember 1,desember-1.mp4
desember 2,desember-2.mp4
design 1,design-1.mp4
design 2,design-2.mp4
designer 1,designer-1.mp4
designer 2,designer-2.mp4
desiliter,desiliter.mp4
desimal,desimal.mp4
desimeter,desimeter.mp4
desk 1,desk-1.mp4
desk 2,desk-2.mp4
deskriptiv,deskriptiv.mp4
dessert,dessert.mp4
dessertskål,dessertskaal.mp4
dessverre,dessverre.mp4
det,det.mp4
det er (forbinder),det-er-2-forbinder.mp4
detalj 1,detalj-1.mp4
detalj 2,detalj-2.mp4
detaljert 1,detalje-detaljert-1.mp4
detaljert 2,detalje-detaljert-2.mp4
dette,dette.mp4
diabetes 1,diabetes-1.mp4
diabetes 2,diabetes-2.mp4
diadem,diadem.mp4
diagnose 1,diagnose-1.mp4
diagnose 2,diagnose-2.mp4
diagnose 3,diagnose.mp4
diagonal,diagonal.mp4
diakon/-isse,diakon-isse.mp4
dialog,dialog.mp4
diamant,diamant.mp4
diameter,diameter.mp4
diare 1,diare.mp4
diare 2,diare-3.mp4
didaktikk,didaktikk.mp4
die (patte),die-patte.mp4
diesel,diesel.mp4
diett,diett.mp4
diffusjonsåpen,diffusjonsaapen.mp4
difteri 1,difteri-1.mp4
difteri 2,difteri-2.mp4
digert (svært),digert-svaert.mp4
digital 1,digital-1.mp4
digital 2,digital-2.mp4
digital 3,digital-3.mp4
digital 4,digital-4.mp4
dikt,dikt.mp4
diktatur,diktatur.mp4
dikte,dikte.mp4
dilemma,dilemma.mp4
din 1,din-1.mp4
din 2,din-2.mp4
dinosaur,dinosaur.mp4
diplom,diplom.mp4
direkte frispark,direkte-frispark.mp4
direktør,direktoer.mp4
dirigent (i orkester),dirigent-i-orkester.mp4
dirre,dirre.mp4
disakkarider,disakkarider.mp4
disiplin 1,disiplin-1.mp4
disiplin 2,disiplin-2.mp4
disiplin 3,disiplin.mp4
disippel,disippel.mp4
disk,disk.mp4
diskett,diskett.mp4
diskos,diskos.mp4
diskotek,diskotek.mp4
diskriminere/-ing 1,diskriminere-ing-1.mp4
diskriminere/-ing 2,diskriminere-ing-2.mp4
diskutere/diskusjon,diskutere-diskusjon.mp4
dispensere/dispensasjon,dispensere-dispensasjon.mp4
disposisjon,disposisjon.mp4
disposisjon (psykisk lidelse),disposisjon-psykisk-lidelse.mp4
disse,disse.mp4
disse (huske),disse-huske.mp4
disse (vippe-),disse-vippe-.mp4
dissosial personlighetsforstyrrelse,dissosial-personlighetsforstyrrelse.mp4
distanse,distanse.mp4
distanse 2,distanse-2.mp4
distribuere/distribusjon,distribuere-distribusjon.mp4
dit,dit.mp4
ditt,ditt.mp4
divan,divan.mp4
diverse 1,diverse.mp4
diverse 2,diverse-2.mp4
dividere/divisjon,dividere-divisjon.mp4
divisjon (idrett o.l.),divisjon-idrett-ol.mp4
djevel 1,djevel.mp4
djevel 2,djevel-2.mp4
DNA,dna.mp4
DNA 2,dna-2.mp4
do,do.mp4
dobbel/-t,dobbel-t.mp4
dobbeltkubet,dobbelkubet.mp4
Dodoma 1,dodoma-1.mp4
Dodoma 2,dodoma-2.mp4
doktor,doktor.mp4
doktoravhandling,doktoravhandling.mp4
dokument,dokument.mp4
dokumentar 1,dokumentar-1.mp4
dokumentar 2,dokumentar-2.mp4
dokumentar 3,dokumentar-3.mp4
dollar 1,dollar.mp4
dollar 2,dollar-2.mp4
dom 1,dom-1.mp4
dom 2,dom-2.mp4
dominant /dominerende 3,dominant-3.mp4
dominant /dominerende 1,dominant-1.mp4
dominant /dominerende 2,dominant-2.mp4
domkirke,domkirke.mp4
dommer (i retten),dommer-3.mp4
dommer 1,dommer.mp4
dommer 2,dommer-2.mp4
dommerfullmektig (yrkestittel),dommerfullmektig-yrkestittel.mp4
domsspørsmål,domsspoersmaal.mp4
domstol,domstol.mp4
Donald Duck 1,Donald.mp4
Donald Duck 2,donald-duck.mp4
doping,doping.mp4
dor (verktøy),dor-verktoy.mp4
double 1,double-1.mp4
double 2,double-2.mp4
doven,doven.mp4
Downs syndrom,down-syndrom.mp4
dø,doe.mp4
død 1,doed.mp4
død 2,doed-2.mp4
død 3,doed-4.mp4
dødlinje,doedlinje.mp4
dødsfall,doedsfall.mp4
døgn,doegn.mp4
dømme (sport),doemme-dommer-sport.mp4
dømme 1,doemme-1.mp4
dømme 2,doemme-2.mp4
døpe,doepe.mp4
døpe (voksendåp),doepe-voksendaap.mp4
døpefat,doepefat.mp4
dør,doer.mp4
dør åpner seg,doer-aapner-seg.mp4
dørblad 1,dorblad.mp4
dørblad 2,dorblad-2.mp4
dørblad 3,dorblad-3.mp4
dørhåndtak 1,dorhaandtak.mp4
dørhåndtak 2,dorhaandtak-2.mp4
dørlist 1,doerlist-1.mp4
dørlist 2,doerlist-2.mp4
døv 1,doev-1.mp4
døv 2,doev-2.mp4
døvblind 1,doevblind-1.mp4
døvblind 2,doevblind-2.mp4
døvblitt,doevblitt.mp4
døveforening,doeveforening.mp4
døvekirke,doevekirke.mp4
døvemesterskap,doevemesterskap.mp4
døveskole,doeveskole.mp4
døveteater,doeveteater.mp4
døvhet,doevhet.mp4
dpi (punkter per tomme),dpi.mp4
dra,dra.mp4
dra (i tau o.l.),dra-i-tau-ol.mp4
dra (reise) 2,dra-reise-2.mp4
dra 1(forflytte seg),dra-1-forflytte-seg.mp4
drage (leketøy),drage-leketoy.mp4
drakt,drakt.mp4
dram,dram.mp4
drama (film),drama-film.mp4
drama (i teater),drama-i-teater.mp4
dramatisk,dramatisk.mp4
dramaturgi 1,dramaturgi-1.mp4
dramaturgi 2,dramaturgi-2.mp4
drap 1,drap-1.mp4
drap 2,drap-2.mp4
dråpe,draape.mp4
dreie (forme),dreie.mp4
dreiebenk 1,dreiebenk.mp4
dreiebenk 2,dreiebenk-2.mp4
drepe 1,drepe-1.mp4
drepe 2,drepe-2.mp4
dress 1,dress.mp4
dress 2,dress-2.mp4
drift (av noe) 1,drift-av-noe-1.mp4
drift (av noe) 2,drift-av-noe-2.mp4
drikke,drikke.mp4
drikke (av drikkekar med hank),drikke-av-drikkekar-med-hank.mp4
drikke kaffe,drikke-kaffe.mp4
drikke opp 1,drikke-opp.mp4
drikke opp 2,drikkeopp.mp4
drill (verktøy),drill.mp4
drive,drive.mp4
drivhus,drivhus.mp4
drivstoff,drivstoff.mp4
dromedar,dromedar.mp4
drone 1,drone.mp4
drone 2,drone-2.mp4
dronekamera 1,dronekamera-1.mp4
dronekamera 2,dronekamera-2.mp4
dronning,dronning.mp4
drop,drop.mp4
Dropbox,dropbox-2.mp4
drops 1,drops-1.mp4
drops 2,drops-2.mp4
drops 3,drops-3.mp4
drosje 1,drosje-1.mp4
drosje 2,drosje-2.mp4
drøfte,droefte.mp4
drøm,droem.mp4
drømme,droemme.mp4
druer 1,druer.mp4
druer 2,druer-2.mp4
druer 3,druer-3.mp4
drukne 1,drukne-1.mp4
drukne 2,drukne-2.mp4
drypp (TIA),drypp-tia.mp4
dryppe,dryppe.mp4
du,du.mp4
Dublin 1,dublin-1.mp4
Dublin 2,dublin-2.mp4
due,due.mp4
dugnad,dugnad.mp4
duk,duk.mp4
dukke 1,dukke-1.mp4
dukke 2,dukke-2.mp4
dukkekrok,dukkekrok.mp4
dum/dumt 1,dum-dumt-1.mp4
dum/dumt 2,dum-dumt-2.mp4
dum/dumt 3,dum-teit.mp4
dunjakke,alpha.mp4
dunk-dunk (hjerteslag),dunk-dunk-hjerteslag.mp4
dusje,dusje.mp4
DVD (Digital Versatile Disk),DVD.mp4
dverg,dverg.mp4
dvergplanet,dvergplanet.mp4
dybde,dybde.mp4
dykke,dykke.mp4
dykker,dykker.mp4
dyktig,dyktig.mp4
dynamo,dynamo.mp4
dynamoreim,dynamoreim.mp4
dyne,dyne.mp4
dynejakke,dynejakke.mp4
dyp/dypt (sjø o.l.),dyp-dypt-sjoe-ol.mp4
dypfrossen,dypfrossen.mp4
dyr 1,dyr.mp4
dyr 2,dyr-2.mp4
dyr 3,dyr-3.mp4
dyrecelle,dyrecelle.mp4
dyregjødsel,dyregjodsel.mp4
dyrehage 1,dyrehage.mp4
dyrehage 2,dyrehage-1.mp4
dyrespor,dyrespor.mp4
dyrke,dyrke.mp4
dyrlege,dyrlege.mp4
dyrt 1,dyrt-1.mp4
dyrt 2,dyrt-2.mp4
dyrt 3,dyrt-3.mp4
dyse,dyse.mp4
E,E.mp4
E (tohåndsalfabetet),E-2.mp4
E. coli,e-coli.mp4
ebola,ebola.mp4
edderkopp,edderkopp.mp4
eddik,eddik.mp4
edelgass 1,edelgass-1.mp4
edelgass 2,edelgass-2.mp4
edru,edru.mp4
Edvard,edvart.mp4
EEG (elektroencefalografi),eeg.mp4
effektiv,effektiv.mp4
egen/eget (andres),egen-eget-andres.mp4
egen/eget (min/vår),egen-eget-min-vaar.mp4
egenskap,egenskap.mp4
egentlig,egentlig.mp4
egg,egg.mp4
eggcelle,eggcelle.mp4
eggeglass,eggeglass.mp4
eggeplomme,eggeplomme.mp4
eggerøre 1,eggeroere.mp4
eggerøre 2,eggerore-2.mp4
eggløsning,eggloesning.mp4
Egil 1,egil.mp4
Egil 2,egil-2.mp4
egoisme,egoisme.mp4
egoistisk,egoistisk.mp4
Egypt 1,egypt-1.mp4
Egypt 2,egypt-2-.mp4
Egypt 3,egypt-3.mp4
Egypt 4,egypt-4.mp4
eie,eie.mp4
eie 3,eie-2.mp4
eiendom,eiendom.mp4
eik (planteslekt),eik.mp4
Einar,einar.mp4
Eirik,eirik.mp4
EKG (elektrokardiografi),ekg.mp4
ekkel/-t,ekkel-t.mp4
ekorn 1,ekorn.mp4
ekorn 2,ekorn-2.mp4
eksamen 1,eksamen.mp4
eksamen 2,eksamen-2.mp4
eksem 1,eksem.mp4
eksem 2,eksem-2.mp4
eksem 3,eksem-5.mp4
eksempel,eksempel.mp4
eksil,eksil.mp4
ekskludere,ekskludere.mp4
eksklusjon,eksklusjon.mp4
eksotisk,eksotisk.mp4
ekspansjon,ekspansjon.mp4
ekspedere (i butikk),ekspedere-i-butikk.mp4
ekspeditør,ekspeditoer.mp4
eksperimentere,eksperimentere.mp4
ekspert/-ise,ekspert-ise.mp4
eksplodere,eksplodere.mp4
eksplosjon 1,eksplosjon-1.mp4
eksplosjon 2,eksplosjon-2.mp4
eksponering,eksponering.mp4
eksport/-ere,eksport-ere.mp4
ekspress 1,ekspress-1.mp4
ekspress 2,ekspress-2.mp4
ekstra,ekstra.mp4
ekstraomgang,ekstraomgang.mp4
ekstrem,ekstrem.mp4
ekte,ekte.mp4
ektefelle,ektefelle.mp4
ekteskap,ekteskap.mp4
ekvator 1,ekvator.mp4
ekvator 2,ekvator-2.mp4
el bil,el-bil.mp4
elastisk,elastisk.mp4
eldre,eldre.mp4
eldst,eldst.mp4
elefant,elefant.mp4
elegant 1,elegant-1.mp4
elegant 2,elegant-2.mp4
elektrisk,elektrisk.mp4
elektrode,elektrode.mp4
elektron 1,elektron-1.mp4
elektron 2,elektron-2.mp4
elektronisk,elektronisk.mp4
element,element.mp4
elementærpartikkel,elementaerpartikkel.mp4
elev,elev.mp4
elevskap,elevskap.mp4
elfenben,elfenben.mp4
elg,elg.mp4
elg ligger,elg-ligger.mp4
elg reiser seg,elg-reiser-seg.mp4
elg slikker seg om munnen,elg-slikker-seg-om-munnen.mp4
elgitar,elgitar.mp4
Elisabeth,elisabeth.mp4
Ellen,ellen-navn.mp4
eller 1,eller-1.mp4
eller 2,eller-2.mp4
eller 3,eller-3.mp4
eller 4,eller-4.mp4
eller/-s (i motsatt fall),eller-s-i-motsatt-fall.mp4
elleve,alpha.mp4
Else,else.mp4
elske (sex),elske-sex.mp4
elske 1,elske-1.mp4
elske 2,elske-2.mp4
elsker/-inne,elsker-inne.mp4
elte,elte.mp4
elv,elv.mp4
emballasje,emballasje.mp4
Emil (i Lønneberget),emil-loenneberget.mp4
Emiratene 1,emiratene-1.mp4
Emiratene 2,emiratene-2.mp4
emne,emne.mp4
emosjonelt ustabil personlighetsforstyrrelse,emosjonelt-ustabil-personlighetsforstyrrelse.mp4
empati,empati.mp4
en tredel,en-tredel.mp4
en-touch,en-touch.mp4
en/ett,en-ett.mp4
ende (slutte),ende-slutte.mp4
endelig,endelig.mp4
endetarm,endetarm-2.mp4
endre/-ing 1,endre-ing.mp4
endre/-ing 2,endre-ing-2.mp4
enebolig,enebolig.mp4
enerett,enerett.mp4
energi,energi.mp4
enestående,enestaaende.mp4
eneste,eneste.mp4
eng,eng.mp4
engang (før),engang-foer.mp4
engel 1,engel.mp4
engel 2,engel-2.mp4
engelsk,engelsk.mp4
England 1,england-1.mp4
England 2,england-2.mp4
England 3,england-3.mp4
engstelig,engstelig.mp4
enhet 1,enhet-1.mp4
enhet 2,enhet-2.mp4
enhver,enhver.mp4
enig,enig.mp4
enke,enke.mp4
enkelkubet,enkeltkubet.mp4
enkelt (lett),enkelt-lett.mp4
enkeltdistanser (skøyting),enkeltdistanser-skoeyting.mp4
enkelte (noen),enkelte-noen.mp4
enn,enn.mp4
ennå (fremdeles),ennaa-fremdeles.mp4
enorm,enorm.mp4
enslig,enslig.mp4
ensom,ensom.mp4
enstemmig,enstemmig.mp4
enten-eller,enten-eller.mp4
enumettet (fettsyre),enumettet-fettsyre.mp4
enzym,enzym.mp4
enzym 2,enzym-2.mp4
epidemi,epidemi.mp4
epilepsi 1,epilepsi-2.mp4
epilepsi 2,epilepsi.mp4
epilepsi 3,epilepsi-3.mp4
episode (del av serie),episode-1.mp4
episode (hendelse),episode-2.mp4
eple 1,eple-1.mp4
eple 2,eple-2.mp4
eple 3,eple-3.mp4
eple: spise et eple,eple-spise-et-eple.mp4
eplejuice,eplejuice.mp4
eplekake,eplekake.mp4
epletre,epletre.mp4
er 1,er-1.mp4
er 2,er-2.mp4
er der,er-der.mp4
er ikke der (noe befinner seg ikke der),er-ikke-der-noe-befinner-seg-ikke-der.mp4
er lik,er-lik.mp4
ereksjon,ereksjon.mp4
erfaring 1,erfaring.mp4
erfaring 2,erfaring-2.mp4
ergerlig,ergerlig.mp4
Erik,erik.mp4
Eritrea 1,eritrea-1.mp4
Eritrea 2,eritrea-2.mp4
erklære,erklaere.mp4
erobre,erobre.mp4
erotisk/erotikk 1,erotisk-erotikk-1.mp4
erotisk/erotikk 2,erotisk-erotikk-2.mp4
erstatning (i penger),erstatning-i-penger.mp4
erte (andre),erte-andre.mp4
erter,erter.mp4
erterstuing 1,erterstuing-3.mp4
erterstuing 2,erterstuing-2.mp4
esel,esel.mp4
eske,eske.mp4
eskimo,eskimo.mp4
Espen,espen.mp4
espresso,espresso.mp4
ess (ener i kortspill),ess-kortspill.mp4
essens 1,essens.mp4
essens 2,essens-2.mp4
Ester (bok i bibelen),Ester-bok-bibel.mp4
estetisk,estetisk-2.mp4
Estland,estland.mp4
et,et.mp4
etablere,etablere.mp4
etappe,etappe.mp4
etasje,etasje.mp4
etasje (1. etasje),1etasje.mp4
etasje (2. etasje),2etasje.mp4
etasje (3. etasje) 1,3etasje-1.mp4
etasje (3. etasje) 2,3etasje-2.mp4
etikk,etikk.mp4
Etiopia 1,etiopia-1.mp4
Etiopia 2,etiopia-2.mp4
Etiopia 3,etiopia-3.mp4
etnisk,etnisk.mp4
etsende,etsende.mp4
etter (motsatt av før),etter-motsatt-av-foer.mp4
etter hvert 1,etterhvert.mp4
etter hvert 2,etterhvert-2.mp4
etterforske,etterforske.mp4
etterlysning,etterlysning.mp4
ettermiddag 1,ettermiddag-1.mp4
ettermiddag 2,ettermiddag-2.mp4
etterpå 1,etterpaa-1.mp4
etterpå 2,etterpaa-2.mp4
euro,euro.mp4
Europa,europa.mp4
europamesterskap,europamesterskap.mp4
europarekord,europarekord.mp4
europeisk,europeisk.mp4
Eva 1,eva.mp4
Eva 2,eva-2.mp4
evakuert,evakuert.mp4
evaluering,evaluering.mp4
evangelie,evangelie.mp4
evangelium,evangelium.mp4
eventuelt,eventuelt.mp4
eventyr,eventyr.mp4
eventyrbok,eventyrbok.mp4
Evernote (programvare),evernote.mp4
evig,evig.mp4
evighet,evighet.mp4
evne,evne.mp4
ex. Phil. (Examen philosophicum) 1,ex-phil.mp4
ex. Phil. (Examen philosophicum) 2,ex-phil-2.mp4
Excel (programvare),excel.mp4
F,F.mp4
F (tohåndsalfabetet),F-2.mp4
få (å få lov til),lov-aa-faa-lov.mp4
få (du får) 1,faa-3.mp4
få (du får) 2,faa-4.mp4
få (jeg får) 1,faa-jeg-faar.mp4
få (jeg får) 2,faa.mp4
få (jeg får) 3,faa-2.mp4
få (noen få),faa-noen-faa.mp4
fabrikk,fabrikk.mp4
Facebook 1,facebook-1.mp4
Facebook 2,facebook-2.mp4
Facebook 3,facebook-3.mp4
fadder 1,fadder-1.mp4
fadder 2,fadder-2.mp4
fag,fag.mp4
fagforening,fagforening.mp4
fagmann,fagmann.mp4
fagområde,fagomraade.mp4
fagprøve,fagproeve.mp4
fagstoff,fagstoff.mp4
faguttrykk,faguttrykk-2.mp4
fakkel,fakkel.mp4
faktisk,faktisk.mp4
faktura,faktura.mp4
fakultet,fakultet.mp4
fall i håret,fall-i-haaret.mp4
falle,falle.mp4
falle (blad faller),blad-faller.mp4
falle (falle i fristelse),falle-falle-i-fristelse.mp4
falle sammen,falle-sammen.mp4
fallskjerm,fallskjerm.mp4
falsk krupp,falsk-krupp.mp4
falsk/falskt,falsk-falskt.mp4
familie 1,familie.mp4
familie 2,familie-2.mp4
familiekollektiv,familiekollektiv.mp4
familieoversikt,familieoversikt.mp4
familierett,familierett.mp4
fang,fang.mp4
fange (arrestant),fange-arrestant.mp4
fange 1,fange-1.mp4
fange 2,fange-2.mp4
fange med håv,fange-med-haav.mp4
fantasi/fantastisk 1,fantasi-fantastisk-1.mp4
fantasi/fantastisk 2,fantasi-fantastisk-2.mp4
fantastisk,fantastisk.mp4
Far (Gud),Far-Gud.mp4
får (sau),faar-sau.mp4
far 1,far-1.mp4
far 2,far-2.mp4
får ikke til 1,faar-ikke-til.mp4
får ikke til 2,faar-ikke-til-1.mp4
får-i kål,far-i-kal.mp4
farao,farao.mp4
farge 1,farge-1.mp4
farge 2,farge-2.mp4
farge 3,farge-3.mp4
fargeblyant,fargeblyant.mp4
fargesans,fargesans.mp4
farlig,farlig.mp4
farmor,farmor.mp4
Farris,farris.mp4
farsside,farsside.mp4
fart 1,fart-1.mp4
fart 2,fart-2.mp4
fartsbot,fartsbot.mp4
fasade 1,fasade.mp4
fasade 2,fasade-2.mp4
fascinerende,fascinerende.mp4
fasit 1,fasit.mp4
fasit 2,fasit-2.mp4
fasong,fasong.mp4
fast (holde fast),fast-holde-fast.mp4
faste (å faste),faste-aa-faste.mp4
faste konstanter,faste-konstanter.mp4
fastelavn,fastelavn.mp4
fastlege,fastlege.mp4
fastnøkkel,fastnoekkel.mp4
fat (tallerken),fat-tallerken.mp4
fat (vaskefat),fat-vaskefat.mp4
fat: lite fat,fat-lite-fat.mp4
fat: stort fat,fat-stort-fat.mp4
fatle,fatle.mp4
fattig,fattig.mp4
fattigdom,fattigdom.mp4
Fauske,fauske.mp4
favoritt 1,favoritt.mp4
favoritt 2,favoritt-2.mp4
fæl/-t,fael-t.mp4
Færøyene,faeroeyene.mp4
fe (eventyrskikkelse),fe.mp4
features,features.mp4
feber 1,feber-1.mp4
feber 2,feber-2.mp4
feberkurve,feberkurve.mp4
februar 1,februar-1.mp4
februar 2,februar-2.mp4
fedme,fedme.mp4
fedreland,fedreland.mp4
feie (koste),feie-koste.mp4
feier (en feier),feier-en-feier.mp4
feig,feig-1.mp4
feil,feil.mp4
feinsag,feinsag.mp4
feire 1,feire.mp4
feire 2,feire-2.mp4
felg,felg.mp4
felle (musefelle),felle-musefelle.mp4
felles 1,felles-1.mp4
felles 2,felles-2.mp4
felles 3,felles-3.mp4
felles 4,felles-4.mp4
fellesstart,fellesstart.mp4
fem,fem.mp4
feminin,feminin.mp4
femmannslag,femmannslag.mp4
femten(de),femten-de.mp4
fengsel,fengsel.mp4
fengselsstraff,fengselsstraff.mp4
ferdig 1,ferdig.mp4
ferdig 2,ferdig-2.mp4
ferie 1,ferie-1.mp4
ferie 2,ferie-2.mp4
ferje,ferje.mp4
fersk,fersk.mp4
ferskvare,ferskvare.mp4
fest,fest.mp4
feste (gjøre fast),feste.mp4
festival,festival.mp4
festkjole,festkjole.mp4
Festningen 1,festningen-1.mp4
Festningen 2,festningen-2.mp4
fet (tykk),fet-tykk.mp4
fett,fett.mp4
fetter,fetter.mp4
fettsyre,fettsyre.mp4
fiasko,fiasko.mp4
fiber,fiber.mp4
fiberkabel,fiberkabel-2.mp4
fiende,fiende.mp4
figur,figur.mp4
fike (ørefik) 1,fike-oerefik-1.mp4
fike (ørefik) 2,fike-oerefik-2.mp4
fil,fil-1.mp4
fil (verktøy),fil.mp4
filet,filet.mp4
filetering (fisk),filetering-fisk.mp4
fileteringskniv,fileteringskniv.mp4
Filippinene 1,filippinene-1.mp4
Filippinene 2,filippinene-2.mp4
film 1,film-1.mp4
film 2,film-2.mp4
filme 1,filme-1.mp4
filme 2,filming-1.mp4
filmprosjektor,filmprosjektor.mp4
filosof,filosof.mp4
filosofi,filosofi.mp4
filter,filter.mp4
fin/fint 1,fin-fint-1.mp4
fin/fint 2,fin-fint-2.mp4
finale,finale.mp4
finans,finans.mp4
finansiere/-ing,finansiere-ing.mp4
finger,finger.mp4
fingerpropp (bowling),fingerpropp.mp4
Finland,finland.mp4
finne 1,finne-1.mp4
finne 2,finne-2.mp4
finne på 1,finne-paa.mp4
finne på 2,finne-paa-2.mp4
finnes 1,finnes.mp4
finnes 2,finnes-2.mp4
finnes 3,finnes-3.mp4
Finnmark,finnmark.mp4
finsk,finsk.mp4
finte 1,finte-1.mp4
finte 2,finte-2.mp4
fiolett,fiolett.mp4
fiolin,fiolin.mp4
fire,fire.mp4
Firefox (nettleser) 1,firefox-1.mp4
Firefox (nettleser) 2,firefox-2.mp4
firehjulsdrift,firhjulsdrift.mp4
firkant,firkantet.mp4
firkløver 1,firkloever-1.mp4
firkløver 2,firkloever-2.mp4
firma,firma.mp4
firma 2,firma-2.mp4
firmenning,firmenning.mp4
fisk,fisk.mp4
fiske,fiske-r.mp4
fiskeboller,fiskeboller.mp4
fiskefilet,fiskefilet.mp4
fiskegarn,fiskegarn.mp4
fiskekaker,fiskekaker.mp4
fiskekniv,fiskekniv.mp4
fiskemel,fiskemel.mp4
fiskepudding,fiskepudding.mp4
fisker svømmer,fisker-svoemmer.mp4
fiskestang,fiskestang.mp4
fiskesuppe,fiskesuppe.mp4
fjær (på fugl),fjaer-paa-fugl.mp4
fjær (spiral),fjaer-spiral.mp4
fjærball (badminton),fjaerball-badminton.mp4
fjell,fjell.mp4
fjellgeit,fjellgeit.mp4
fjerde (ordenstall),fjerde-ordenstall.mp4
fjerde: for det fjerde,fjerde-for-det-fjerde.mp4
fjerne (ta vekk),fjerne-ta-vekk.mp4
fjernsyn,fjernsyn.mp4
fjes,fjes.mp4
fjols,fjols.mp4
fjord,fjord.mp4
fjøl,fjol.mp4
flagell,flagell-1.mp4
flagg,flagg.mp4
flagg 2,flagg-2.mp4
flaggermus,flaggermus.mp4
flaks,flaks.mp4
flamme,flamme.mp4
flanke,flanke.mp4
Flash (programvare),flash-programvare.mp4
flaske,flaske.mp4
flaskeåpner,flaskeaapner.mp4
flat,flat-3.mp4
flat/flatt,flat-flatt.mp4
flatbiff,flatbiff.mp4
flatbrød 1,flatbrod-1.mp4
flatbrød 2,flatbrod-2.mp4
flatfil,flatfil.mp4
flau,flau.mp4
flekk,flekk.mp4
flere 1,flere-1.mp4
flere 2,flere-2.mp4
flere kommer til et sted,flere-kommer-til-et-sted.mp4
flertall,flertall.mp4
flerumettet (fettsyre),flerumettet-fettsyre.mp4
flesk,flesk.mp4
flest 1,flest.mp4
flest 2,flest-2.mp4
flette (håret),flette-haaret.mp4
flette (kurv),flette-kurv.mp4
flink,flink.mp4
flis 1,flis.mp4
flis 2,alpha.mp4
flodhest,flodhest.mp4
flokk,flokk.mp4
flom,flom.mp4
flott,flott.mp4
flørte,floerte.mp4
fløte,floete.mp4
fløtegratinert,floetegratinert.mp4
Fløyen (Fløibanen i Bergen),floeyen.mp4
fløyte,floeyte.mp4
fløyte (dommerfløyte),floeyte-dommerfloeyte.mp4
flue,flue.mp4
fluor,fluor.mp4
fly (fugl/insekt),fly-fugl-insekt.mp4
fly 1,fly-med-fly.mp4
fly 2,fly-2.mp4
flyer,flyer.mp4
flykte,flykte-roemme.mp4
flyndre,flyndre.mp4
flyplass,flyplass.mp4
flyt,flyt.mp4
flyte,flyte.mp4
flytende,flytende.mp4
flytte (liten ting),flytte-liten-ting.mp4
flytte 1,flytte-1.mp4
flytte 2,flytte-2.mp4
flytte flat gjenstand,flytte-flat-gjenstand.mp4
flyver (håndball),flyver.mp4
fobi,-fobi.mp4
fogd,fogd.mp4
fokus,fokus.mp4
folde (hendene),folde-hendene.mp4
folk 1,folk.mp4
folk 2,folk-2.mp4
folkehøyskole,folkehoeyskole.mp4
folkeskikk,folkeskikk.mp4
folkeslag,folkeslag.mp4
folketrygd,folketrygd.mp4
fond,fond.mp4
font 1,font-2.mp4
font 2,font.mp4
fontene,fontene.mp4
for,for.mp4
for det andre 1,andre-for-det-andre-1.mp4
for det andre 2,andre-for-det-andre-2.mp4
for det fjerde,fjerde-for-det-fjerde.mp4
for det første 1,for-det-foerste-1.mp4
for det første 2,for-det-foerste-2.mp4
for det tredje,for-det-tredje.mp4
foran,foran.mp4
foran (gå foran),foran-gaa-foran.mp4
forandre 1,forandre-1.mp4
forandre 2,forandre-2.mp4
forarbeid,forarbeid.mp4
forbannelse,forbannelse.mp4
forbannet,forbannet.mp4
forbauset,forbauset.mp4
forbedre,forbedre.mp4
forberede 1,forberede-1.mp4
forberede 2,forberede-2.mp4
forbilde,forbilde.mp4
forbindelse 1,forbindelse-2.mp4
forbindelse 2,forbindelse.mp4
forbinding (bandasje),forbinding-bandasje.mp4
forbokstav,forbokstav.mp4
forbruker,forbruker.mp4
forbryter,forbryter.mp4
forbudt 1,forbudt.mp4
forbudt 2,forbudt-2.mp4
forbund,forbund.mp4
Ford,ford-bilmerke.mp4
fordel 1,fordel-1.mp4
fordel 2,fordel-2.mp4
fordel 3,fordel-3.mp4
fordele,fordele.mp4
fordi 1,fordi-1.mp4
fordi 2,fordi-2.mp4
fordom,fordom.mp4
fordøye/-lse,fordoeye-lse.mp4
fordøyelse 1,fordoeyelse-1.mp4
fordøyelse 2,fordoeyelse-2.mp4
fordøyelsessystem,fordoyelsessystem.mp4
forebygge,forebygge.mp4
foredrag,foredrag.mp4
forehand,forehand.mp4
foreldre 1,foreldre-1.mp4
foreldre 2,foreldre-2.mp4
foreløpig,foreloepig.mp4
forelsket,forelsket.mp4
forening 1,forening-1.mp4
forening 2,forening-2.mp4
forestille,forestille.mp4
forestilling (teater/kino),forestilling-teater-kino.mp4
foretrekke,foretrekke.mp4
forfall,forfall.mp4
forfatter,forfatter.mp4
forfengelig/-het,forfengelig-het.mp4
forferdelig,forferdelig.mp4
forflytte,forflytte.mp4
forfølge,forfoelge.mp4
forføre (seksuelt),forfoere-seksuelt.mp4
forfrosning,forfrosning.mp4
forgifte/-ning,forgifte.mp4
forhandle,forhandle.mp4
forhindre/-ing,forhindre-ing.mp4
forhjulsdrift,forhjulsdrift.mp4
forhold,forhold.mp4
forhør,forhoer.mp4
forhøre,forhoere.mp4
forhøye/-else,forhoeye-else.mp4
foring (byggfag),foring.mp4
forkaste,forkaste.mp4
forkjølet/forkjølelse 1,forkjoelet-forkjoelelse.mp4
forkjølet/forkjølelse 2,forkjoelet.mp4
forklare 1,forklare.mp4
forklare 2,forklare-2.mp4
forklaring,forklaring.mp4
forkle 1,forkle.mp4
forkle 2,forkle-2.mp4
forkorte/-lse 1,forkorte-lse-1.mp4
forkorte/-lse 2,forkorte-lse-2.mp4
forkortet brøk,forkortet-broek.mp4
forkynne (melde),forkynne-melde.mp4
forkynne (rel.),forkynne-rel.mp4
forlange,forlange.mp4
forlate (dra),forlate-dra.mp4
forlate (tilgi),forlate-tilgi.mp4
forlenge,forlenge.mp4
forlik,forlik.mp4
forliksråd,forliksraad.mp4
forlis,forlis.mp4
forlovet,forlovet.mp4
form (fasong),form-fasong.mp4
form (fysisk),form-fysisk.mp4
form: firkantet 1,form-firkantet-1.mp4
form: firkantet 2,form-firkantet-2.mp4
form: firkantet 3,form-firkantet-3.mp4
form: firkantet 4,form-firkantet-4.mp4
"form: flat, rund, liten",fat-lite-fat.mp4
"form: flat, rund, stor",fat-stort-fat.mp4
"form: horisontal, kort",blyant-liten.mp4
"form: horisontal, lang",form-horisontal-lang.mp4
form: rørformet og krum,form-roerformet-og-krum.mp4
"form: vertikal, kort",form-vertikal-kort.mp4
"form: vertikal, lang",form-vertikal-lang.mp4
formål,formaal.mp4
formane/-ing,formane-ing.mp4
formann (org.),formann-org.mp4
formann (på arb.plass o.l.),formann-paa-arbplass-ol.mp4
formasjon,formasjon.mp4
format 1,format.mp4
format 2,format-2.mp4
formatere (dokument),formatere-dokument.mp4
formel,formel.mp4
formell 1,formell-1.mp4
formell 2,formell-2.mp4
formering,formering.mp4
formiddag,formiddag.mp4
formidle,formidle.mp4
formue,formue.mp4
fornærmet/fornærmelse,fornaermet-fornaermelse.mp4
fornøyd,fornoeyd.mp4
fornøyelse,fornoeyelse.mp4
fornuftig,fornuftig.mp4
fornybar,fornybar.mp4
forplante,forplante.mp4
forpliktelse,forpliktelse.mp4
forpliktet,forpliktet.mp4
forråde,forraade.mp4
forræde,forraede.mp4
forretning,forretning.mp4
forrige (forrige gang),forrige-forrige-gang.mp4
forsamling 1,forsamling.mp4
forsamling 2,forsamling-2.mp4
forsett,forsett.mp4
forsikre 1,forsikre-1.mp4
forsikre 2,forsikre-2.mp4
forsikre 3,forsikre-3.mp4
forsikring,forsikring.mp4
forsikringspolise,forsikringspolise.mp4
forsiktig,forsiktig.mp4
forsinket,forsinket.mp4
forske,forske.mp4
forskjell,forskjell.mp4
forskjellig 1,forskjellig.mp4
forskjellig 2,ulik-forskjellig.mp4
forskjellig: flere forskjellige,forskjellig-flere-forskjellige.mp4
forskjellig: mange varianter,forskjellig-mange-varianter.mp4
forskning,forskning.mp4
forskrekket,forskrekket.mp4
forskrift 1,forskrift-1.mp4
forskrift 2,forskrift-2.mp4
forskudd,forskudd.mp4
forslag,forslag.mp4
forsone (om mennesker),forsone-om-mennesker.mp4
forsøk,forsoek.mp4
forsørge,forsoerge.mp4
forståelse,forstaaelse.mp4
forstand,forstand.mp4
forstår,forstaar.mp4
forstår ikke 1,forstaar-ikke.mp4
forstår ikke 2,forstaar-ikke2.mp4
forsterker 1,forsterker.mp4
forsterker 2,forsterker-2.mp4
forstørre,forstoerre.mp4
forstørrelsesglass,alpha.mp4
forstøverapparat,forstoeverapparat-2.mp4
forstyrre/-lse,forstyrre-lse.mp4
forsvar 1,forsvar.mp4
forsvar 2,forsvar-2.mp4
forsvare,forsvare.mp4
forsvarer,forsvarer.mp4
forsvarsadvokat,forsvarsadvokat.mp4
forsvarsløs,forsvarsloes.mp4
forsvinne 1,forsvinne-1.mp4
forsvinne 2,forsvinne-2.mp4
fort,fort.mp4
fortann,fortann.mp4
fortau,fortau-entall.mp4
fortegnelse,fortegnelse.mp4
fortelle 1,fortelle-1.mp4
fortelle 2,fortelle.mp4
fortellerteknikk,fortellerteknikk.mp4
fortelling,fortelling.mp4
fortid 1,fortid-1.mp4
fortid 2,fortid-2.mp4
fortjeneste,fortjeneste.mp4
fortsette,fortsette.mp4
fortsette/-lse,fortsette-lse.mp4
fortvilet/fortvilelse,fortvilet-fortvilelse.mp4
forundret,forundret.mp4
forurense/-ning,forurensning.mp4
forvaltningsorgan,forvaltningsorgan.mp4
forvaltningsrett,forvaltningsrett.mp4
forvandle 1,forvandle-1.mp4
forvandle 2,forvandle-2.mp4
forvirring,forvirring.mp4
foss,foss.mp4
foster 1,foster.mp4
foster 2,foster-2.mp4
foster 3,foster-3.mp4
foster 4,foster-4.mp4
fosterhjem,fosterhjem.mp4
fostermor,fostermor.mp4
fot 1,fot-1.mp4
fot 2,fot-2.mp4
fotball 1,fotball.mp4
fotball 2,fotball-1.mp4
fotballbane,fotballbane.mp4
fotballkamp,fotballkamp.mp4
fotballsko,fotballsko.mp4
fotballspiller,fotballspiller.mp4
fotfeil,fotfeil.mp4
fotgjengerfelt,fotgjengerfelt.mp4
fotlenke 1,fotlenke-1.mp4
fotlenke 2,fotlenke-2.mp4
fotlist,fotlist.mp4
foto,fotografere-1.mp4
fotoapparat,fotoapparat.mp4
fotografere,fotografere.mp4
fotosyntese 1,fotosyntese-1.mp4
fotosyntese 2,fotosyntese-2.mp4
fødselsdag,foedselsdag.mp4
fødselspsykose,foedselspsykose.mp4
født,foedt.mp4
føflekk,foflekk-1.mp4
føle,foele.mp4
følelse,foelelse.mp4
følge 1,foelge.mp4
følge 2,folge-2.mp4
følge 3,foelge-3.mp4
følge etter,foelge-etter.mp4
følge med,foelge-med.mp4
følge opp,foelge-opp.mp4
føll,foell.mp4
følsom,foelsom.mp4
før 1,foer-1.mp4
før 2,foer-2.mp4
før 3,foer-3.mp4
føre (lede),foere-lede.mp4
føre (skrive),foere-skrive.mp4
føre opp,foere-opp.mp4
førerkort,foererkort.mp4
førskole,foerskole.mp4
først,foerst.mp4
første (1.),foerste-1.mp4
første: for det første 1,for-det-foerste-1.mp4
første: for det første 2,for-det-foerste-2.mp4
første: for det første 3,foerste-for-det-foerste-3.mp4
førstehjelp,forstehjelp.mp4
førstehjelpskurs,forstehjelpskurs.mp4
føtter,foetter.mp4
fra,fra.mp4
fradrag (entall),fradrag-entall.mp4
frakk,frakk.mp4
frakte,frakte.mp4
fram (til),fram-til.mp4
fram og tilbake,gaa-frem-tilbake.mp4
framgang,framgang.mp4
framheve,framheve.mp4
framover,framover.mp4
framtid,framtid.mp4
Frank 1,frank.mp4
Frank 2,frank-2.mp4
Frankfurt,frankfurt.mp4
Frankrike 1,frankrike-1.mp4
Frankrike 2,frankrike-2.mp4
Frankrike 3,frankrike-3.mp4
fransk,fransk.mp4
frata,frata.mp4
fravær 1,fravaer-1.mp4
fravær 2,fravaer-2.mp4
fred/-et,fred-et.mp4
fredag,fredag.mp4
Fredrik,fredrik.mp4
fregatt,fregatt.mp4
fregner,fregner.mp4
frekk,frekk.mp4
frekvens,frekvens-1.mp4
frelse/frelst,frelse-frelst.mp4
Frelsesarmeen 1,Frelsesarmeen-1.mp4
Frelsesarmeen 2,Frelsesarmeen-2.mp4
Frelsesarmeen 3,frelsesarmeen-3.mp4
fremdeles,fremdeles.mp4
fremgang,fremgang.mp4
fremgangsmåte,fremgangsmaate.mp4
fremlegg,fremlegg.mp4
fremmed,fremmed.mp4
Fremskrittspartiet 1,fremskittspartiet-1.mp4
Fremskrittspartiet 2,fremskrittspartiet-2.mp4
fri (frieri),fri-ekteskap.mp4
fri 1,fri-2.mp4
fri 2,fri-1.mp4
fri rettshjelp,fri-rettshjelp.mp4
frigjøring,frigjoering.mp4
frihet,frihet.mp4
friidrett,friidrett.mp4
frikast,frikast.mp4
friksjon,friksjon.mp4
frilans,frilans.mp4
friluftsliv,friluftsliv.mp4
frimerke,frimerke.mp4
friminutt 1,friminutt.mp4
friminutt 2,friminutt-1.mp4
frisbee,frisbee.mp4
frisk,frisk-fysisk.mp4
frisør,frisoer.mp4
frispark,frispark.mp4
frist (tidsfrist),frist-tidsfrist.mp4
friste,friste-lse.mp4
fristil 1,fristil-1.mp4
fristil 2,fristil-2.mp4
frisyre,frisyre.mp4
fritid,fritid.mp4
fritidsproblem,fritidsproblem.mp4
frityr 1,frityr.mp4
frityr 2,frityr-1.mp4
Fritz Moen,frizt-moen.mp4
frivillig 1,frivillig.mp4
frivillig 2,frivillig-2.mp4
Frode,frode.mp4
frog (videochat),frog.mp4
frokost,frokost.mp4
frokosttallerken,frokosttallerken.mp4
frosk,frosk.mp4
froskeskudd,froskeskudd.mp4
frost,frost.mp4
frø 1,froe-1.mp4
frø 2,froe-2.mp4
frøken,froeken.mp4
frukt 1,frukt-1.mp4
frukt 2,frukt-2.mp4
frukt 3,frukt-3.mp4
fruktsalat,fruktsalat.mp4
frustrert 1,frustrert2.mp4
frustrert 2,frustrert1.mp4
fryktelig,fryktelig.mp4
fryse,fryse.mp4
fryseboks,fryseboks.mp4
frysninger,frysninger.mp4
fuge,fuge.mp4
fugl,fugl.mp4
fuglebur,fuglebur.mp4
fukt,fukt.mp4
fuktig,fuktig.mp4
fuktsperre,fuktsperre.mp4
full (beruset),full-beruset.mp4
full innsats,full-innsats.mp4
full/-t 1,full-t.mp4
full/-t 2,full.mp4
fullføre,fullfoere.mp4
fundamentalist,fundamentalist.mp4
fungere,fungere.mp4
funksjon (matematikk)1,funksjon-1.mp4
funksjon (matematikk)2,funksjon-2.mp4
funksjon (matematikk)3,funksjon-3.mp4
funksjon 1,funksjon-4.mp4
funksjon 2,funksjon-5.mp4
funksjonshemmet,funksjonshemmet.mp4
funn,funn.mp4
furte,furte.mp4
furu 1,furu.mp4
furu 2,furu-2.mp4
fusjon,fusjon.mp4
fuske,fuske.mp4
fy!,fy.mp4
fylke,fylke.mp4
fylle opp,fylle-opp.mp4
fylle ut,fylle-ut.mp4
fyllekjøre,fyllekjoere.mp4
fyr (fyrtårn),fyr-fyrtaarn.mp4
fyre (i ovn o.l.),fyre-i-ovn-ol.mp4
fyrstikk,fyrstikk.mp4
fyrstikker,fyrstikker.mp4
fyrverkeri,fyrverkeri.mp4
fysikk (fag),fysikk-fag.mp4
fysiologi,fysiologi.mp4
fysioterapeut,fysioterapeut.mp4
fysioterapi,fysioterapi.mp4
fysisk,fysisk.mp4
G,G.mp4
G (tohåndsalfabetet),G-2.mp4
gå 1,gaa-1.mp4
gå 2,gaa-2.mp4
gå av 1,gaa-av-1.mp4
gå av 2,gaa-av-2.mp4
gå fra hverandre,skille-fra-hverandre-gaa-fra-hverandre.mp4
gå på rulleskøyter,gaa-paa-rulleskoeyter.mp4
gå på ski,gaa-paa-ski.mp4
gå ut,gaa-ut.mp4
gå: and eller gås går,and-gaar.mp4
gå: bukk går,gaabukk.mp4
gå: dra,gaa-dra.mp4
gå: en gruppe går,gaa-en-gruppe-gaar.mp4
gå: en person går,gaa-en-person-gaar.mp4
gå: en person vagger,gaa-en-person-vagger.mp4
gå: gå med høye hæler,gaa-gaa-med-hoeye-haeler.mp4
gå: labbe,gaa-labbe.mp4
gå: to personer går,gaa-to-personer-gaar.mp4
gaffel,gaffel.mp4
gal,gal.mp4
galakse,galakse.mp4
Gallaudet,gallaudet.mp4
galleblære,galleblaere-1.mp4
galning,galning.mp4
galoppere,galoppere.mp4
galskap,galskap.mp4
galt,galt.mp4
galvanisert,galvanisert-1.mp4
Gambia 1,gambia-1.mp4
Gambia 2,gambia-2.mp4
gammel,gammel.mp4
gammeldags/gamle dager,gammeldags-gamle-dager.mp4
Ganesha (hinduismen),ganesha-hinduismen.mp4
gang (første gang) 1,gang-foerste-gang-1.mp4
gang (første gang) 2,gang-foerste-gang-2.mp4
gang (korridor),gang-korridor.mp4
Ganges (hellig elv i India),ganges-elv-1.mp4
ganget med (.) (matte),ganget-med-matte.mp4
ganget med (x) (matte),ganget-med-x-matte.mp4
gangetabell,gangetabell.mp4
gangfelt,gangfelt.mp4
ganske,ganske.mp4
gape,gape.mp4
Går det bra med deg?,gaar-det-bra-med-deg.mp4
garantere,garantere.mp4
garanti,garanti.mp4
garasje,garasje.mp4
garasjeport,garasjeport-1.mp4
garasjeport (dobbel),garasjeport-dobbel.mp4
garasjeport (enkel),enkel-garasjeport-1.mp4
gård (bondegård),gaard-bondegaard.mp4
Gardermoen,gardermoen.mp4
garderobe,garderobe.mp4
gardin,gardin.mp4
gardintrapp 1,gardintrapp-2.mp4
gardintrapp 2,gardintrapp-3.mp4
gardintrapp 3,gardintrapp-1.mp4
gardist,gardist.mp4
garn (nett),garn-nett.mp4
garn (tråd),garn-traad.mp4
garnfiske,garnfiske.mp4
gås 1,gaas-1.mp4
gås 2,gaas-2.mp4
gås går,and-gaar.mp4
gås pikker med nebbet,gaas-pikker-med-nebbet.mp4
gås spiser,gaas-spiser.mp4
gås: gjess hveser,gaas-gjess-hveser.mp4
gåsehud,frysninger.mp4
gass 1,gass.mp4
gass 2,gass-2.mp4
gassflamme,gassflamme.mp4
gassflaske,gassflaske.mp4
gåsunge,gaasunge.mp4
gate,gate.mp4
gaupe,gaupe.mp4
gave,gave.mp4
gave (fra andre),gave-fra-andre.mp4
gave (til andre),gave-til-andre.mp4
gavl (tak),gavl.mp4
"GB (gigabite, IT)",gb-gigabite-it.mp4
gebiss 1,gebiss-1.mp4
gebiss 2,gebiss-2.mp4
geburtsdag,geburtsdag.mp4
Geilo,geilo.mp4
Geir,geir.mp4
Geiranger,geiranger.mp4
geistlig,geistlig.mp4
geit,geit.mp4
gelatin,gelatin.mp4
gele,gele.mp4
geletopper,geletopper-2.mp4
gen 1,gen-3.mp4
gen 2,gen-4.mp4
gen 3,gen-1.mp4
gen 4,gen-2.mp4
gen 5,gen-5.mp4
general,general.mp4
generalforsamling,generalforsamling.mp4
generalisert angstlidelse,generalisert-angstlidelse.mp4
generalsekretær,generalsekretaer.mp4
generasjon,generasjon.mp4
generell,generell.mp4
geni 1,geni-1.mp4
geni 2,geni-2.mp4
genial 1,genial-1.mp4
genial 2,genial-2.mp4
genmanipulasjon,genmanipulasjon.mp4
genser 1,genser-1.mp4
genser 2,genser-2.mp4
genvariant,genvariant.mp4
geografi,geografi.mp4
geometri,geometri.mp4
geometri (matte),geometri-matte.mp4
geostasjonær,geostasjonaer.mp4
germansk,germansk.mp4
gevær,gevaer.mp4
gevinst,gevinst.mp4
geysir,geysir.mp4
Ghana,ghana.mp4
ghetto,ghetto.mp4
gi,gi.mp4
gi (til meg),gi-til-meg.mp4
gi gass,gi-gass.mp4
gi opp 1,gi-opp-1.mp4
gi opp 2,gi-opp-2.mp4
gi ut (utgi),gi-ut-utgi.mp4
gift (ekteskap) 1,gift-1.mp4
gift (ekteskap) 2,gift-2.mp4
gift/-ig 1,gift-ig.mp4
gift/-ig 2,gift-4.mp4
giftering,giftering.mp4
giftinformasjon,giftinformasjon.mp4
gips,gips.mp4
gips (bandasje),gips-bandasje-2.mp4
gipshøvel,gipshoevel.mp4
gipsplate,gipsplate.mp4
gir,gir-bil.mp4
gir (kjøretøy),gir-kjoeretoey.mp4
girboks,girboks.mp4
giro,giro.mp4
gissel,gissel.mp4
gitar,gitar.mp4
gjær,gjaer.mp4
gjær/-e,gjaer-e.mp4
gjeld,gjeld.mp4
gjeller,gjeller.mp4
gjemme,gjemme.mp4
gjemsel (lek) 1,gjemsel-lek-1.mp4
gjemsel (lek) 2,gjemsel-lek-2.mp4
gjenge,gjenger.mp4
gjengelim,gjengelim.mp4
gjengetapp,gjengetapp.mp4
gjengrodd,gjengrodd.mp4
gjennom,gjennom.mp4
gjennombrudd,gjennombrudd.mp4
gjennomføre,gjennomfoere.mp4
gjennomsiktig,gjennomsiktig.mp4
gjennomsnitt (matte),gjennomsnitt-matte.mp4
gjennomsnittsverdi,gjennomsnittsverdi.mp4
gjenopptakelseskommisjon,gjenopptakelseskommisjon.mp4
gjenstå (stå igjen),gjenstaa-staa-igjen.mp4
gjenta,gjenta.mp4
gjenvinne,gjenvinne.mp4
gjenvinning,gjenvinning.mp4
gjerde,gjerde.mp4
gjerdesag,gjerdesag.mp4
gjerne,gjerne.mp4
gjerrig 1,gjerrig-1.mp4
gjerrig 2,gjerrig-2.mp4
gjespe,gjespe.mp4
gjest (hos andre),gjest-hos-andre.mp4
gjest (hos meg),gjest-hos-meg.mp4
gjette,gjette.mp4
gjødsel 1,gjoedsel.mp4
gjødsel 2,gjodsel-2.mp4
gjøk,gjoek.mp4
gjøre,gjoere.mp4
gjøre noe man liker,holde-paa-med-noe-gjoere-noe-man-liker.mp4
Gjøvik,gjovik.mp4
glad,glad.mp4
glad 2 (også betydningen: å glede seg),glad-2-ogsaa-betydningen-aa-glede-seg.mp4
glad i,glad-i.mp4
glasert (feks grønnsaker),glasert-gronnsaker.mp4
glass (drikkeg-),glass-1.mp4
glass (materiale),glass-2.mp4
glatt,glatt.mp4
glava,glava-1.mp4
glede,glede.mp4
gleder seg,gleder-seg.mp4
glemme 1,glemme-1.mp4
glemme 2,glemme-2.mp4
gli,gli.mp4
glidelås,glidelaas.mp4
glidelås (lukke g-),glidelaas-2.mp4
glidemiddel,glidemiddel.mp4
glipp (å gå glipp av noe),glipp-av.mp4
glitre,glitre.mp4
glo (av ild),glo-av-ild.mp4
globus,globus.mp4
glose,glose.mp4
glukose 1,glukose-1.mp4
glukose 2,glukose-2.mp4
glukose 3,glukose-3.mp4
gnage,gnage.mp4
god dag,god-dag.mp4
god morgen 1,god-morgen-1.mp4
god morgen 2,god-morgen-2.mp4
god natt,god-natt.mp4
god/godt 1,god-godt-1.mp4
god/godt 2,god-godt-2.mp4
god/godt 3,god-godt-3.mp4
godartet,godartet-1.mp4
godkjenne,godkjenne.mp4
godkjent,godkjent-2.mp4
godseier,godseier.mp4
"godt: kose seg med, nyte",godt-kose-seg-med-nyte.mp4
godt: veldig godt,godt-veldig-godt.mp4
godta,godta.mp4
godter 1,godter-1.mp4
godter 2,godter-2.mp4
godtgjørelse,godtgjoerelse.mp4
Gol,gol.mp4
golf,golf.mp4
golfkølle,golfkoelle.mp4
Google 1,google-1.mp4
Google 2,google-2.mp4
Google Drive (skytjeneste),google-drive.mp4
gopro,gopro.mp4
gorilla,gorilla.mp4
Gøteborg,goeteborg.mp4
gøy,goey.mp4
grå 1,graa-1.mp4
grå 2,graa-2.mp4
grå 3,graa.mp4
grad (håndtverk),grad.mp4
grad (matematikk),grad-matematikk.mp4
grader (temperatur),grader-temperatur.mp4
grådig,graadig.mp4
gradvis 1,gradvis-1.mp4
gradvis 2,gradvis-2.mp4
graf,graf.mp4
grafikkort (IT),grafikkort-it.mp4
grafisk 1,grafisk-3.mp4
grafisk 2,grafisk-4.mp4
grafisk design,grafisk-design.mp4
grafisk designer,grafisk-designer.mp4
grafisk fremstilling,grafisk-fremstilling.mp4
gram 1,gram.mp4
gram 2,gram-2.mp4
grammatikk 1,grammatikk.mp4
grammatikk 2,grammatikk-2.mp4
gran,gran.mp4
Gran Canaria,gran-canaria.mp4
gråte 1,graate-1.mp4
gråte 2,graate-2.mp4
gratis,gratis.mp4
gratis 2,alpha.mp4
gratulere,gratulere.mp4
grav 1,grav-1.mp4
grav 2,grav-2.mp4
grave,grave.mp4
gravemaskin 1,gravemaskin.mp4
gravemaskin 2,gravemaskin-3.mp4
gravere,gravere.mp4
gravid/-itet,gravid-itet.mp4
gre,gre.mp4
grein,grein.mp4
greit,greit.mp4
gren,gren.mp4
grense,grense.mp4
grensekontroll,grensekontroll.mp4
grep,grep.mp4
gresk,gresk.mp4
gress,gress.mp4
gress (bane),gress-bane.mp4
gresshoppe,gresshoppe.mp4
gressklipper,gressklipper.mp4
gressløk,gresslok.mp4
Greta,greta.mp4
Grete-Grethe,grete.mp4
gretten,gretten.mp4
grill,grill.mp4
grillfest,grillfest.mp4
grillpølse,grillpoelse.mp4
gripe (gripe tak i),gripe-gripe-tak-i.mp4
gris,gris.mp4
grisunge,grisunge.mp4
Gro (navn),gro.mp4
grop,grop.mp4
grov,grov.mp4
grøft,groeft.mp4
grønn,groenn.mp4
grønn 2,groenn-2.mp4
grønnsaker,groennsaker.mp4
grønnsakssuppe,gronnsakssuppe.mp4
grøt 1,groet-1.mp4
grøt 2,groet-2.mp4
grunn 1,grunn.mp4
grunn 2,grunn-2.mp4
grunnfag,grunnfag.mp4
grunnflate,grunnflate.mp4
grunnlag,grunnlag.mp4
grunnlag/grunnlagt,grunnlag-grunnlagt.mp4
grunnlov,grunnlov.mp4
grunnskole,grunnskole.mp4
grunnstoff,grunnstoff.mp4
gruppe 1,gruppe-1.mp4
gruppe 2,gruppe-2.mp4
gruppepress,gruppepress.mp4
grus,grus.mp4
grusom,grusom.mp4
gryte,gryte.mp4
gryte/kasserolle 1,gryte-kasserolle-1.mp4
gryte/kasserolle 2,gryte-kasserolle-2.mp4
gryterett 1,gryterett.mp4
gryterett 2,gryterett-2.mp4
Guatemala,guatemala.mp4
Gud,Gud.mp4
gudmor,gudmor.mp4
gudstjeneste 1,gudstjeneste.mp4
gudstjeneste 2,gudstjeneste-2.mp4
gul,gul.mp4
gull 1,gull.mp4
gull 2,gull-1.mp4
gull 3,gull-2.mp4
gullfisk,gullfisk.mp4
gulost 1,gulost.mp4
gulost 2,gulost-2.mp4
gulrot,gulrot.mp4
gulrotkake,gulrotkake.mp4
gult kort,gult-kort.mp4
gulv,gulv.mp4
gulvbjelke,gulvbjelke.mp4
gulvlampe,gulvlampe.mp4
gulvlist,gulvlist.mp4
gulvspon,gulvspon.mp4
gulvteppe,gulvteppe.mp4
gummi,gummi.mp4
gummistøvler,gummistoevler.mp4
gummistrikk,gummistrikk.mp4
Gunn,gunn.mp4
Gunnar,gunnar.mp4
Gunnhild 1,gunnhild.mp4
Gunnhild 2,gunhild-2.mp4
Gunvald,gunvald.mp4
gurkemeie,gurkemeie.mp4
gutt,gutt.mp4
guttenavn,guttenavn.mp4
guvernør,guvernoer.mp4
gymnastikk,gymnastikk.mp4
gymsal,gymsal.mp4
gynekolog,gynekolog.mp4
gyngehest,gyngehest.mp4
gyngestol,gyngestol.mp4
H,H.mp4
H (tohåndsalfabetet),H-2.mp4
H 1,h-3.mp4
h-bjelke,h-bjelke.mp4
H-melk 1,H-melk-1.mp4
H-melk 2,H-melk-2.mp4
ha,ha.mp4
ha det,ha-det.mp4
hage,hage.mp4
hagebord,hagebord.mp4
hagemøbler,hagemoebler.mp4
hagl (nedbør),hagl-nedboer.mp4
hai,hai.mp4
haike,haike.mp4
hakeslepp,hakeslepp.mp4
hakke (hakke på noe/noen),hakke-hakke-paa-noe-noen.mp4
hakkespett,hakkespett.mp4
Håkon,haakon.mp4
halal (islam) 1,halal-2.mp4
halal (islam) 2,halal.mp4
hale (dra),hale-dra.mp4
hale 1,hale-1.mp4
hale 2,hale-2.mp4
hale: rørformet og krum,form-roerformet-og-krum.mp4
halfpipe,halfpipe.mp4
hall,hall.mp4
halleluja,halleluja.mp4
Halloween 1,halloween-1.mp4
Halloween 2,halloween-2.mp4
hallusinasjon 1,hallusinasjon.mp4
hallusinasjon 2,hallusinasjon-2.mp4
hals,hals.mp4
hals: lang hals,hals-lang-hals.mp4
halsbånd,halsbaand.mp4
halshugge,halshugge.mp4
halte,halte.mp4
halv/-t,halv-t.mp4
halvfullt,halvfullt.mp4
halvlangt hår,halvlangt-haar.mp4
Halvor,halvor.mp4
halvparten,halvparten.mp4
Hamar,hamar.mp4
hamburger,hamburger.mp4
hammer,hammer.mp4
Hammerfest,hammerfest.mp4
hån,haan.mp4
han/ham 1,han-ham-1.mp4
han/ham 2,han-ham-2.mp4
hånd,haand.mp4
hånd 2,alpha.mp4
håndalfabet,haandalfabet.mp4
håndarbeid,haandarbeid.mp4
håndball,haandball.mp4
håndballhall 1,haandballhall-1.mp4
håndballhall 2,haandballhall-2.mp4
håndbøyemaskin (til rør),haandboeyemaskin-boeye-roer.mp4
håndbrems,haandbrems.mp4
håndform,handform.mp4
handikap,handikap.mp4
handikap (i sport) 1,handicap-1.mp4
handikap (i sport) 2,handicap-2.mp4
håndkle,haandkle.mp4
handle,handle.mp4
håndleddstøtte,haandleddstoette.mp4
handlevogn,handlevogn.mp4
handling 1,handling.mp4
handling 2,handling-2.mp4
hands,hands.mp4
håndtak (bil),haandtak-bil.mp4
håndverk,haandverk.mp4
håndveske,haandveske.mp4
hane,hane.mp4
håne,haane.mp4
Hanne 1,hanne.mp4
Hanne 2,hanne-2.mp4
Hans,hans.mp4
hansker,hansker.mp4
hansker: ta på hansker,hansker-ta-paa-hansker.mp4
hanukka (jødisk høytid),hanukka.mp4
håp 1,haap-1.mp4
håp 2,haap-2.mp4
Hapå (pålegg),Hapaa-paalegg.mp4
håpe,haape.mp4
har,har.mp4
hår,haar.mp4
hår med fall,fall-i-haaret.mp4
har vært,harvaert.mp4
hår: halvlangt,halvlangt-haar.mp4
har: om andre,har-om-andre.mp4
hår: tykt og krøllet,haar-tykt-og-kroellet.mp4
hår: tykt og småkrøllet,haar-tykt-og-smaakroellet.mp4
Harald 1,harald.mp4
Harald 2,harald-2.mp4
Harare,harare.mp4
hårbørste,haarboerste.mp4
hard 1,hard-1.mp4
hard 2,hard-2.mp4
Hardangervidda,hardangervidda.mp4
harddisk,harddisk.mp4
hare,hare.mp4
hårføner,haarfoener.mp4
hårklipp,haarklipp.mp4
harmoni 1,harmoni-1.mp4
harmoni 2,harmoni-2.mp4
harpe,harpe.mp4
Harry,harry.mp4
Harstad,harstad.mp4
hårvask,haarvask.mp4
hasj,hasj.mp4
hasselnøtt,hasselnott.mp4
haste,haste.mp4
hate,hate.mp4
hatt,hatt.mp4
hatt: flosshatt,hatt-flosshatt.mp4
haug,haug.mp4
hav,hav.mp4
hav 2,hav-2.mp4
håv: fange med,fange-med-haav.mp4
Havana,havana.mp4
havn,havn.mp4
havreflarn,havreflarn.mp4
havregryn,havregryn.mp4
hæl (på foten),hael-paa-foten.mp4
hæren 1,haeren-1.mp4
hæren 2,haeren-2.mp4
heading,heading.mp4
healer/-ing,healer-healing.mp4
healing,healing.mp4
heat,heat.mp4
hebraisk 1,hebraisk.mp4
hebraisk 2,hebraisk-2.mp4
Hedmark,hedmark.mp4
hedning,hedning.mp4
hei,hei.mp4
Heidi,heidi.mp4
heie,heie.mp4
Heimdal,heimdal.mp4
Heimlichs manøver,heimlichs-manover.mp4
heis,heis.mp4
heise,heise.mp4
heisekran,heisekran.mp4
hekle,hekle.mp4
heks,heks.mp4
hektoliter,hektoliter.mp4
hel/-e (om tid),hel-e-om-tid.mp4
hel/-e (om ting),hel-e-om-ting.mp4
helbredelsestid,helbredelsestid.mp4
heldig,heldig.mp4
heldigvis 1,heldigvis-1.mp4
heldigvis 2,heldigvis-2.mp4
hele tall,hele-tall.mp4
Helen,helen.mp4
helg,helg.mp4
Helga,helga.mp4
Helge,helge.mp4
helikopter,helikopter.mp4
heliks (biologi),heliks.mp4
helium,helium.mp4
Hellas,hellas.mp4
helle (bøtte o.l.),helle-boette-ol.mp4
helle over i,helle-over-i.mp4
hellig,hellig-2.mp4
hellig (kirke),hellig.mp4
hellige skrifter,hellige-skrifter.mp4
helse 1,helse-1.mp4
helse 2,helse-2.mp4
helsepersonell-loven,helsepersonell-loven.mp4
helsesøster,helsesoester.mp4
Helsingfors,helsingfors.mp4
helst 1,helst.mp4
helst 2,helst-2.mp4
helstekt,helstekt.mp4
helt (person),helt-person.mp4
helvete 1,helvete-1.mp4
helvete 2,helvete-2.mp4
helvete 3,helvete-3.mp4
hemmelig/-het,hemmelig-het.mp4
hemmet,hemmet.mp4
hemoroider 1,hemorider.mp4
hemoroider 2,hemorider-2.mp4
Hemsedal,hemsedal.mp4
hende,hende.mp4
hendelse,hendelse.mp4
hendelser,hendelser.mp4
hender (flertall),hender-flertall.mp4
henge (over noe),henge-over-noe.mp4
henge (på krok o.a.),henge-paa-krok-oa.mp4
hengelås,hengelaas.mp4
hengsel,hengsel.mp4
henlagt,nedlagt-henlagt.mp4
henne,henne.mp4
hennes,hennes.mp4
henrette,henrette.mp4
Henrik,henrik.mp4
Henry,henry.mp4
hensikt,hensikt.mp4
hensyn (ta hensyn til),hensyn-ta-hensyn-til.mp4
hente,hente.mp4
henvise 1,henvise-1.mp4
henvise 2,henvise-2.mp4
her,her.mp4
herfra,herfra.mp4
herje,herje.mp4
herlighet,herlighet.mp4
herme 1,herme-1.mp4
herme 2,herme-2.mp4
hermetikk 1,hermetikk-1.mp4
hermetikk 2,hermetikk-2.mp4
heroin,heroin.mp4
herre,herre.mp4
herregud,herregud.mp4
Herren (Gud),Herren-Gud.mp4
herske,herske.mp4
hersker,hersker.mp4
hes,hes.mp4
hest,hest.mp4
het (lufttemperatur),het-lufttemperatur.mp4
het (mat/drikke),het-mat-drikke.mp4
heter,heter.mp4
heterofil,heterofil.mp4
heterofili,heterofili.mp4
hette 1,hette-1.mp4
hette 2,hette-2.mp4
heve,heve.mp4
hevelse,hevelse.mp4
hevn,hevn.mp4
hi,hi.mp4
hikke,hikke.mp4
hilse/-n (til/fra),hilse-n-til-fra.mp4
Himalaya,himalaya.mp4
himling,himling-2.mp4
himmel,himmel-2.mp4
hindre,hindre.mp4
hindring 1,faar-ikke-til-2.mp4
hindu,hindu.mp4
hinduisme,hinduismen.mp4
hinke,hinke.mp4
hissig,hissig.mp4
historie (fag),historie-fag.mp4
historie (fortelling),historie-fortelling.mp4
hit,hit.mp4
hjelm,hjelm.mp4
hjelpe,hjelpe.mp4
hjelpemidler,hjelpemidler.mp4
hjelpepleier,hjelpepleier.mp4
hjelpetrener,hjelpetrener.mp4
hjelpsom,hjelpsom.mp4
hjem/-me,hjem-me.mp4
hjemmeeksamen,hjemmeeksamen.mp4
hjemmelaget,hjemmelaget.mp4
hjemmeside,hjemmeside.mp4
hjemmesoning,hjemmesoning.mp4
hjemmeværende,hjemmevaerende.mp4
hjerne 1,hjerne-1.mp4
hjerne 2,hjerne.mp4
hjernehinnebetennelse,hjernehinnebetennelse.mp4
hjernekreft,hjernekreft.mp4
hjernerystelse 1,hjernerystelse-1.mp4
hjernerystelse 2,hjernerystelse-2.mp4
hjerneslag,hjerneslag.mp4
hjerte (form),hjerte-2.mp4
hjerte (organ),hjerte.mp4
hjerte- og karssykdom,hjerte-kars-sykdom.mp4
hjerteinfarkt,hjerteinfarkt.mp4
hjertekammer 1,hjertekammer-1.mp4
hjertekammer 2,hjertekammer-2.mp4
hjerteklaff,hjerteklaff.mp4
hjertesvikt,hjertesvikt.mp4
hjort,hjort.mp4
hjørne,hjoerne.mp4
hjørnebord (byggfag) 1,hjoernebord-1.mp4
hjørnebord (byggfag) 2,hjoernebord-2.mp4
hjørnespark,hjoernespark.mp4
hjul (entall),hjul-entall.mp4
hjul (flertall),hjul-flertall.mp4
hjullager,hjullager-1.mp4
hjullaster,hjullaster.mp4
hobby 1,hobby.mp4
hobby 2,hobby-2.mp4
hode/-t,hode-t.mp4
hodekål,hodekal.mp4
hodepine,hodepine.mp4
hogge (felle tre),hogge-felle-tre.mp4
hoggjerm (verktøy),hoggjern.mp4
hoggorm,hoggorm.mp4
hokus pokus,hokus-pokus.mp4
hold kjeft 1,hold-kjeft-1.mp4
hold kjeft 2,hold-kjeft-2.mp4
holde (foredrag/tale),holde-foredrag-tale.mp4
holde munn,holde-munn.mp4
holde på (bedrive),fortsette.mp4
holde sammen,holde-sammen-vaere-sammen-gaa-sammen.mp4
holde ut,holde-ut.mp4
holdning,holdning.mp4
holdningskampanje,holdningskampanje.mp4
Holland,holland.mp4
Holmenkollen,holmenkollen.mp4
Holmestrand,Holmestrand.mp4
holocaust,holocaust.mp4
homofil,homofil.mp4
homofili,homofili.mp4
homolog/-e,homologe.mp4
Honda,honda.mp4
Hong Kong,hong-kong.mp4
honning,honning.mp4
honningmelon 1,honngmelon.mp4
honningmelon 2,honningmelon-2.mp4
honorar,honorar.mp4
hopp (skihopp),hopp-skihopp.mp4
hoppe,hoppe-opp-og-ned.mp4
hoppe-framover,hoppe-framover.mp4
hoppetau,hoppe-tau.mp4
Hordaland 1,hordaland-1.mp4
Hordaland 2,hordaland-2.mp4
horisont,horisont.mp4
hormon,hormon.mp4
hormonsenter,hormonsenter.mp4
horn,horn.mp4
"horn: lange, krumme horn",horn-lange-krumme-horn.mp4
hornsalt,hornsalt.mp4
horoskop,horoskop.mp4
hos,hos.mp4
hoste,hoste.mp4
hostesaft,hostesaft.mp4
hotell,hotell.mp4
hoved-,hoved-.mp4
hovedforhandling,hovedforhandling.mp4
hovedkontor,hovedkontor.mp4
hovedprest,hovedprest.mp4
hovedrett,hovedrett.mp4
hovedrolle,hovedrolle.mp4
hovedstad,hovedstad.mp4
hoven (kinn),hoven-kinn.mp4
hovmester,hovmester.mp4
hovne (lymfekjertler),hovne-lymfekjertler.mp4
høflig,hoeflig.mp4
høne,hoene.mp4
hønsegård,hoensegaard.mp4
høre,hoere.mp4
høre stemmer,hoere-stemmer.mp4
høreapparat,hoereapparat.mp4
hørsel,hoersel.mp4
hørselshemmet,hoerselshemmet.mp4
hørselsnerve 1,hoerselsnerve-1.mp4
hørselsnerve 2,hoerselsnerve-2.mp4
hørselssentral,hoerselssentral.mp4
hørselsvern,hoerselsvern.mp4
hørselvern,hoerselvern.mp4
høst 1,hoest.mp4
høst 2,host.mp4
høste,hoeste.mp4
høvel 1,hoevel.mp4
høvel 2,hoevel-2.mp4
høvle,hoevle.mp4
høy,hoey.mp4
høy (gress),hoey-gress.mp4
høy 1,hoey-1.mp4
høy 2,hoey-2.mp4
høybygg,hoeybygg.mp4
høyde,hoeyde.mp4
høyde (høydehopp),hoeyde-hoeydehopp.mp4
høyde (matte),hoeyde-matte.mp4
høydepunkt 1,hoeydepunkt-1.mp4
høydepunkt 2,hoeydepunkt-2.mp4
høydetrening,hoeydetrening.mp4
høyesterett,hoeyesterett.mp4
høyre,hoeyre.mp4
høyreback,hoeyreback.mp4
høyreklikke (datamus) 1,hoyreklikke-1.mp4
høyreklikke (datamus) 2,hoyreklikke-2.mp4
høyreving,hoeyreving.mp4
høyt nivå,nivaa-hoeyt.mp4
høytid,hoeytid.mp4
høytrykk,hoeytrykk.mp4
høyttaler,hoeyttaler.mp4
HTML5 (internett),HTML5.mp4
hud 1,hud.mp4
hud 2,hud-1.mp4
hud 3,hud-3.mp4
hud 4,hud-2.mp4
hudkreft,hudkreft.mp4
hudvev,hudvev.mp4
hugge av hodet,hugge-av-hodet.mp4
huggorm,huggorm.mp4
hule (grotte),hule-grotte.mp4
hulelignelse (Platon),hulelignelse%20(Platon).mp4
hullplate,hullplate.mp4
hullsag,hullsag-3.mp4
Human-Etisk,human-etisk.mp4
humanist,humanist.mp4
humle,humle.mp4
hummer 1,hummer.mp4
hummer 2,hummer-2.mp4
hummer 3,hummer-3.mp4
humør,humoer.mp4
hun,hun.mp4
hund 1,hund-1.mp4
hund 2,hund-2.mp4
hundemat,hundemat.mp4
hundre,hundre.mp4
hunger,hunger.mp4
hungersnød,hungersnoed.mp4
hurra,hurra.mp4
hurtig 1,hurtig-1.mp4
hurtig 2,hurtig-2.mp4
hurtighet,hurtighet.mp4
hus,hus.mp4
husarrest,husarrest.mp4
huske,huske.mp4
huske (disse),huske-disse.mp4
huske (vippe),huske-vippe.mp4
husleie,husleie.mp4
husmor 1,husmor-1.mp4
husmor 2,husmor-2.mp4
hva 1,hva-1.mp4
hva 2,hva-2.mp4
hva slags 1,hva-slags-1.mp4
hva slags 2,hva-slags-2.mp4
hval,hval.mp4
hvalkjøtt,hvalkjott.mp4
hvem,hvem.mp4
hver,hver.mp4
hver dag 1,hverdag-2.mp4
hver dag 2,hverdag.mp4
hverandre,hverandre.mp4
hvert,hvert.mp4
hvile 1,hvile.mp4
hvile 2,hvile-kjottet.mp4
hvile 3,avslappende-1.mp4
hvilken 1,hvilken-2.mp4
hvilken 2,hvilken-1.mp4
hvilken 3,hvilken-3.mp4
hvis,hvis.mp4
hviske,hviske.mp4
hvit 1,hvit-1.mp4
hvit 2,hvit-2.mp4
hvit 3,hvit-3.mp4
hvitbalanse (foto/video) 1,hvitbalanse-1.mp4
hvitbalanse (foto/video) 2,hvitbalanse-2.mp4
Hviterussland 1,hviterussland.mp4
Hviterussland 2,hviterussland-2.mp4
hvitløk,hvitlok.mp4
hvitost 1,hvitost.mp4
hvitost 2,hvitost-2.mp4
hvitvin,hvitvin.mp4
hvor 1,hvor-1.mp4
hvor 2,hvor-2.mp4
hvor mange,hvor-mange.mp4
hvor mye,hvor-hvor-mye-ol.mp4
hvordan,hvordan.mp4
hvorfor,hvorfor.mp4
hybel,hybel.mp4
hybrid,hybrid-2.mp4
hydrogen,hydrogen.mp4
hydrogen 1,hydrogen-1.mp4
hydrogen 2,hydrogen-2.mp4
hyggelig,hyggelig.mp4
hygiene/-isk,hygiene-isk.mp4
hyl/-e,hyl-e.mp4
hylle,hylle.mp4
hylle (anerkjennelse),hylle-anerkjennelse.mp4
hyper,hyper.mp4
hyse,hyse-2.mp4
hysj/-e,hysj-e.mp4
hyssing,hyssing.mp4
hysterioform personlighetsforstyrrelse,hysterioform-personlighetsforstyrrelse.mp4
hysterisk,hysterisk.mp4
hytte,hytte.mp4
I,I.mp4
i (inni),i-inni.mp4
I (tohåndsalfabetet),I-2.mp4
i alle fall,i-alle-fall.mp4
i år,i-aar.mp4
i dag,i-dag.mp4
i fjor,i-fjor.mp4
i forbindelse med,i-forbindelse-med.mp4
i forgårs,i-forgaars.mp4
i går,i-gaar.mp4
i går 2,i-gaar-2.mp4
i morgen,i-morgen.mp4
i morges 1,i-morges-1.mp4
i morges 2,i-morges-2.mp4
i overmorgen,i-overmorgen.mp4
i stykker,i-stykker.mp4
i tilfelle,itilfelle.mp4
i veien,i-veien.mp4
id al-fitr (muslimsk høytid),id-fest.mp4
ide,ide.mp4
ideal,ideal.mp4
idealisme,idealisme.mp4
ideell,ideell.mp4
identitet 1,identitet-2.mp4
identitet 2,identitet.mp4
ideologi,ideologi.mp4
ideskisse,ideskisse.mp4
idiot,idiot.mp4
idrett,idrett.mp4
IE (Internet Explorer - nettleser),IE.mp4
igjen,igjen.mp4
ikke,ikke.mp4
ikke lyst,ikke-lyst.mp4
ikke mer,kun.mp4
ild,ild.mp4
illusjon 1,illusjon.mp4
illusjon 2,illusjon-2.mp4
illustrasjon,illustrasjon.mp4
imam 1,imam.mp4
imam 2,imam-2.mp4
immunforsvar 1,immunforsvar.mp4
immunforsvar 2,immunforsvar-2.mp4
imot (ta imot noe/noen),imot-ta-imot-noe-noen.mp4
imot (være imot noe),imot-vaere-imot-noe.mp4
implantat (CI),implantantet.mp4
imponert,imponert.mp4
import,import.mp4
impotens,impotens.mp4
impotent,impotent.mp4
impregnert,impregnert-1.mp4
improvisere,improvisere.mp4
impuls,impuls.mp4
impulskontroll,impulskontroll.mp4
India,india.mp4
indianer,indianer.mp4
indirekte frispark,indirekte-frispark.mp4
indisk,indisk.mp4
individuell,individuell.mp4
individuell plan,individuell-plan.mp4
indoeuropeisk,indoeuropeisk.mp4
Indonesia 1,indonesia-1.mp4
Indonesia 2,indonesia-2.mp4
Indonesia 3,indonesia-3.mp4
Indonesia 4,indonesia-4.mp4
indre,indre.mp4
indre kanalsystem,indre-kanalsystem.mp4
indrefilet 1,indrefilet-1.mp4
indrefilet 2,indrefilet-2.mp4
indreløper,indreloeper.mp4
industri,industri.mp4
infarkt (hjerteinfarkt),infarkt-hjerteinfarkt.mp4
infeksjon 1,infeksjon-2.mp4
infeksjon 2,infeksjon.mp4
inflasjon,inflasjon.mp4
influensa,influensa.mp4
informant,informant.mp4
informasjon 1,informasjon.mp4
informasjon 2,informasjon-2.mp4
informasjonsrådgiver,informasjonsraadgiver.mp4
informere,informere.mp4
Inge,inge.mp4
ingefær,ingefaer.mp4
ingen,ingen.mp4
ingeniør,ingenioer.mp4
ingenting,ingenting.mp4
Inger,inger.mp4
ingredienser,ingredienser.mp4
ingress 1,ingress.mp4
ingress 2,ingress-2.mp4
Ingrid,ingrid.mp4
inhabil,inhabil.mp4
inhalator,inhalator.mp4
initiativ 1,initiativ-1.mp4
initiativ 2,initiativ-2.mp4
inkarnasjon,inkarnasjon.mp4
inn,inn.mp4
inn: gå inn,inn-gaa-inn.mp4
innbilsk,innbilsk.mp4
innblåsning (HLR),innblaasning-hlr.mp4
innbrudd,innbrudd.mp4
innbygger,innbygger.mp4
inne,inne.mp4
innebære,innebaere.mp4
innenfor,innenfor.mp4
innenriks,innenriks.mp4
innesko,innesko.mp4
innhold,innhold.mp4
innimellom,innimellom.mp4
innkalle,innkalle.mp4
innkreve/-ing,innkreve-ing.mp4
innlagt,innlagt.mp4
innlevere/-ing,innlevere-ing.mp4
innredning,innredning.mp4
innsamling,innsamling.mp4
innsats,innsats.mp4
innsette (penger o.l.),innsette-penger-ol.mp4
innskudd,innskudd.mp4
inntekt,inntekt.mp4
inntil,inntil.mp4
inntrenger,inntrenger.mp4
inntrykk,inntrykk.mp4
innvandrer,innvandrer.mp4
innvendig,innvendig.mp4
innvie,innvie.mp4
insekt,insekt.mp4
inspeksjon,inspeksjon.mp4
inspektør,inspektoer.mp4
inspirere,inspirere.mp4
inspisere,inspisere.mp4
Instagram (app) 1,instagram-1.mp4
Instagram (app) 2,instagram-2.mp4
institusjon,institusjon.mp4
institusjonskokk,institusjonskokk.mp4
institutt,institutt.mp4
instruere,instruere.mp4
instruksjon,instruksjon.mp4
instruktør,instruktoer.mp4
instrument,instrument.mp4
insulin (sette i-),sette-insulin.mp4
integrere/-ing,integrere-ing.mp4
intelligent,intelligent.mp4
intensiv,intensiv.mp4
interaksjonsdesigner,interaksjonsdesigner.mp4
interessant,interessant.mp4
interesse,interesse.mp4
interessert,interessert.mp4
interiør,interior.mp4
internasjonal,internasjonal.mp4
internat,internat.mp4
internett 1,internett.mp4
internett 2,internett-2.mp4
intervall,intervall.mp4
intervall (matte),intervall-matte.mp4
intervju 1,intervju.mp4
intervju 2,intervju-2.mp4
intervjuobjekt,intervjuobjekt.mp4
intim,intim.mp4
intimitet,intimitet.mp4
intoleranse,intoleranse.mp4
investere/-ing,investere-ing.mp4
invitasjon,invitasjon.mp4
invitere,invitere.mp4
ion,ion.mp4
IOP (individuell opplæringsplan),iop-individuell-opplaeringsplan.mp4
iPad 1,ipad-4.mp4
iPad 2,ipad-2.mp4
iPad 3,ipad-3.mp4
iPhone 1,iphone-1.mp4
iPhone 2,iphone-2.mp4
Irak 1,irak-3.mp4
Irak 2,irak-2.mp4
Irak 3,irak-1.mp4
Iran,iran.mp4
Irland 1,irland-1.mp4
Irland 2,irland-2.mp4
Irland 3,irland-3.mp4
ironi,ironi.mp4
irritere,irritere.mp4
irriterende,irriterende.mp4
irritert 1,irritert.mp4
irritert 2,irritert-3.mp4
is (å spise) 1,is.mp4
is (å spise) 2,is-aa-spise-2.mp4
is (på vannet),is-paa-vannet.mp4
isbjørn,isbjoern.mp4
isbre,isbre.mp4
ishockey 1,ishockey.mp4
ishockey 2,ishockey-2.mp4
ishockeykølle,ishockeykoelle.mp4
islam,islam.mp4
Islamabad,islamabad.mp4
Island 1,island-1.mp4
Island 2,island-2.mp4
ISO (foto/video),ISO.mp4
isolasjon,isolasjon.mp4
isolasjon (byggfag) 1,isolasjon-1.mp4
isolasjon (byggfag) 2,isolasjon-2.mp4
isolert,isolert.mp4
Israel 1,israel-1.mp4
Israel 2,israel-2.mp4
Israel 3,israel-3.mp4
istapper,istapper.mp4
istedenfor,istendenfor.mp4
Italia 1,italia-1.mp4
Italia 2,italia-2.mp4
Ivar 1,ivar1.mp4
Ivar 2,ivar-2.mp4
ivrig,ivrig.mp4
J,J.mp4
J (tohåndsalfabetet) 1,J-2-1.mp4
J (tohåndsalfabetet) 2,J-2-2.mp4
ja,ja.mp4
jada,jada.mp4
jakke,jakke.mp4
Jakob,jakob.mp4
jakt,jakt.mp4
jaktstart,jaktstart.mp4
Jan 1,jan.mp4
Jan 2,jan-2.mp4
Jannicke,janicke.mp4
januar,januar.mp4
Japan,japan.mp4
Jarlsberg (ost),jarlsberg.mp4
javel,javel.mp4
jeep,jeep.mp4
jeg,jeg.mp4
jeger,jeger.mp4
Jehovas vitner 1,jehovas-vitne-1.mp4
Jehovas vitner 2,jehovas-vitne-2.mp4
jekk,jekk.mp4
jekke,jekke-aa.mp4
jeksel,jeksel.mp4
Jemen,jemen.mp4
jente,jente.mp4
jentenavn,jentenavn.mp4
jern,jern.mp4
jernbane,jernbane.mp4
jernbanestasjon,jernbanestasjon.mp4
Jerusalem,jerusalem.mp4
Jerusalem (jødisk-israelsk),jerusalem-2.mp4
Jerusalem (muslimsk-arabisk),jerusalem-3.mp4
Jesus,Jesus.mp4
Jesusbarnet,jesusbarnet.mp4
jo,jo.mp4
jobb,jobb.mp4
jobbe,jobbe.mp4
joggesko,joggesko.mp4
Johan,johan.mp4
Johannes (evangelie),johannes-evangelium.mp4
John 1,john.mp4
John 2,john-2.mp4
joik,joik.mp4
jomfru,jomfru.mp4
jord 1,jord-1.mp4
jord 2,jord-2.mp4
jorda,jorda.mp4
Jordan,jordan.mp4
jordbær 1,jordbaer.mp4
jordbær 2,jordbaer-2.mp4
jordbær 3,jordbaer-4.mp4
jorden (planet),jorden-planet.mp4
jordmor,jordmor.mp4
jordskjelv,jordskjelv.mp4
joule (måleenhet),joule.mp4
journalist 1,journalist-2.mp4
journalist 2,journalist-3.mp4
jøde,joede.mp4
jødedom,joededommen.mp4
jødisk,joedisk.mp4
Jørgen,joergen.mp4
Jørn,joern.mp4
jubileum,jubileum.mp4
Judas (bibelsk person),judas.mp4
juice,juice.mp4
juiceblender,juiceblender.mp4
juks,juks.mp4
jukse,jukse.mp4
jul 1,jul.mp4
jul 2,jul-gammelt-tegn.mp4
julaften 1,julaften.mp4
julaften 2,julaften-2.mp4
julebukk,julebukk.mp4
julegaver,julegaver.mp4
julekake,julekake.mp4
julekort,julekort.mp4
julenisse,julenisse.mp4
julepynt,julepynt.mp4
julestemning,julestemning.mp4
juletre,juletre.mp4
juletrepynt,juletrepynt.mp4
juli 1,juli-1.mp4
juli 2,juli-2.mp4
Julie,julie.mp4
jungel 1,jungel-1.mp4
jungel 2,jungel-2.mp4
juni 1,juni-1.mp4
juni 2,juni-2.mp4
junior,junior.mp4
juridisk,juridisk.mp4
jurist,jurist.mp4
jury 1,jury-1.mp4
jury 2,jury-2.mp4
jus,jus.mp4
justere/-ing 1,justere-ing-1.mp4
justere/-ing 2,justere-ing-2.mp4
justere/-ing 3,justere.mp4
justere/-ing 4,justere-1.mp4
justert trelast,justert-traelast.mp4
justismord,justismord.mp4
K,K.mp4
K (tohåndsalfabetet),K-2.mp4
kabel,kabel.mp4
kafé,kafe.mp4
kaffe,kaffe.mp4
kaffe: drikke kaffe,drikke-kaffe.mp4
kaffebønner,kaffebonner.mp4
kaffetrakter,kaffetrakter.mp4
kai 1,kai-1.mp4
kai 2,kai-2.mp4
kajakk,kajakk.mp4
kakao,kakao.mp4
kake,kake.mp4
kake (småkake),kake-smaakake.mp4
kakeboks,kakeboks.mp4
kaktus,kaktus.mp4
kål,kael.mp4
kaldt,kaldt.mp4
kaldt: veldig kaldt,kaldt-veldig-kaldt.mp4
kalender 1,kalender.mp4
kalender 2,kalender-2.mp4
kalkulator,kalkulator.mp4
kalkun 1,kalkun.mp4
kalkun 2,kalkun-2.mp4
kalkyle,kalkyle.mp4
kall (rel.),kall-rel.mp4
kalle/-s,kalle-s.mp4
kålrot,kaalrot.mp4
kalsium,kalsium.mp4
kalv 1,kalv-1.mp4
kalv 2,kalv-2.mp4
kam,kam.mp4
kamaksel,kamaksel.mp4
Kambodsja,kambodsja.mp4
kamel,kamel.mp4
kamera (video) 1,kamera-video-1.mp4
kamera (video) 2,kamera-video-2.mp4
kamerat/-skap,kamerat-skap.mp4
kameravinkel,kameravinkel.mp4
"kamme, gre",kamme-gre.mp4
kamp (lagkamp),kamp-lagkamp.mp4
kampanje 1,kampanje-1.mp4
kampanje 2,kampanje-2.mp4
kampanje 3,kampanje-3.mp4
kamskjell,kamskjell-2.mp4
kan 1,kan-1.mp4
kan 2,kan-2.mp4
kandidat,kandidat.mp4
kanin,kanin.mp4
kanne,kanne.mp4
kano,kano.mp4
kanon,kanon.mp4
kanskje 1,kanskje-1.mp4
kanskje 2,kanskje-2.mp4
kanskje 3,kanskje-3.mp4
kant,kant-1.mp4
Kant (filosof),kant-filosof.mp4
kant (idrett),kant.mp4
kantine 1,kantine.mp4
kantine 2,kantine-2.mp4
kaos,kaos.mp4
kåpe,kaape.mp4
kapellan,kapellan.mp4
kapitalisme,kapitalisme.mp4
kappe/-s,kappe-s.mp4
kappmaskin,kappmaskin.mp4
kappsag,kappsag.mp4
kapre,kapre.mp4
kaptein (sport),kaptein.mp4
kar (blodkar),kar-blod.mp4
karakter (utdanning),karakter-utdanning.mp4
karakter (utdanning) 2,karakter-utdanning-2.mp4
karamell,karamell.mp4
karamellpudding,karamellpudding.mp4
karantene,karantene.mp4
karate,karate.mp4
karavane,karavane.mp4
karbohydrater,karbohydrater.mp4
karbonade,karbonade.mp4
karbonadekaker,karbonadekaker.mp4
karbondioksid,karbondioksid.mp4
Kåre,kaare.mp4
Kari 1,kari-2.mp4
Kari 2,kari-3.mp4
Karin 1,karin.mp4
Karin 2,karin-2.mp4
Karina 1,karina.mp4
Karina 2,karina-2.mp4
Karl 1,karl.mp4
Karl 2,karl-2.mp4
karma,karma.mp4
karma (handling i religion),karma-religion.mp4
karneval,karneval.mp4
karriere,karriere.mp4
kart 1,kart.mp4
kart 2,kart-2.mp4
karusell,karusell.mp4
kåsere,kaasere.mp4
kåseri 1,kaaseri-1.mp4
kåseri 2,kaaseri-2.mp4
kasse (til varer o.a.),kasse-til-varer-oa.mp4
kasse/kassa,kasse-kassa.mp4
kasserer,kasserer.mp4
kasserolle 1,kasserolle.mp4
kasserolle 2,kasserolle-2.mp4
kassett,kassett.mp4
kast (kulestøt),kast-kulestoet.mp4
kaste,kaste.mp4
kaste (ball),kaste-ball.mp4
kaste (hinduismen),kaste-hinduismen.mp4
kaste opp (oppkast) 1,kaste-opp-oppkast-1.mp4
kaste opp (oppkast) 2,kaste-opp-oppkast-2.mp4
kaste ut,kaste-ut.mp4
kåt,kaat.mp4
katalog,katalog.mp4
katastrofe,katastrofe.mp4
katedral 1,katedral-2.mp4
katedral 2,katedral-1.mp4
kategori,kategori.mp4
kateket 1,kateket-1.mp4
kateket 2,kateket-2.mp4
kateter (urin),kateter.mp4
Kathrine-Katrine 1,katrine-2.mp4
Kathrine-Katrine 2,katrine-3.mp4
Katmandu,katmandu.mp4
katolikk,katolikk.mp4
katolsk,katolikk-katolsk.mp4
katt,katt.mp4
kausjonist,kausjonist.mp4
kaviar,kaviar.mp4
kavring,kaving.mp4
kebab 1,kebab-4.mp4
kebab 2,kebab5.mp4
keeper 1,keeper-1.mp4
keeper 2,keeper-2.mp4
keiser,keiser.mp4
keisersnitt,keisersnitt.mp4
keivhendt,keivhendt.mp4
kelner 1,kelner.mp4
kelner 2,kelner-2.mp4
kenguru,kenguru.mp4
Kenya,kenya.mp4
keramikk,keramikk.mp4
ketchup,ketchup.mp4
kikhoste,kikhoste.mp4
kikke,kikke.mp4
kikkert,kikkert.mp4
kilde 1,kilde-2.mp4
kilde 2,kilde-1.mp4
kilde 3,kilde-4.mp4
kildekode,kildekode.mp4
kile,kile.mp4
kilo (kg),kilo-kg.mp4
kilometer,kilometer.mp4
Kim,kim.mp4
Kina 1,kina-1.mp4
Kina 2,kina-2.mp4
kinakål,kinakaal.mp4
kinn,kinn.mp4
kino,kino.mp4
kiosk,kiosk.mp4
kirke,kirke.mp4
kirkegård,kirkegaard.mp4
kirkeklokke,kirkeklokke.mp4
kirkeklokke 3,alpha.mp4
kirketjener,kirketjener.mp4
kirsebær,kirsebaer.mp4
kirurg,kirurgi.mp4
kirurgi,kirurgi.mp4
kiste (båre),kiste-baare.mp4
kite,kite.mp4
kjæle (klemme),kjaele-klemme.mp4
kjære,kjaere.mp4
kjæreste,kjaereste.mp4
kjærlighet,kjaerlighet.mp4
kjærlighetsbrev,kjaerlighetsbrev.mp4
kjede,kjede.mp4
kjede (halskjede),kjede-halskjede.mp4
kjede (kjetting),kjede-kjetting.mp4
kjedehjul,kjedehjul.mp4
kjedelig 1,kjedelig-1.mp4
kjedelig 2,kjedelig-2.mp4
kjedereim,kjedereim.mp4
kjefte,kjefte.mp4
kjegle,kjegle.mp4
kjegle (bowling),kjegle-bowling.mp4
kjekk,kjekk.mp4
kjeksbunn,kjeksbunn-2.mp4
kjele,kjele.mp4
kjelke,kjelke.mp4
kjeller,kjeller.mp4
kjemi,kjemi.mp4
kjemikalier,kjemikalier.mp4
kjemisk,kjemisk.mp4
kjempe 1,kjempe-1.mp4
kjempe 2,kjempe-2.mp4
kjendis,kjendis.mp4
kjenne,kjenne.mp4
kjenne (føle),kjenne-foele.mp4
kjennelse 1,kjennelse.mp4
kjennelse 2,kjennelse-2.mp4
kjent,kjent.mp4
kjent (berømt),kjent-beroemt.mp4
kjerne,kjerne.mp4
kjertel,kjertel-2.mp4
kjertelvev,kjertelvev.mp4
Kjetil,kjetil.mp4
kjeve,kjeve.mp4
kjeveben,kjeveben.mp4
kjevle,kjevle.mp4
kjole,kjole.mp4
kjole: lang kjole,kjole-lang-kjole.mp4
kjøkken,kjoekken.mp4
kjøkken 2,kjokken-2.mp4
kjøkkenbenk,kjoekkenbenk.mp4
kjøkkenutstyr,kjoekkenutstyr.mp4
kjøleskap 1,kjoeleskap-1.mp4
kjøleskap 2,kjoeleskap-2.mp4
kjøleskap 3,alpha.mp4
kjølig 1,kjoelig-1.mp4
kjølig 2,kjoelig-2.mp4
kjønn,kjoenn.mp4
kjønnsmodning,kjoennsmodning.mp4
kjøpe,kjoepe.mp4
kjøre,kjoere.mp4
kjøre snowboard,kjoere-snowboard.mp4
kjøretøy,kjoretoy.mp4
kjøtt,kjoett.mp4
kjøtt-pålegg,kjoett-paalegg.mp4
kjøttdeig,kjoettdeig-4.mp4
kjøttkaker,kjoettkaker.mp4
kjøttkniv 1,kjottkniv.mp4
kjøttkniv 2,kjottkniv-2.mp4
kjøttskjæring,kjottskjaering.mp4
klage,klage.mp4
klappe (applaudere),klappe-applaudere.mp4
klappe (feks hund),klappe.mp4
klar/-t,klar-t.mp4
klar/-t 2,klare-2.mp4
klare,klare.mp4
klase,klase.mp4
klasse,klasse.mp4
klassebilde,klassebilde.mp4
klasserom,klasserom.mp4
klassisk,klassisk.mp4
klassisk (langrenn),klassisk-langrenn.mp4
klatre,klatre.mp4
klær 1,klaer-1.mp4
klær 2,klaer-2.mp4
klær: tykke klær,klaer-tykke-klaer.mp4
klær: tynne klær,klaer-tynne-klaer.mp4
kle av,kle-av.mp4
kle på 1,kle-paa-1.mp4
kle på 2,kle-paa-3.mp4
kle på 3,kle-paa-2.mp4
kle seg ut,kle-seg-ut.mp4
klebebånd,klebebaand.mp4
kledning -liggende 1,kledning-liggende.mp4
kledning -liggende 2,kledning-liggende_1.mp4
kledning -stående 1,kledning-staaende.mp4
kledning -stående 2,kledning-staaende_1.mp4
kledning (legge k-) 1,kledning-sette-opp.mp4
kledning (legge k-) 2,liggende-kledning-vegg.mp4
klekke,klekke.mp4
klem,klem.mp4
klementin 1,klementin.mp4
klementin 2,klementin-3.mp4
klemme,klemme.mp4
klesmerke,klesmerke.mp4
klikke,klikke.mp4
klikkertrening (hundesport),klikkertrening-hundesport.mp4
klima,klima.mp4
klimaks,klimaks.mp4
klinikk 1,klinikk-1.mp4
klinikk 2,klinikk-2.mp4
klipp (film),klipp-film.mp4
klippe,klippe.mp4
klippe (billett),klippe-billett.mp4
klippe (fjell),klippe-fjell.mp4
klippe (håret),klippe-haaret.mp4
klister 1,klister-1.mp4
klister 2,klister-2.mp4
klistre (lime),klistre-lime.mp4
klo,klo.mp4
kloakk 1,kloakk.mp4
kloakk 2,kloakk-2.mp4
klok,klok.mp4
klokke (armbåndsur),klokke-armbaandsur.mp4
klokke (kirkeklokke),klokke-kirkeklokke.mp4
klore (andre),klore-andre.mp4
klore (meg),klore-meg.mp4
klorofyll,klorofyll.mp4
kloroplast,kloroplast.mp4
kloss (byggekloss),kloss-byggekloss.mp4
kloster 1,kloster-1.mp4
kloster 2,kloster-2.mp4
klov,klov.mp4
klovn 1,klovn.mp4
klovn 2,klovn-2.mp4
klø,kloe.mp4
kløe,kloe.mp4
kløver (i kortspill),kloever-i-kortspill.mp4
klubb 1,klubb-1.mp4
klubb 2,klubb-2.mp4
klubbmesterskap,klubbmesterskap.mp4
kna,kna.mp4
knapp,knapp.mp4
knapp/knapt,knapp-knapt.mp4
knapper,knapper.mp4
kne,kne.mp4
knekke,knekke.mp4
knekkebrød 1,knekkebroed.mp4
knekkebrød 2,knekkebroed-2.mp4
knekkebrød 3,knekkebroed-3.mp4
knele,knele.mp4
knepen,knepen.mp4
kneppe igjen,kneppe-igjen.mp4
kniv 1,kniv.mp4
kniv 2,kniv-2.mp4
kniv 3,kniv-3.mp4
knivsliper,knivsliper.mp4
knopp (på tre/busk),knopp-paa-tre-busk.mp4
knuse,knuse.mp4
Knut 1,knut.mp4
Knut 2,knut-2.mp4
knute,knute.mp4
knyte 1,knytte-1.mp4
knyte 2,knytte-2.mp4
koble,koble.mp4
koble 2,koble-2.mp4
KODA (kids of deaf adults),koda.mp4
kode,kode.mp4
koffert,koffert.mp4
kognitive forstyrrelser,kognitive-forstyrrelser.mp4
kokain,kokain.mp4
koke,koke.mp4
kokk,kokk.mp4
kokkekniv 1,kokkkekniv.mp4
kokkekniv 2,kokkekniv-3.mp4
kokosfett,kokosfett-2.mp4
koldtbord,koldtbord-2.mp4
kolesterol,kolesterol.mp4
kollidere 1,kollidere-1.mp4
kollidere 2,kollidere-2.mp4
kollisjon,kollisjon.mp4
kom,kom.mp4
koma,koma.mp4
kombinert (idrett),kombinert.mp4
komedie 1,komedie-1.mp4
komedie 2,komedie-2.mp4
komet,komet.mp4
komfyr,komfyr.mp4
komite,komite.mp4
komma,komma.mp4
kommandere,kommandere.mp4
komme dit,komme-dit.mp4
komme fra,komme-fra.mp4
komme hit 1,komme-hit-1.mp4
komme hit 2,komme-hit-2.mp4
kommentar,kommentar.mp4
kommode,kommode.mp4
kommune,kommune.mp4
kommunikasjon,kommunikasjon.mp4
kommunikasjonsforbud,kommunikasjonsforbud.mp4
kommunisme,kommunisme.mp4
kompani,kompani.mp4
kompass,kompass.mp4
kompensere,kompensere.mp4
kompetanse 1,kompetanse.mp4
kompetanse 2,kompetanse-2.mp4
kompetansesenter,kompetansesenter.mp4
komplementær,komplementaer.mp4
komplisert,komplisert.mp4
kompost 1,kompost-1.mp4
kompost 2,kompost-2.mp4
kompresjon (hjerte),kompresjon-hjerte.mp4
kompressor 1,kompressor-1.mp4
kompressor 2,kompressor-2.mp4
komprimere,komprimere.mp4
kompromiss,kompromiss.mp4
kondisjon,kondisjon.mp4
konditor 1,konditor-1.mp4
konditor 2,konditor-2.mp4
konditorfarge 1,konditorfarge-1.mp4
konditorfarge 2,konditorfarge-2.mp4
kondolere,kondolere.mp4
kondom,kondom.mp4
konduktør,konduktoer.mp4
kone,kone.mp4
konferanse,konferanse.mp4
konfidensielt,konfidensielt.mp4
konfirmant,konfirmant.mp4
konfirmasjon 1,konfirmasjon.mp4
konfirmasjon 2,konfirmere-konfirmasjon-2.mp4
konfirmere,konfirmere-konfirmasjon-1.mp4
konflikt,konflikt.mp4
konfliktløsning,konfliktloesning.mp4
konfliktråd,konfliktraad.mp4
Konfutse (filosof),konfutse-filosof.mp4
konge,konge.mp4
kongedømme,kongedoemme.mp4
kongekrabbe,kongekrabbe-3.mp4
kongle,kongle.mp4
Kongo 1,kongo-1.mp4
Kongo 2,kongo-2.mp4
kongress,kongress.mp4
Kongsberg,kongsberg.mp4
konjakk 1,konjakk-1.mp4
konjakk 2,konjakk-2.mp4
konklusjon,konklusjon.mp4
konkret,konkret.mp4
konkurranse 1,konkurranse.mp4
konkurranse 2,konkurranse-2.mp4
konkurranserett,konkurranserett.mp4
konkurransetøy,konkurransetoey.mp4
konkurs,konkurs.mp4
konsekvens,konsekvens.mp4
konsentrasjon,konsentrasjon.mp4
konsentrere,konsentrere.mp4
konsept 1,konsept-1.mp4
konsept 2,konsept-2.mp4
konservatisme,konservatisme.mp4
konservativ,konservativ.mp4
konstruere,konstruere-2.mp4
konstruere (geometri),konstruere.mp4
konstruksjon,konstruksjon.mp4
konstruktiv 1,konstruktiv-1.mp4
konstruktiv 2,konstruktiv-2.mp4
konstruktiv 3,konstruktiv-3.mp4
konsulent,konsulent.mp4
kontakt,kontakt.mp4
kontaktlim,kontaktlim.mp4
kontant 1,kontant-1.mp4
kontant 2,kontant-2.mp4
kontekst 1,kontekst-1.mp4
kontekst 2,kontekst-2.mp4
kontinent,kontinent.mp4
kontingent,kontingent.mp4
konto,konto.mp4
kontor 1,kontor.mp4
kontor 2,kontor-2.mp4
kontrakt 1,kontrakt-1.mp4
kontrakt 2,kontrakt-2.mp4
kontrakt 3,kontrakt-3.mp4
kontrast,kontrast.mp4
kontroll,kontroll.mp4
konvensjon,konvensjon.mp4
konvolutt 1,konvolutt-1.mp4
konvolutt 2,konvolutt-2.mp4
koordinat,koordinat.mp4
kopi,kopi.mp4
kopiere,kopiere.mp4
kopirett,kopirett.mp4
kople,kople.mp4
kopp,kopp.mp4
kopp: liten,form-vertikal-kort.mp4
kopp: stor,form-vertikal-lang.mp4
Koranen,koranen-1.mp4
Korea,korea.mp4
korketrekker,korketrekker.mp4
korn,korn.mp4
kornett,kornett.mp4
korona,korona.mp4
korps,korps.mp4
korrekt,korrekt.mp4
korrektur 1,korrektur.mp4
korrektur 2,korrektur-2.mp4
korrekturlesing 1,korrekturlesing.mp4
korrekturlesing 2,korrekturlesing-2.mp4
korrespondanse,korrespondanse.mp4
korrespondent,korrespondent.mp4
korrespondere,korrespondere.mp4
korridor,korridor.mp4
korrigere,korrigere.mp4
korrupsjon,korrupsjon.mp4
kors 1,kors.mp4
kors 2,kors-2.mp4
kors på halsen,kors-paa-halsen.mp4
korsfeste,korsfeste.mp4
korsfestelse,korsfeste-lse.mp4
korstog,korstorg.mp4
kort (hår),kort-haar.mp4
kort (i bredden),kort-i-bredden.mp4
kort (i bredden) 2,kort.mp4
kort (postkort),kort-postkort.mp4
kort skjørt,kort-skjoert.mp4
korte ski,korte-ski.mp4
kortstokk,kortstokk.mp4
kose,kose.mp4
kose med,kose-med.mp4
kosedyr,kosedyr.mp4
kosher (jødisk tegn),kosher-1.mp4
kosher (norsk tegn),kosher-2.mp4
kost (langkost),kost-langkost.mp4
kost (liten),kost-liten.mp4
kost (malerkost),kost-malerkost.mp4
kost (mat),kost-mat.mp4
kostbar/-t,kostbar-t.mp4
koster 1,koster-1.mp4
koster 2,koster-2.mp4
kosthold,kosthold.mp4
kostyme,kostyme.mp4
kø,koe.mp4
København,koebenhavn.mp4
kølapp,koelapp.mp4
Køln,koeln.mp4
krabbe (krype),krabbe-krype.mp4
krabbe (skalldyr),krabbe-skalldyr.mp4
kraft,kraft.mp4
kraft (tyngdekraft),kraft-tyngdekraft.mp4
kraftig (sterk/-t),kraftig-sterk-t.mp4
kraftig (sterk/-t) 2,kraftig-sterk-t-2.mp4
krage,krage.mp4
kråke,kraake.mp4
krakk,krakk.mp4
Krakow,krakow.mp4
krampe,krampe.mp4
krampeanfall,krampeanfall.mp4
krampepistol (verktøy),krampepistol.mp4
kran (heisekran),kran-heisekran.mp4
kran (vannkran),kran-vannkran.mp4
krangle,krangle.mp4
krans,krans.mp4
kranskake,kranskake-2.mp4
krater,krater.mp4
krav 1,krav.mp4
krav 2,krav-2.mp4
kravstor,kravstor.mp4
kræsje,kraesje.mp4
kreativ 1,kreativ-1.mp4
kreativ 2,kreativ.mp4
kreatør,kreatoer.mp4
kreft 1,kreft.mp4
kreft 2,kreft-3.mp4
krem (fløtekrem),krem-floetekrem.mp4
krem (hudkrem),krem-hudkrem.mp4
kremasjon,kremasjon.mp4
kremere,kremere.mp4
kremost,kremost.mp4
kreps,kreps.mp4
kresen,kresen.mp4
kretsløp 1,kretslop-anatomi.mp4
kretsløp 2,kretslop-anatomi-2.mp4
kretsløp 3,kretsloep-3.mp4
kretsmesterskap,kretsmesterskap.mp4
kreve 1,kreve-3.mp4
kreve 2,kreve-2.mp4
kreve 3,kreve-1.mp4
kreve 4,kreve-4.mp4
krevende,krevende.mp4
krig 1,krig-1.mp4
krig 2,krig-2.mp4
kriminell,kriminell.mp4
kringle,kringle.mp4
krise,krise.mp4
krisetall,krisetall.mp4
Kristelig Folkeparti (KrF),kristelig-folkeparti.mp4
kristen 1,kristen.mp4
kristen 2,kristen-2.mp4
kristendom 1,kristendom.mp4
kristendom 2,kristendom-2.mp4
kristi himmelfartsdag,kristi-himmelfartsdag.mp4
Kristiansand,kristiansand.mp4
Kristiansund 1,kristiansund-1.mp4
Kristiansund 2,kristiansund-2.mp4
Kristin,kristin.mp4
Kristine,kristine.mp4
kristne,kristne.mp4
Kristus,Kristus.mp4
kritikk 1,kritikk.mp4
kritikk 2,kritikk-2.mp4
kritisere,kritisere.mp4
kritt,kritt.mp4
Kroatia 1,kroatia-1.mp4
Kroatia 2,kroatia-2.mp4
krok,krok.mp4
krok (fiskekrok),krok-fiskekrok.mp4
krok (hjørne),krok-hjoerne.mp4
krokodille,krokodille.mp4
kromkake,kromkake.mp4
kromosom 1,kromosom-1.mp4
kromosom 2,kromosom-2.mp4
krone (kongekrone),krone-kongekrone.mp4
kroner (mynt),kroner-mynt.mp4
kronikk,kronikk.mp4
kronisk 1,kronisk-1.mp4
kronisk 2,kronisk-2.mp4
kronologisk,kronologisk.mp4
kropp,kropp.mp4
kropp: på kroppen,kropp-paa-kroppen.mp4
kroppslige reaksjoner,kroppslige-reaksjoner.mp4
krøller,kroeller.mp4
krøller: tykt og krøllet hår,haar-tykt-og-kroellet.mp4
krøller: tykt og småkrøllet hår,haar-tykt-og-smaakroellet.mp4
krønike,kroenike.mp4
krukke,krukke.mp4
"krum nese, ørnenese",krum-nese-oernenese.mp4
krus (kopp),krus-kopp.mp4
krutt,krutt.mp4
kry,kry.mp4
krybbe 1,krybbe.mp4
krydder,krydder.mp4
krydre,krydre.mp4
krykker,krykker.mp4
krympe,krympe.mp4
krympet akse,krympet-akse.mp4
krype,krype.mp4
krysningsskjema (genetikk),krysningsskjema.mp4
kryss,kryss.mp4
kryssforurensing,kryssforurensing.mp4
ku,ku.mp4
Kuala Lumpur,kuala-lumpur.mp4
kubbing (byggfag),kubbing.mp4
kubein - brekkjern,kubein-brekkjern.mp4
kubikkcentimeter 1,kubikkcentimeter-1.mp4
kubikkcentimeter 2,kubikkcentimeter-2.mp4
kubikkmeter,kubikkmeter.mp4
kulde,kulde.mp4
kule,kule.mp4
kule (øvelse i friidrett),kule-oevelse-i-friidrett.mp4
kulekontroll,kulekontroll.mp4
kulerens,kulerens.mp4
kuleretur,kuleretur.mp4
kulestøt,kulestoet.mp4
kulisse,kulisse.mp4
kull 1,kull-1.mp4
kull 2,kull-2.mp4
kullsyre,kullsyre.mp4
kultur,kultur.mp4
kulturell,kulturell.mp4
kun,kun.mp4
kunde,kunde.mp4
kunnskap 1,kunnskap-2.mp4
kunnskap 2,kunnskap.mp4
kunst,kunst.mp4
kunstgress (bane),kunstgress-bane.mp4
kunstig,kunstig.mp4
kunstmaler 1,kunstmaler-1.mp4
kunstmaler 2,kunstmaler-2.mp4
kunstner,kunstner.mp4
kupe,kupe.mp4
kurs (for å lære),kurs-for-aa-laere.mp4
kurs (retning),kurs-retning.mp4
kursrom,kursrom.mp4
kurssenter,kurssenter.mp4
kurv,kurv.mp4
kurve (feberkurve o.l.),kurve-feberkurve-ol.mp4
kusine 1,kusine.mp4
kusine 2,kusine-2.mp4
kusma 1,kusma.mp4
kusma 2,kusma-2.mp4
kusma 3,kusma-3.mp4
kutte,kutte.mp4
kutte ut,kutteut.mp4
Kuwait,kuwait.mp4
kvadrat,kvadrat.mp4
kvadroten,kvadroten.mp4
kvalitet,kvalitet.mp4
kvalm,kvalm.mp4
kvart over (klokke) 1,kvart-over-1.mp4
kvart over (klokke) 2,kvart-over-2.mp4
kvart på (klokke) 1,kvart-paa-1.mp4
kvart på (klokke) 2,kvart-paa-2.mp4
kvartal,kvartal.mp4
kvarter 1,kvarter-1.mp4
kvarter 2,kvarter-2.mp4
kvartfinale 1,kvartfinale-3.mp4
kvartfinale 2,kvartfinale-4.mp4
kveker,kveker.mp4
kveld,kveld.mp4
kveldsmat,kveldsmat.mp4
kvele,kvele.mp4
kverne (feks kjøtt),kverne-kjott.mp4
kverne (feks pepper),kverne-pepper.mp4
kvinne,kvinne.mp4
kvinnfolk,kvinnfolk.mp4
kvise,kvise.mp4
kvist (ark),kvist-loft.mp4
kvitt,kvitt.mp4
kvittere,kvittere.mp4
kvittering,kvittering.mp4
kylling 1,kylling-1.mp4
kylling 2,kylling-2.mp4
kyllingfilet,kyllingfilet-2.mp4
kyndig,kyndig.mp4
Kypros 1,kypros-2.mp4
Kypros 2,kypros.mp4
kyss,kyss.mp4
kysse 1,kysse.mp4
kysse 2,kysse-1.mp4
kyssesyke,kyssesyke.mp4
kyst,kyst.mp4
L,L.mp4
L (tohåndsalfabetet),L-2.mp4
la (tillate),la-tillate.mp4
la maten synke,la-maten-synke.mp4
laboratorium,laboratorium.mp4
laft,laft.mp4
lag (idrettslag o.l.) 1,lag-idrettslag-ol-1.mp4
lag (idrettslag o.l.) 2,lag-idrettslag-ol-2.mp4
lage 1,lage-1.mp4
lage 2,lage.mp4
lage snømann,lage-snoemann.mp4
lager (varelager),lager-varelager.mp4
lagleder,lagleder.mp4
lagmannsrett 1,lagmannsrett.mp4
lagmannsrett 2,lagmannsrett-2.mp4
lagre,lagre.mp4
lagsprint (idrett),lagsprint-idrett.mp4
laken,laken.mp4
lakk/-ere (gulv o.l.),lakk-ere-gulv-ol.mp4
lakkere 1,lakkere.mp4
lakkere 2,lakkere-2.mp4
lakris,lakris.mp4
laks,laks.mp4
laktose,laktose.mp4
laktoseintoleranse,laktoseintoleranse.mp4
lam 1,lam-1.mp4
lam 2,lam-2.mp4
lam 3,lam-3.mp4
lama,lama.mp4
laminat,laminat-2.mp4
laminat (gulv),laminat-1.mp4
laminatbane,laminatbane.mp4
lammekjøtt,lammekjoett-3.mp4
lampe,lampe.mp4
lån/-e,laan.mp4
land,land.mp4
lande (flyet lander),lande-flyet-lander.mp4
lande (flyet lander) 2,lande-2.mp4
landet (på landet),landet-paa-landet.mp4
landskap,landskap.mp4
landsmøte,landsmoete.mp4
lang (i bredden),lang.mp4
lang (lang tid),lang-lang-tid.mp4
lang (vare lenge),lang-vare-lenge.mp4
lang hals,hals-lang-hals.mp4
lang kjole,kjole-lang-kjole.mp4
lang tid,lang-tid.mp4
lange ski (langrenn),lange-ski-langrenn.mp4
langfredag,langfredag.mp4
langrenn 1,langrenn-1.mp4
langrenn 2,langrenn-2.mp4
langsom/langsomt,langsom-langsomt.mp4
langt (hår),langt-haar.mp4
langt (langt borte),langt-langt-borte.mp4
Laos,laos.mp4
lapp,lapp.mp4
lapskaus,lapskaus.mp4
laptop,laptop.mp4
lår,laar.mp4
lårhalsbrudd,laarhalsbrudd.mp4
Lars,lars.mp4
larve,larve.mp4
Larvik,larvik.mp4
lasagne,lasagne.mp4
låse,laase.mp4
laser (bruke l-),laser-bruke.mp4
laser 1,laser.mp4
laser 2,laser-2.mp4
laser 3,laser-3.mp4
laservater 1,laservater.mp4
laservater 2,laservater-2.mp4
lask,lask.mp4
lastebåt,lastebaat.mp4
lastebil 1,lastebil.mp4
lastebil 2,lastebil-2.mp4
lat (doven),lat-doven.mp4
lathans,lathans.mp4
latin,latin.mp4
latte (kaffe),latte-kaffe.mp4
latter 1,latter-1.mp4
latter 2,latter-2.mp4
Latvia 1,latvia.mp4
Latvia 2,latvia-2.mp4
lav/-t,lav-t.mp4
låve,laave.mp4
lavest,lavest.mp4
lavtrykk,lavtrykk.mp4
lavvo 1,lavvo-1.mp4
lavvo 2,lavvo-2.mp4
layout,layout.mp4
lære 1,laere-1.mp4
lære 2,laere-2.mp4
læreplan,laereplan.mp4
læreplass,laereplass.mp4
lærer,laerer.mp4
læretid,laeretid.mp4
læstadianer 1,laestadianer-1.mp4
læstadianer 2,laestadianer-2.mp4
le,le.mp4
le godt,le-godt.mp4
ledd (del),ledd-del.mp4
lede/-r 1,lede-r-1.mp4
lede/-r 2,lede-r-2.mp4
lede/-r 3,leder-3.mp4
ledelse,ledelse.mp4
lederartikkel,lederartikkel.mp4
ledig,ledig.mp4
ledning,ledning.mp4
ledningsbrudd,ledningsbrudd.mp4
ledsage/-r,ledsage-r.mp4
legat,legat.mp4
lege (doktor),lege-doktor.mp4
legeme,legeme.mp4
legevakt,legevakt.mp4
legevisitt,legevisitt.mp4
legg (på benet),legg-paa-benet.mp4
leggbeskyttere,leggbeskyttere.mp4
legge (om person),legge-om-person.mp4
legge (om ting),legge-om-ting.mp4
legge (takstein),legge-takstein.mp4
legge frem,legge-frem.mp4
legge kledning (byggfag) 1,liggende-kledning-vegg.mp4
legge kledning (byggfag) 2,kledning-sette-opp.mp4
legge på,legge-paa.mp4
legge seg,legge-seg.mp4
legge ut,legge-ut.mp4
leggskinn,leggskinn.mp4
legitimasjon,legitimasjon.mp4
legning,legning.mp4
lei 1,lei-av-1.mp4
lei 2,lei-av-2.mp4
lei seg,lei-seg.mp4
lei/-t (trist),lei-t-trist.mp4
leie (å leie noe),leie-aa-leie-noe.mp4
Leif,leif.mp4
leilighet,leilighet.mp4
leir,leir.mp4
leire,leire.mp4
lekdommer,lekdommer.mp4
leke,leke.mp4
lekebil,lekebil.mp4
lekepark,lekepark.mp4
lekeplass,lekeplass.mp4
lekerom,lekerom.mp4
leketøy,leketoey.mp4
lekfolk,lekfolk.mp4
lekkasje 1,lekkasje.mp4
lekkasje 2,lekkasje-2.mp4
lekse,lekse.mp4
leksepult,leksepult.mp4
leksjon,leksjon.mp4
lekter (liggende),lekter-liggende.mp4
lekter (stående),lekte-vertikal.mp4
lem,lem.mp4
lenestol,lenestol.mp4
lengde (friidrett),lengde-friidrett.mp4
lengde (høyde),lengde-hoyde.mp4
lengde (størrelse),lengde-storrelse.mp4
lengde (varighet/avstand),lengde.mp4
lenge 1,lenge-1.mp4
lenge 2,lenge-2.mp4
lenge 3,lang-tid.mp4
lenge siden 1,lenge-siden-1.mp4
lenge siden 2,lenge-siden-2.mp4
lenge siden 3,lenge-siden.mp4
lengsel,lengsel.mp4
lengte,lengte.mp4
lenke (girlander),lenke-girlander.mp4
lenke (kjede),lenke-kjede.mp4
lenke/-t (bundet),lenke-t-bundet.mp4
lensmann,lensmann.mp4
leopard,leopard-2.mp4
leopard,leopard.mp4
leppe 1,leppe-1.mp4
leppe 2,leppe-2.mp4
leppestift,leppestift.mp4
lesbisk 1,lesbisk-1.mp4
lesbisk 2,lesbisk-2.mp4
lese,lese.mp4
lesebok,lesebok.mp4
Lesotho,lesotho.mp4
lete,lete.mp4
leteaksjon,leteaksjon.mp4
lett,lett.mp4
lettelse 1,lettelse-1.mp4
lettelse 2,lettelse-2.mp4
lettere depresjon,lettere-depresjon.mp4
lettmelk 1,lettmelk-1.mp4
lettmelk 2,lettmelk-2.mp4
leukemi,leukemi-1.mp4
leve 1,leve-1.mp4
leve 2,leve-2.mp4
levende,levende.mp4
lever (organ),lever-organ.mp4
levere - gi (f.eks. en tallerken),levere-gi-feks-en-tallerken.mp4
levere 1,levere-1.mp4
levere 2,levere-2.mp4
levere 3,levere-3.mp4
levere 4,levere-4.mp4
leverkreft,leverkreft.mp4
leverpostei 1,leverpostei-1.mp4
leverpostei 2,leverpostei-2.mp4
leverpostei 3,leverpostei-3.mp4
leverpostei 4,leverpostei-4.mp4
leverpostei 5,leverpostei-5.mp4
levestandard,levestandard.mp4
Libanon 1,libanon-1.mp4
Libanon 2,libanon-2.mp4
liberalisme,liberalisme.mp4
Libya,libya.mp4
lide/-lse,lide-lse.mp4
lidelse,lidelse.mp4
ligge (om person) 1,ligge-om-person-1.mp4
ligge (om person) 2,ligge-om-person-2.mp4
ligge (om ting),ligge-om-ting.mp4
ligge: elg ligger,elg-ligger.mp4
liggende (f.eks. skiskyting),liggende-feks-skiskyting.mp4
ligne,ligne.mp4
lignelse 1,lignelse-1.mp4
lignelse 2,lignelse-2.mp4
ligningskontor,ligningskontor.mp4
lik,lik.mp4
lik (død person) 1,lik-doed-person.mp4
lik (død person) 2,lik-1.mp4
like (om mat o.l.),like-om-mat-ol.mp4
like (to like),like-to-like.mp4
like godt,like-godt.mp4
like veldig godt,like-veldig-godt.mp4
likeglad/likegyldig,likeglad-likegyldig.mp4
liker,liker.mp4
liker-ikke,liker-ikke.mp4
likevel,likevel.mp4
likfunn 1,likfunn-1.mp4
likfunn 2,likfunn-2.mp4
likning,likning.mp4
likør,likoer.mp4
liksom 1,liksom.mp4
liksom 2,liksom-2.mp4
lilla,lilla.mp4
lille,lille.mp4
lillebror,lillebror.mp4
Lillehammer,lillehammer.mp4
lillehjerne,lillehjerne.mp4
lim,lim.mp4
lim/-e,lim-e.mp4
Linda,linda.mp4
lineær funksjon,lineaer-funksjon.mp4
lingvistikk,lingvistikk.mp4
linjal,linjal.mp4
linje,linje.mp4
linjedommer,linjedommer.mp4
"linser (luper, briller osv)",linser-luper-briller-osv.mp4
Lisa,lisa.mp4
Lisboa,lisboa.mp4
Lise 1,lise.mp4
Lise 2,lise-2.mp4
lisens,lisens.mp4
list (dør),list-2.mp4
list (gulv) 1,list-gulv.mp4
list (gulv) 2,list-gulv-2.mp4
liste,liste.mp4
liste (gå forsiktig),liste-gaa-forsiktig.mp4
listig,listig.mp4
Litauen,litauen.mp4
lite 1,lite-1.mp4
lite 2,lite-2.mp4
liten (i høyden),liten-i-hoeyden.mp4
liten (i lengden/bredden),liten-i-lengden-bredden.mp4
liten 1,liten-1.mp4
liten 2,liten-2.mp4
liten bakke,liten-bakke.mp4
liten/lite - munnstilling,liten-lite-munnstilling.mp4
liter,liter.mp4
litermål,litermaal.mp4
litt 1,litt-1.mp4
litt 2,litt.mp4
litteratur,litteratur.mp4
Liv (navn) 1,liv-4.mp4
Liv (navn) 2,liv-3.mp4
liv 1,liv-1.mp4
liv 2,liv-2.mp4
livbåt,livbaat.mp4
Liverpool,liverpool.mp4
livlig,livlig.mp4
livmorhalskreft,livmorhalskreft-2.mp4
livsfarlig,livsfarlig.mp4
livsforsikring,livsforsikring.mp4
livsglede,livsglede.mp4
livsstil,livsstil.mp4
livssyn,livssyn.mp4
livssynshumanisme,livssynshumanisme.mp4
ljå,ljaa.mp4
lodd,lodd.mp4
lodde (binde sammen),lodde.mp4
loddestang,loddestang.mp4
loddrett,loddrett.mp4
loddtrekning 1,loddtrekning-1.mp4
loddtrekning 2,loddtrekning-2.mp4
loft,loft.mp4
logge av,logge-av.mp4
logge på,logge-paa.mp4
logisk 1,logisk.mp4
logisk 2,logisk-2.mp4
logo 1,logo-1.mp4
logo 2,logo-2.mp4
logoped,logoped.mp4
lojal 1,lojal-1.mp4
lojal 2,lojal-2.mp4
lojalitet 1,lojalitet-1.mp4
lojalitet 2,lojalitet-2.mp4
lokal,lokal-1.mp4
lokalavis,lokalavis.mp4
lokale,lokale.mp4
lokk 1,lokk-1.mp4
lokk 2,lokk-2.mp4
lokke,lokke.mp4
lokomotiv,lokomotiv.mp4
lomme,lomme.mp4
lommebok,lommebok.mp4
lommekniv,lommekniv.mp4
lommelykt,lommelykt.mp4
lommeregner,lommeregner.mp4
London,london.mp4
losholt,losholt.mp4
lotteri,lotteri.mp4
lov (å få lov),lov-aa-faa-lov.mp4
lov (grunnlov osv.),lov-grunnlov-osv.mp4
lovbok,lovbok.mp4
love,love.mp4
lovsynge,lovsynge.mp4
løfte vekter,loefte-vekter.mp4
løk,loek.mp4
lønn,loenn.mp4
lønnsom,loennsom.mp4
lønnsoppgave,loennsoppgave.mp4
løpe 1,loepe-1.mp4
løpe 2,loepe-2.mp4
lørdag,loerdag.mp4
løs mage,loes-mage.mp4
løse 1,loese-1.mp4
løsning 1,loesning.mp4
løsning 2,loesning-1.mp4
løsrivelse,loesrivelse.mp4
løve,loeve.mp4
løvtre,loevtre.mp4
Lucia,Lucia.mp4
lue 1,lue-1.mp4
lue 2,lue-2.mp4
luft,luft.mp4
luft-kvelende,luft-kvelende.mp4
lufte,lufte.mp4
luftkompressor,luftkompressor.mp4
luftrør,luftror-1.mp4
luftskip,luftskip.mp4
lufttrykk,lufttrykk.mp4
luftvei,luftvei.mp4
luftveisinfeksjon,luftveisinfeksjon.mp4
Lukas (evangelie),lukas-evangelium.mp4
luke,luke.mp4
lukke (øynene),lukke-oeynene.mp4
lukke/lukket,lukke-lukket.mp4
lukker (fotografi),lukker.mp4
lukketid 1,lukketid.mp4
lukketid 2,lukketid-2.mp4
luksus 1,luksus-1.mp4
luksus 2,luksus-2.mp4
lukt,lukt.mp4
lukte 1,lukte-1.mp4
lukte 2,lukte-2.mp4
lumsk,lumsk.mp4
lun/-t,lun-t.mp4
lunge 1,lunge.mp4
lunge 2,lunge-2.mp4
lungebetennelse,lungebetennelse.mp4
lungekreft,lungekreft.mp4
lungesykdom,lungesykdom.mp4
lunken/lunkent,lunken-lunkent.mp4
lunsj,lunsj.mp4
lunsjpause,lunsjpause.mp4
lupe,lupe.mp4
lur,lur.mp4
lure,lure.mp4
lure på,lure-paa.mp4
lus,lus.mp4
Lusaka,lusaka.mp4
lutefisk,lutefisk.mp4
luthersk,luthersk.mp4
lyd,lyd.mp4
lydig,lydig.mp4
lydighet,lydighet.mp4
lykke/-lig,lykke-lig.mp4
lykkes,lykkes.mp4
lykt,lykt.mp4
lyn,lyn.mp4
lyng,lyng.mp4
lys (billys),lys-billys.mp4
lys (levende lys),lys-levende-lys.mp4
lys (om lampelys),lys-om-lampelys.mp4
lys 1,lyse-om-solen.mp4
lys 2,lys.mp4
lysblinkanlegg,lysblinkanlegg.mp4
"lyse (med lykt, fremover)",lyse-med-lykt-fremover.mp4
lysere,lysere.mp4
lyserød,lyseroed.mp4
lysestake,lysestake.mp4
lysfølsom,lysfoelsom.mp4
lysmikser,lysmikser.mp4
lysosom,lysosom.mp4
lyst,lyst.mp4
lytte 1,lytte.mp4
lytte 2,lytte-2.mp4
lytte 3,lytte-3.mp4
lyve,lyve.mp4
M,M.mp4
M (tohåndsalfabetet),M-2.mp4
må,maa.mp4
Mac,mac.mp4
Madagaskar 1,madagaskar-1.mp4
Madagaskar 2,madagaskar-2.mp4
madrass,madrass.mp4
Madrid 1,madrid-1.mp4
Madrid 2,madrid-2.mp4
mafia,mafia.mp4
mage,mage.mp4
magen,magen.mp4
magesekk,magesekk.mp4
Magne,magne.mp4
magnet,magnet.mp4
magnetisme,magnetisme.mp4
Magnus,magnus.mp4
Mahâyanâ (buddhismen),mahayana-buddhismen.mp4
mai 1,mai.mp4
mai 2,mai-2.mp4
mais,mais.mp4
majones 1,majones-1.mp4
majones 2,majones-2.mp4
majoritet,majoritet.mp4
makaroni,makaroni.mp4
måke (fugl) 1,maake-fugl-1.mp4
måke (fugl) 2,maake-fugl-2.mp4
måke (måke snø),maake-maake-snoe.mp4
Makedonia,makedonia.mp4
makrell,makrell.mp4
maks,maks.mp4
maksimum,maksimum.mp4
makt,makt.mp4
mål (formål),maal-formaal.mp4
mål (lage mål),maal-lage-maal.mp4
mal 1,mal-1.mp4
mål 1,maal-1.mp4
mal 2,mal-2.mp4
Malaysia,malaysia.mp4
måle (blodsukker),maale-blodsukker.mp4
male (knuse til mel),male-knuse-til-mel.mp4
male 1,male-1.mp4
måle 1,maale.mp4
male 2,male-2.mp4
måle 2,maale-3.mp4
måle 3,maalehoeyde.mp4
måle 4,maale-2.mp4
målebånd 2,maalbaand.mp4
maler (en maler),maler-en-maler.mp4
måler (instrument) 1,maaler-2-S.mp4
måler (instrument) 2,maaler-instrument-2.mp4
målestokk (linjal) 1,maalestokk.mp4
målestokk (linjal) 2,maalestokk-2.mp4
målform,maalform.mp4
mållinje,maallinje.mp4
målmann (i mål),maalmann-i-maal.mp4
Malmø,malmoe.mp4
målrettet,maalrettet.mp4
Malta 1,malta-1.mp4
Malta 2,malta-2.mp4
måltid,maaltid.mp4
mamma 1,mamma.mp4
mamma 2,mamma-2.mp4
manager,manager.mp4
Manchester United,manchester-united.mp4
mandag,mandag.mp4
Mandal,mandal.mp4
Mandala,mandala.mp4
mandler (kjertel),mandler-kjertel-2.mp4
måne,maane.mp4
måne (om hår),maane-om-haar.mp4
måned,maaned.mp4
måned: flere måneder,maaned-flere-maaneder.mp4
månedlige,maanedlige.mp4
månefase,maanefase.mp4
manet,manet.mp4
mange,mange.mp4
mange (klokken er mange),mange-klokken-er-mange.mp4
mange: veldig mange,mange-veldig-mange.mp4
mangle,mangle.mp4
mani,mani.mp4
manipulere,manipulere.mp4
manisk-depressiv lidelse,manisk-depressiv-lidelse.mp4
mann,mann.mp4
mann (ektemann),mann-ektemann.mp4
mansjettknapper,mansjettknapper.mp4
manuell 1,manuell-2.mp4
manuell 2,manuell-3.mp4
manuell 3,manuell.mp4
manus,manus.mp4
manuskript 1,manuskript.mp4
manuskript 2,manuskript-2.mp4
mappe,mappe.mp4
mappe (IT),mappe-it.mp4
maracas (kastanjetter),maracas-kastanjetter.mp4
marengskake,marengskake.mp4
mareritt 1,mareritt-1.mp4
mareritt 2,mareritt-2.mp4
Margrethe,margrethe.mp4
Mari,mari.mp4
Marianne 1,marianne-2.mp4
Marianne 2,marianne-3.mp4
Marie,marie.mp4
marihuana,marihuana.mp4
marinere,marinere.mp4
Marit,marit.mp4
Marius 1,marius.mp4
Marius 2,marius-2.mp4
mark,mark.mp4
markedsføring,markedsfoering.mp4
markere (idrett),markere-idrett.mp4
markere 1,markere-1.mp4
markere 2,markere-2.mp4
markør,markoer.mp4
markstang,markstang.mp4
Markus,markus.mp4
Markus (evangelie),markus-evangelium.mp4
Marokko 1,marokko-1.mp4
Marokko 2,marokko-3.mp4
mars,mars.mp4
marsipan,marsipan.mp4
marsipankake 1,marsipankake-3.mp4
marsipankake 2,marsipankake-4.mp4
marsjere,marsjere.mp4
Martin,martin.mp4
mas/-e,mas-e.mp4
masekopp,masekopp.mp4
maske,maske.mp4
maskin,maskin.mp4
maskingevær,maskingevaer.mp4
maskulin,maskulin.mp4
massasje,massasje.mp4
masse (mye),masse-mye.mp4
master,master.mp4
mat,mat.mp4
matboks,matboks.mp4
matbutikk,matbutikk.mp4
matchball,matchball.mp4
mate,mate.mp4
måte,maate.mp4
mate 2,mate-1.mp4
matematikk,matematikk.mp4
materiale 1,materiale.mp4
materiale 2,materiale-2.mp4
materialer,materialer-3.mp4
materialer (byggfag),materialer.mp4
materiell,materiell.mp4
mateske,mateske.mp4
matpakke,matpakke.mp4
matskål,matskaal.mp4
matte (gulvmatte) 1,matte.mp4
matte (gulvmatte) 2,matte-2.mp4
Matteus (evangelie),matteus-evangelium.mp4
maur,maur.mp4
Mazda,mazda.mp4
MC Donalds,mcdonalds.mp4
ME (myalgisk encefalopati),me-myalgisk-encefalopati.mp4
med,med.mp4
medalje,medalje.mp4
medarbeider,medarbeider.mp4
meddommer,meddommer.mp4
meddomsrett,meddomsrett.mp4
medfødt,medfoedt.mp4
media,media.mp4
medianen,medianen.mp4
medisin 1,medisin.mp4
medisin 2,medisin-2.mp4
medisin 3,medisin-3.mp4
medisterkaker,medisterkaker.mp4
meditasjon,meditasjon.mp4
meditere,meditere.mp4
medlem,medlem.mp4
medliturg,medliturg.mp4
meg,meg.mp4
megabit (datamengde),megabit-datamangde.mp4
meget,meget.mp4
meieri,meieri.mp4
mekaniker,mekaniker.mp4
Mekka,mekka.mp4
mekling,mekling.mp4
mektig,mektig.mp4
mel,mel.mp4
melde fra,melde-fra.mp4
melde/-ing,melde-ing.mp4
melk 1,melk-1.mp4
melk 2,melk-2.mp4
melk 3,melk-3.mp4
melke,melke.mp4
mellom,mellom.mp4
mellomaksel,mellomaksel.mp4
mellomgulv (anatomi),mellomgulv-anatomi.mp4
melon,melon.mp4
membran (bygg og anlegg),membran-2.mp4
membran (celle),membran-1.mp4
men,men.mp4
mene/-ing,mene-ing.mp4
menighet 1,menighet.mp4
menighet 2,menighet-2.mp4
menighet 3,menighet-3.mp4
meningsfylt liv,meningsfylt-liv.mp4
menisk 1,menisk-1.mp4
menisk 2,menisk-2.mp4
menneske 1,menneske-1.mp4
menneske 2,menneske-2.mp4
menneskerettighet,menneskerettighet.mp4
menneskerettighetsdomstol 1,menneskerettighetsdomstol-1.mp4
menneskerettighetsdomstol 2,menneskerettighetsdomstol-2.mp4
menneskesyn,menneskesyn.mp4
mens (i tid),mens-i-tid.mp4
mens (motsetning),mens-motsetning.mp4
menstruasjon (mens) 1,menstruasjon-mens-1.mp4
menstruasjon (mens) 2,menstruasjon-mens-2.mp4
mental,mental.mp4
mente ikke,mente-ikke.mp4
meny,meny.mp4
mer 1,mer-1.mp4
mer 2,mer-2.mp4
mer 3,mer-3.mp4
Mercedes 1,mercedes-1.mp4
Mercedes 2,mercedes-2.mp4
merke,merke-bilmerke.mp4
merkelig,merkelig.mp4
meslinger 1,meslinger-2.mp4
meslinger 2,meslinger.mp4
messe,messe.mp4
Messias,messias.mp4
messing,messing.mp4
mest 1,mest.mp4
mest 2,mest-2.mp4
mester,mester.mp4
mester (fag),mester-fag.mp4
mesterskap,mesterskap.mp4
mestre,mestre.mp4
mestring,mestring.mp4
mestringsfølelse,mestringsfolelse.mp4
metafor,metafor.mp4
metall,metall.mp4
metanol,metanol.mp4
meteor,meteor.mp4
meteorolog 1,meterolog-1.mp4
meteorolog 2,meterologi-2.mp4
meter,meter.mp4
meterstokk,meterstokk.mp4
metode,metode.mp4
Metodister,metodister.mp4
metorolog 2,meterologi-2.mp4
mett,mett.mp4
Mette,mette.mp4
mettet (fettsyre),mettet-fettsyre.mp4
Mexico 1,mexico-1.mp4
Mexico 2,mexico-2.mp4
Mexico 3,mexico-3.mp4
middag 1,middag.mp4
middag 2,middag-2.mp4
middel,middel.mp4
middelverdi,middelverdi.mp4
midnatt 1,midnatt-1.mp4
midnatt 2,midnatt-2.mp4
midt 1,midt-1.mp4
midt 2,midt-2.mp4
midtback 1,midtback-1.mp4
midtback 2,midtback-2.mp4
midtbane 1,midtbane-1.mp4
midtbane 2,midtbane-2.mp4
midtnattsol,midtnattsol.mp4
Midtøsten,midtoesten.mp4
Midtøsten 1,midtoesten-1.mp4
Midtøsten 2,midtoesten-2.mp4
midtpunkt,midtpunkt.mp4
midtpunkt 2,midtpunkt-2.mp4
midtsirkel,midtsirkel.mp4
midtstopper 1,midtstopper-1.mp4
midtstopper 2,midtstopper-2.mp4
migrene,migrene.mp4
Mikke Mus,mikke-mus.mp4
mikrobølgeovn,mikroboelgeovn.mp4
mikrofon,mikrofon.mp4
mikroskop,mikroskop.mp4
miksebord,miksebord.mp4
mil,mil.mp4
Milano,milano.mp4
mild/mildt,mild.mp4
militær 1,militaer-1.mp4
militær 2,militaer-2.mp4
miljø,miljoe.mp4
Miljøpartiet de grønne,miljoepartiet-de-groenne.mp4
miljøterapeut,miljoterapeut.mp4
milliard,milliard.mp4
millimeter,millimeter.mp4
millimeterpapir,millimeterpapir.mp4
million 1,million-1.mp4
million 2,million-2.mp4
milt,milt.mp4
mime,mime.mp4
mime 1,mime-1.mp4
mime 2,mime-2.mp4
min,min.mp4
mindre 1,mindre.mp4
mindre 2,mindre-2.mp4
mindreårig,mindreaarig.mp4
minibank,minibank.mp4
minibuss,minibuss.mp4
minimum,minimum.mp4
minister,minister.mp4
minke,minke.mp4
minne 1,minne.mp4
minne 2,minne-2.mp4
minnekort,minnekort.mp4
minnesmerke,minnesmerke.mp4
minnestein,minnestein.mp4
minoritet,minoritet.mp4
minst,minst.mp4
minus,minus.mp4
minutt,minutt.mp4
mirakel,mirakel.mp4
misbruk,misbruk.mp4
misfornøyd,misfornoeyd.mp4
misforståelse 1,misforstaaelse-1.mp4
misforståelse 2,misforstaaelse-2.mp4
misjon/-ere,misjon.mp4
misjonær,misjonaer.mp4
misjonere (religiøs nøytral),misjonere.mp4
mislykket 1,mislykket-1.mp4
mislykket 2,mislykket-2.mp4
miss,miss.mp4
mistanke,mistanke.mp4
miste,miste.mp4
mistenke,mistenke.mp4
mistenkt,mistenkt.mp4
misunne/-lig,misunne-lig.mp4
mitokondrie 1,mitokondrie-1.mp4
mitokondrie 1,mitokondrie-4.mp4
mitokondrie 2,mitokondrie-3.mp4
mitokondrie 3,mitokondrie-2.mp4
mitose,mitose.mp4
mitt,mitt.mp4
mix-double,mix-double.mp4
mixmaster,mixmaster.mp4
mobbe 1,mobbe-1.mp4
mobbe 2,mobbe-2.mp4
mobil (telefon),mobil-telefon.mp4
modell,modell.mp4
moden/modent,moden-modent.mp4
moderasjon (avslag),moderasjon-avslag.mp4
moderne,moderne.mp4
modernisme,modernisme.mp4
modig,modig.mp4
Molde,molde.mp4
molekyl 1,molekyl-1.mp4
molekyl 2,molekyl-2.mp4
moment,moment.mp4
moms,moms.mp4
monarki,monarki.mp4
Mongolia,mongolia.mp4
Monika-Monica,monika-monica.mp4
monogami,monogami.mp4
monopol,monopol.mp4
monosakkarid,monosakkarid.mp4
monster,monster.mp4
monter,monter.mp4
montere 1,montere-1.mp4
montere 2,montere.mp4
Montreal,montreal.mp4
mor 1,mor-1.mp4
mor 2,mor-2.mp4
moral,moral.mp4
moralsk,moralsk.mp4
mord,mord.mp4
morder,morder.mp4
morgen 1,morgen-1.mp4
morgen 2,morgen-2.mp4
mormoner,mormoner.mp4
mormor,mormor.mp4
moro,moro.mp4
morsmål,morsmaal.mp4
morsom/morsomt,morsom-morsomt.mp4
morsside,morsside.mp4
Morten,morten.mp4
Mosambik,mosambik.mp4
mose,mose.mp4
mosebok,mosebok.mp4
Moses,moses.mp4
mosjon,mosjon.mp4
mosjonere,mosjonere.mp4
Mosjøen,mosjoen.mp4
moske 1,moske.mp4
moske 2,moske-2.mp4
Moskva 1,moskva-1.mp4
Moskva 2,moskva-2.mp4
Moss,moss.mp4
mot (imot),mot-imot.mp4
mot (modig),mot-modig.mp4
mot (retning),mot-retning.mp4
mote,mote.mp4
motgang,motgang.mp4
motivasjon,motivasjon.mp4
motivere,motivere.mp4
motor,motor.mp4
motorblokk,motorblokk.mp4
motordeler,motordeler.mp4
motorsag,motorsag.mp4
motorsykkel,motorsykkel.mp4
motsatt,motsatt.mp4
motstand (gjøre motstand) 1,motstand-gjoere-motstand-1.mp4
motstand (gjøre motstand) 2,motstand-gjoere-motstand-2.mp4
motstander,motstander.mp4
motta (gaver o.l.),motta-gaver-ol.mp4
møbler,moebler.mp4
møkk,moekk-2.mp4
Møller,Moeller.mp4
møne,moene.mp4
mønedrager,moenedrager.mp4
mønster,moenster.mp4
Møre og Romsdal,moere-romsdal.mp4
mørk/mørkt,moerk-moerkt.mp4
mørt (feks kjøtt),mort-kjottet-blir-mort.mp4
møte (holde møte) 1,moete-holde-moete.mp4
møte (holde møte) 2,moete-holde-moete-2.mp4
møte (treffe),moete-treffe.mp4
møtes,moetes.mp4
MS (multippel sklerose),ms-multippel-sklerose.mp4
muffins 3,muffins-3.mp4
mugge,mugge.mp4
Muhammed (islam) 1,muhammed-islam.mp4
Muhammed (islam) 2,muhammed-islam-2.mp4
mulig,mulig.mp4
mulig/-het,mulig-het.mp4
muligheter,muligheter.mp4
mullah,mullah.mp4
multikulturell,multikulturell.mp4
multiplikasjon (.),multiplikasjon-.mp4
munk 1,munk-1.mp4
munk 2,munk-2.mp4
munn,munn.mp4
munnavlese/-ning,munnavlese-ning.mp4
munnspill,munnspill.mp4
muntlig (oral),muntlig-oral.mp4
mur,mur.mp4
mus,mus.mp4
museum,museum.mp4
musiker,musiker.mp4
musikk 1,musikk-1.mp4
musikk 2,musikk-2.mp4
musikkinstrument,musikkinstrument.mp4
muskel,muskel.mp4
muskelvev,muskelvev.mp4
muslim,muslim-2.mp4
mutasjon 1,mutasjon-1.mp4
mutasjon 2,mutasjon-2.mp4
mutter,mutter.mp4
muttertrekker,muttertrekker.mp4
mye 1,mye.mp4
mye 2,mye-1.mp4
mygg,mygg.mp4
myk,myk.mp4
myndig 1,myndig-1.mp4
myndig 2,myndig-2.mp4
myndighet,myndighet.mp4
mynt 1,mynt-1.mp4
mynt 2,mynt-2.mp4
mynter,mynter.mp4
myr,myr.mp4
myrde,myrde.mp4
mystisk/mystikk,mystisk-mystikk.mp4
myte,myte.mp4
N,N.mp4
N (tohåndsalfabet),alpha.mp4
N (tohåndsalfabetet),N-2.mp4
nå,naa.mp4
nabo,nabo.mp4
Nairobi,nairobi.mp4
naiv,naiv.mp4
naken 1,naken-1.mp4
naken 2,naken-2.mp4
nakke,nakke.mp4
nål,naal.mp4
Namibia,namibia.mp4
Namsos,namsos.mp4
nanbrød,nanbroed.mp4
nanoteknologi,nanoteknologi.mp4
nappe,nappe.mp4
når 1,naar-1.mp4
når 2,naar-2.mp4
Nardo,nardo.mp4
narkomani,narkomani.mp4
narkose (bedøvelse),narkose-1.mp4
narkose (tilstand),narkose-2.mp4
narkotika,narkotika.mp4
narre,narre.mp4
Narvik,narvik.mp4
nasjonal,nasjonal.mp4
nasjonaldag,nasjonaldag.mp4
nasjonalromantikk,nasjonalromantikk.mp4
natrium,natrium.mp4
natt,natt.mp4
nattkjole,nattkjole.mp4
nattverd 1,nattverd.mp4
nattverd 2,nattverd-2.mp4
natur,natur.mp4
naturalisme,naturalisme.mp4
naturfag,naturfag.mp4
naturlig/-vis,naturlig-vis.mp4
naturvern,naturvern.mp4
navigasjon,navigasjon.mp4
navle,navle.mp4
navn,navn.mp4
navnefest,navnefest.mp4
nazisme,nazisme.mp4
nær,naer.mp4
næring,naering.mp4
næringsliv 1,naeringsliv-1.mp4
næringsliv 2,naeringsliv-2.mp4
nærme,naerme.mp4
nærradio,naerradio.mp4
nærsynt,naersynt.mp4
nærvær,naervaer.mp4
nebb,nebb.mp4
ned,ned.mp4
ned: falle ned,ned-falle-ned.mp4
nedbør,nedboer.mp4
nede,nede.mp4
nederlag (tap) 1,nederlag-tap-1.mp4
nederlag (tap) 2,nederlag-tap-2.mp4
Nederland,nederland.mp4
nedfor (deprimert),nedfor-deprimert.mp4
nedfôring (tak),nedforing.mp4
nedlagt,nedlagt-henlagt.mp4
nedløp (byggfag),nedloep.mp4
Nedre Gausen,Nedre-Gausen.mp4
nedsatt,nedsatt.mp4
nedsettende,nedsettende.mp4
negativ,negativ.mp4
negative symptomer,negative-symptomer.mp4
negative tall,negative-tall.mp4
negl,negl.mp4
neglbørste,neglboerste.mp4
nei,nei.mp4
nei takk,nei-takk.mp4
nei: få nei,nei-faa-nei.mp4
neie,neie.mp4
nekte,nekte.mp4
Nepal,nepal.mp4
nerd,nerd.mp4
nerve 1,nerve-1.mp4
nerve 2,nerve-2.mp4
nerve 3,nerve-4.mp4
nerve 4,nerve-5.mp4
nervevev,nervevev.mp4
nervøs 1,nervoes-1.mp4
nervøs 2,nervoes-2.mp4
nese,nese.mp4
nese: krum nese,krum-nese-oernenese.mp4
nese: oppstoppernese,nese-oppstoppernese.mp4
nese: spiss,nese-spiss.mp4
"nese: stor, klumpet",nese-stor-klumpet.mp4
nesehulen,nesehulen.mp4
nesespray,nesespray.mp4
nesespray (bruke n-),nesespray-bruke-2.mp4
neshorn,neshorn.mp4
nest sist/-e 1,nest-sist-e-1.mp4
nest sist/-e 2,nest-sist-e-2.mp4
neste,neste.mp4
neste 2,neste-2.mp4
nesten 1,nesten-1.mp4
nesten 2,nesten-2.mp4
nett,nett.mp4
nett-TV,nett-tv.mp4
nett: på håv,nett-paa-haav.mp4
nettavis 1,nettavis.mp4
nettdrop (badminton),nettdrop-badminton.mp4
nettleser,nettleser.mp4
nettopp,nettopp.mp4
nettside 1,nettside.mp4
nettside 2,nettside-2.mp4
nevne,nevne.mp4
nevner,nevner.mp4
nevø,nevoe.mp4
nevrologi,nevrologi.mp4
New Dehli 1,new-dehli-1.mp4
New Dehli 2,new-dehli-2.mp4
New York,new-york.mp4
New Zealand 1,new-zealand-2.mp4
New Zealand 2,new-zealand-3.mp4
New Zealand 3,new-zealand-4.mp4
newtonmeter (måleenhet),newtonmeter.mp4
NFF,nff.mp4
ni,ni.mp4
Nidarosdomen,nidarosdomen.mp4
Nidelven,nidelven.mp4
niese,niese.mp4
nikke 1,nikke-1.mp4
nikke 2,nikke-2.mp4
Nikon (foto/video),nikon.mp4
Nils 1,nils.mp4
Nils 2,nils-2.mp4
nirvana (buddhisme),nirvana.mp4
nisse,nisse.mp4
nitten,nitten.mp4
nivå,nivaa.mp4
nivå høyt,nivaa-hoeyt.mp4
noe,noe.mp4
noen,noen.mp4
nok,nok.mp4
nonne,nonne.mp4
nord 1,nord-1.mp4
nord 2,nord-2.mp4
Nord-Amerika,nord-amerika.mp4
Nord-Korea,nord-korea-2.mp4
Nord-Norge,nord-norge.mp4
Nordal Grieg vg skole,nordal-grieg-vgs.mp4
Norden,norden1.mp4
nordisk,nordisk.mp4
nordisk mesterskap,nordisk-mesterskap.mp4
Nordland 1,nordland-1.mp4
Nordland 2,nordland-2.mp4
nordmann,nordmann.mp4
Nordstrand,nordstrand.mp4
Norge,Norge.mp4
Norge: Norgeskartet,Norge-Norgeskartet.mp4
Norges Fotballforbund,norges-fotballforbund.mp4
Norges Friidrettsforbund,norges-friidrettsforbund.mp4
Norges Håndballforbund,norges-haandballforbund.mp4
Norgesmesterskap,norgesmesterskap.mp4
norm,norm.mp4
normal,normal.mp4
normal (øvelse i skiskyting),normal-oevelse-i-skiskyting.mp4
normativ,normativ.mp4
normert,normert.mp4
norrøn 1,norroen.mp4
norrøn 2,norroen-2.mp4
norsk,norsk.mp4
Norsk rikskringkasting (NRK) 1,nrk-1.mp4
Norsk rikskringkasting (NRK) 2,nrk-2.mp4
norvegia (ost),norvegia-ost.mp4
notat,notat.mp4
notere,notere.mp4
notis 1,notis.mp4
notis 2,notis-2.mp4
novelle,novelle.mp4
november 1,november-1.mp4
november 2,november-2.mp4
nød 1,noed.mp4
nød 2,noed-2.mp4
nødt,noedt.mp4
nødvendig,noedvendig.mp4
nøkkel,noekkel.mp4
nøtter,noetter.mp4
nøye,noeye.mp4
nøytral,noeytral.mp4
nøytron,noeytron.mp4
nr. 1,nr-1.mp4
nr. 2,nr-2.mp4
NRK,NRK.mp4
NTB,NTB.mp4
nugatti,nugatti.mp4
null,null.mp4
nummer,nummer.mp4
nummer 1,nummer-1.mp4
nummer 2,nummer-2.mp4
nummer 3 1,nummer-3-1.mp4
nummer 3 2,nummer-3-2.mp4
nupper (i huden),nupper-i-huden.mp4
ny,ny.mp4
nydelig,nydelig.mp4
nyhet 1,nyhet.mp4
nyhet 2,nyhet-2.mp4
nyhet 3,nyhet-3.mp4
nyhetsredaksjon,nyhetsredaksjon.mp4
nylig,nylig.mp4
nyse,nyse.mp4
nysgjerrig 1,nysgjerrig.mp4
nysgjerrig 2,nysgjerrig-2-sjekke.mp4
nyte,nyte.mp4
nyttår,nyttaar.mp4
nytte/nyttig 1,nytte-nyttig.mp4
nytte/nyttig 2,nytte-nyttig-2.mp4
O,O.mp4
O (tohåndsalfabetet),O-2.mp4
objektiv/-itet,objektiv-itet.mp4
observasjon,observasjon.mp4
observasjonsnummer,observasjonsnummer.mp4
observere,observere.mp4
Odd 1,odd.mp4
Odd 2,odd-2.mp4
Oddbjørn,oddbjorn.mp4
oddetall 1,oddetall-1.mp4
oddetall 2,oddetall-2.mp4
Oddveig,oddveig.mp4
offensiv,offensiv.mp4
offensiv 2,offensiv-2.mp4
offentlig/-gjøre,offentlig-gjoere.mp4
Office (programvare),office.mp4
offiser,offiser.mp4
offisiell 1,offisielt-1.mp4
offisiell 2,offisielt-2.mp4
offside,offside.mp4
ofre/offer,ofre-offer.mp4
ofte,ofte.mp4
og,og.mp4
og så videre (osv.),og-saa-videre-osv.mp4
og så videre (osv) 2,og-saa-videre-osv-2.mp4
også,ogsaa.mp4
ohm (måleenhet),ohm.mp4
ok,ok.mp4
okkupert,okkupert.mp4
okse,okse.mp4
oksekjøtt,oksekjoett.mp4
oksygen 1,oksygen_1.mp4
oksygen 2,oksygen.mp4
oktober 1,oktober-2.mp4
oktober 2,oktober-3.mp4
Ola,ola.mp4
Olav 1,olav.mp4
Olav 2,olav-2.mp4
oldefar 1,oldefar-1.mp4
oldefar 2,oldefar-2.mp4
oldeforeldre 1,oldeforeldre-1.mp4
oldeforeldre 2,oldeforeldre-2.mp4
oldemor 1,oldemor-1.mp4
oldemor 2,oldemor-2.mp4
oldtid 1,oldtid-1.mp4
oldtid 2,oldtid-2.mp4
Ole,ole.mp4
olje 1,olje.mp4
olje 2,olje-2.mp4
oljefyring,oljefyring.mp4
oljeprofil,oljeprofil.mp4
olympiade,olympiade.mp4
om,om.mp4
om bord,om-bord.mp4
om forlatelse 1,om-forlatelse-1.mp4
om forlatelse 2,om-forlatelse-2.mp4
om igjen,om-igjen.mp4
om-to-dager,om-to-dager.mp4
ombestemme (seg),ombestemme-seg.mp4
ombrekke (grafisk design),ombrekke-grafisk-design.mp4
omdanne,omdanne.mp4
omdreining,omdreining.mp4
omega-3,omega-3.mp4
omega-6,omega-6.mp4
omegn,omegn.mp4
omfavne,omfavne.mp4
omgang (i idrett),omgang-i-idrett.mp4
omgivelse 1,omgivelse.mp4
omgivelse 2,omgivelse-2.mp4
omgjøre/-ing 1,omgjoere-ing-1.mp4
omgjøre/-ing 2,omgjoere-ing-2.mp4
omgjøre/-ing 3,omgjoere-ing-3.mp4
omkrets 1,omkrets.mp4
omkrets 2,omkrets-2.mp4
område,omraade.mp4
omskjæring,omskjaering.mp4
omskolere,omskolere.mp4
omsorg,omsorg.mp4
omsorgsbolig,omsorgsbolig.mp4
omspill,omspill.mp4
omtåket,omtaaket-tmfok.mp4
omtrent,omtrent.mp4
omtrent 2,omtrent-2.mp4
omvei,omvei.mp4
omvendt 1,omvendt.mp4
omvendt 2,omvendt-2.mp4
ond/ondskapsfull,ond-ondskapsfull.mp4
ondartet,ondartet.mp4
ondskap,ondskap.mp4
onkel 1,onkel-1.mp4
onkel 2,onkel-2.mp4
onsdag,onsdag.mp4
Oovoo (programvare),oovoo.mp4
opera,opera.mp4
Opera (nettleser),opera-nettleser.mp4
operasjon,operasjon.mp4
operere,operere.mp4
opp,opp.mp4
oppå,oppaa.mp4
oppbevare/-ing,oppbevare-ing.mp4
oppbygning,oppbygning.mp4
oppdage 1,oppdage-1.mp4
oppdage 2,oppdage-2.mp4
oppdage 3,oppdage-3.mp4
oppdagelsesreisende,oppdagelsesreisende.mp4
oppdatere 1,oppdatere-1.mp4
oppdatere 2,oppdatere-2.mp4
oppdra/-gelse,oppdra-gelse.mp4
oppdrett 1,oppdrett-1.mp4
oppdrett 2,oppdrett-2.mp4
oppe,oppe.mp4
oppfatning,oppfatning-2.mp4
oppfatte/-ing,oppfatte-ing.mp4
oppfatter ikke,oppfatter-ikke.mp4
oppfinne/-lse 1,oppfinne-lse-1.mp4
oppfinne/-lse 2,oppfinne-lse-2.mp4
oppføre/oppførsel,oppfoere-oppfoersel.mp4
oppfylle 1,oppfylle-1.mp4
oppfylle 2,oppfylle-2.mp4
oppgave,oppgave.mp4
opphavsrett,opphavsrett.mp4
oppi,oppi.mp4
oppkast 1,oppkast.mp4
oppkast 2,oppkast-2.mp4
Oppland,oppland.mp4
opplæring 1,opplaering-1.mp4
opplæring 2,opplaering-2.mp4
oppleve 1,oppleve-lse.mp4
oppleve 2,oppleve-3.mp4
opplevelse 1,opplevelse.mp4
opplevelse 2,opplevelse-3.mp4
oppløse,opploese.mp4
oppløsning,opploesning.mp4
oppløsning (mål på skarphet),opploesning-2.mp4
oppløsning (oppsplitting),opploesning-3.mp4
opplyse/-ning,opplyse-ning.mp4
oppmerksom/-het 1,oppmerksom-het-1.mp4
oppmerksom/-het 2,oppmerksom-het-2.mp4
oppmuntre/-ing,oppmuntre-ing.mp4
oppnå,oppnaa.mp4
opposisjon,opposisjon.mp4
oppover,oppover.mp4
oppoverbakke,oppoverbakke.mp4
opprette 1,opprette-stifte.mp4
opprette 2,opprette-2.mp4
opprettholde,opprettholde.mp4
opprør,opproer.mp4
oppskyting,oppskyting.mp4
oppslag,oppslag.mp4
oppstå 1,oppstaa-1.mp4
oppstå 2,oppstaa-2.mp4
oppstandelse (Jesu),oppstandelse-Jesu.mp4
oppstart,oppstart.mp4
oppta (ta opp),oppta-ta-opp.mp4
opptak (filme),opptak-filme.mp4
opptatt,opptatt.mp4
opptil,opptil.mp4
opptog,opptog.mp4
opptre,opptre.mp4
opptrening,opptrening.mp4
oppvåkne,oppvaakne.mp4
oppvarming,oppvarming.mp4
oppvask,oppvask.mp4
oppvekst,oppvokst.mp4
oppvisning,oppvisning.mp4
oppvokst,oppvokst-2.mp4
optimist/optimisme,optimist-optimisme.mp4
oral 1,oral-1.mp4
oral 2,oral-2.mp4
oralsex,oralsex.mp4
oransje 1,oransje-1.mp4
oransje 2,oransje-2.mp4
oransje 3,oransje.mp4
ord,ord.mp4
orden,orden.mp4
orden (utmerkelse),orden-utmerkelse.mp4
ordklasser,ordklasser.mp4
ordne,ordne.mp4
ordre,ordre.mp4
ordspråk,ordspraak.mp4
ordtak,ordtak.mp4
organ (biologi),organ.mp4
organisasjon,organisasjon.mp4
organisere,organisere.mp4
organisme,organisme.mp4
organismer 1,organismer-2.mp4
organismer 2,organismer-1.mp4
orgasme,orgasme.mp4
orgel,orgel.mp4
orientering,orientering.mp4
orienteringsløp,orienteringsloep.mp4
orientert,orientert.mp4
original,original.mp4
origo 1,origo-1.mp4
origo 2,origo-2.mp4
orkan,orkan.mp4
orke,orke.mp4
orm,orm.mp4
ortodoks (jødisk),ortodoks-2.mp4
ortodoks (levemåte),ortodoks-levemaate.mp4
ortodoks (russisk/gresk),ortodoks-1.mp4
Oslo 1,oslo-1.mp4
Oslo 2,Oslo.mp4
Oslo 3,oslo-3.mp4
oss (flere personer),oss-flere-personer.mp4
oss (om to personer),oss-om-to-personer.mp4
ost 1,ost.mp4
ost 2,ost-2.mp4
ostehøvel,ostehoevel.mp4
ostekake,ostekake.mp4
ostepop,ostepop.mp4
Outlook (programvare),outlook.mp4
over,over.mp4
overbefolket,overbefolket.mp4
overbevise,overbevise.mp4
overbevisning,overbevisning.mp4
overbord (byggfag),overbord.mp4
overdrive/-lse,overdrive-lse.mp4
overenskomst,overenskomst.mp4
overensstemmende,overensstemmende.mp4
overfalle,overfalle.mp4
overflate 1,overflate.mp4
overflate 2,overflate-2.mp4
overflatevev 1,overflatevev-1.mp4
overflatevev 2,overflatevev-2.mp4
overføre,overfoere.mp4
overgang,overgang.mp4
overgi,overgi.mp4
overgivelse,overgivelse.mp4
overgrep 1,overgrep-1.mp4
overgrep 2,overgrep-2.mp4
overgurt (byggfag),overgurt.mp4
overhead,overhead.mp4
overhode,overhode.mp4
overkrysning (genetikk),overkryssing.mp4
overlate,overlate.mp4
overlegen 1,overlegen-1.mp4
overlegen 2,overlegen-2.mp4
overleve,overleve.mp4
overligger (byggfag) 1,overliggende.mp4
overligger (byggfag) 2,over%20liggende-2.mp4
overraskelse,overraskelse.mp4
overrasket,overrasket.mp4
oversette,oversette.mp4
oversikt 1,oversikt-1.mp4
oversikt 2,oversikt-2.mp4
overskrift,overskrift.mp4
overskudd,overskudd.mp4
overslag,overslag.mp4
oversvømme/-lse 1,oversvoemme-lse-1.mp4
oversvømme/-lse 2,oversvoemme-lse-2.mp4
overta,overta.mp4
overtid,overtid.mp4
overtramp,overtramp.mp4
overtramplinje,overtramplinje.mp4
overtro,overtro.mp4
overvåkningsverktøy,overvaakningsverktoy.mp4
overveie,overveie.mp4
ovn (fyringsovn),ovn-fyringsovn.mp4
ovn (panelovn) 1,ovn-panelovn-1.mp4
ovn (panelovn) 2,ovn-panelovn-2.mp4
P (tohåndsalfabetet),P-2.mp4
P 1,P.mp4
P 2,p-3.mp4
p-pille,p-pille.mp4
på,paa.mp4
på: legge på,legge-paa.mp4
påbygning,paabygning.mp4
padde,padde.mp4
Pakistan 1,pakistan.mp4
Pakistan 2,pakistan-2.mp4
pakistansk,pakistansk.mp4
påkjenning,paakjenning.mp4
påkjørsel,paakjoersel.mp4
pakke,pakke.mp4
pakke mye,pakke-mye.mp4
pålagt,paalagt.mp4
pålegg 1,paalegg-1.mp4
pålegg 2,paalegg-2.mp4
Palermo,palermo.mp4
Palestina 1,palestina.mp4
Palestina 2,palestina-2.mp4
palestinsk,palestinsk.mp4
palett,pelett.mp4
pålitelig,paalitelig.mp4
palmesøndag,palmesoendag.mp4
påmelde/-ing,paamelde-ing.mp4
Panama,panama.mp4
panda,panda.mp4
pandemi,pandemi.mp4
panere,panere.mp4
panikk 1,panikk.mp4
panikk 2,panikk-2.mp4
panikklidelse,panikklidelse.mp4
panne,panne.mp4
panne (stekepanne),panne-stekepanne.mp4
pannebånd,pannebaand.mp4
pannekake 1,pannekake-1.mp4
pannekake 2,pannekake-2.mp4
pant,pant.mp4
pantsette,pantsette.mp4
papegøye,papegoeye.mp4
papir 1,papir-1.mp4
papir 2,papir-2.mp4
papiravis,papiravis.mp4
papirutgave,papirutgave.mp4
papp,papp.mp4
pappa 1 a,pappa-1.mp4
pappa 1 b,pappa-3.mp4
pappa 2,pappa-2.mp4
papptallerken 1,papptallerken-1.mp4
papptallerken 2,papptallerken-2.mp4
paprika,paprika.mp4
par,par.mp4
parabel (matte),parabel-matte.mp4
paracet,paracet.mp4
paradis (barnelek),paradis.mp4
paradis 1,paradis-1.mp4
paradis 2,paradis-2.mp4
paragraf,paragraf.mp4
parallell 1,parallell.mp4
parallell 2,parallell-2.mp4
parallellkobling 1,parallellkobling-1.mp4
parallellkobling 2,parallellkobling-2.mp4
parallellogram,parallellogram.mp4
paranoia,paranoia-1.mp4
paranoid,paranoid.mp4
paraply,paraply.mp4
parentes 1,parentes-1.mp4
parentes 2,parentes-2.mp4
parentes 3,parentes-3.mp4
parfyme,parfyme.mp4
Paris,paris.mp4
park,park.mp4
parkere,parkere.mp4
parkering,parkering.mp4
parkeringsplass,parkeringsplass.mp4
parkert: sykkel,parkert-sykkel.mp4
parkett 1,parkett.mp4
parkett 2,parkett-2.mp4
parodi,parodi.mp4
pårørende,paaroerende.mp4
partall,partall.mp4
parter,parter.mp4
parti (politisk) 1,parti-politisk.mp4
parti (politisk) 2,parti-politisk-2.mp4
parykk,parykk.mp4
pasient,pasient.mp4
pasientrettighetsloven,pasientrettighetsloven.mp4
påske 1,paaske-1.mp4
påske 2,paaske-2.mp4
påske 3,paaske.mp4
påskedag,paaskedag.mp4
pasning,pasning.mp4
pass 1,pass-1.mp4
pass 2,pass-2.mp4
pass deg!,pass-deg.mp4
passasjer,passasjer.mp4
passe,passe.mp4
passe (passe på),passe-passe-paa.mp4
passe til,passe-til.mp4
passer (tegneredskap),passer.mp4
passer ikke,passer-ikke.mp4
passiv,passiv.mp4
passiva,passiva.mp4
passivt spill,passivt-spill.mp4
pasta,pasta.mp4
påstand/påstå,paastand-paastaa.mp4
påtale,paatale.mp4
påtalemyndighet,paatalemyndighet.mp4
pattedyr,pattedyr.mp4
pause 1,pause.mp4
pause 2,pause-2.mp4
pave 1,pave.mp4
pave 2,pave-2.mp4
påvirke,paavirke.mp4
pære,paere.mp4
pc,PC.mp4
pedagog,pedagog.mp4
pedagogikk,pedagogikk.mp4
peis,peis.mp4
peke,peke.mp4
pels 1,pels-1.mp4
pels 2,pels-2.mp4
pels: lang,pels-lang.mp4
pen,pen.mp4
penal,penal.mp4
pendel,pendel.mp4
pendle 1,pendle.mp4
pendle 2,pendle-2.mp4
penger 1,penger-1.mp4
penger 2,penger-2.mp4
pengeseddel,pengeseddel.mp4
penis,penis.mp4
penn,penn.mp4
pensel 1,pensel.mp4
pensel 2,pensel-2.mp4
pensjon,pensjon.mp4
pensjonat,pensjonat.mp4
pensjonist,pensjonist.mp4
Pensjonistpartiet,pensjonistpartiet.mp4
pensum,pensum.mp4
pepperkaker,pepperkaker.mp4
peppermynteblad,peppermynteblad.mp4
Per 1,per.mp4
Per 2,per-2.mp4
Per 3,per-3.mp4
perfekt,perfekt.mp4
perifer,perifer.mp4
periode,periode.mp4
periodesystem,periodesystem.mp4
permanent (frisyre),permanent-frisyre.mp4
permittere,permittere.mp4
persienne,persienne.mp4
persimon,persimon.mp4
person,person.mp4
personbil 1,personbil.mp4
personbil 2,personbil-2.mp4
personlig rekord,personlig-rekord.mp4
personlig/-het,personlig-het.mp4
personlighetsforstyrrelse,personlighetsforstyrrelse.mp4
perspektiv,perspektiv.mp4
Peru,peru.mp4
pervers/perversitet,pervers-perversitet.mp4
pesach (jødisk påske),pesach-joedisk-paaske.mp4
pessimisme,pessimisme.mp4
pest,pest.mp4
petit,petit.mp4
Petter 1,petter.mp4
Petter 2,petter-2.mp4
PFU (pressens faglige utvalg),PFU.mp4
pi (matematikk),pi-matematikk.mp4
Pia,pia.mp4
piano,piano.mp4
piggdekk (flertall),piggdekk-flertall.mp4
piggtråd,piggtraad.mp4
pigment,pigment.mp4
pike,pike.mp4
pikke med nebbet: gås,gaas-pikker-med-nebbet.mp4
piksler,piksler.mp4
pil,pil.mp4
pilegrim 1,pilegrim-1.mp4
pilegrim 2,pilegrim-2.mp4
pille,pille.mp4
pilot,pilot.mp4
pils,pils.mp4
pine,pine.mp4
pingvin,pingvin.mp4
pinlig,pinlig.mp4
pinnsvin,pinnsvin.mp4
Pinocchio,pinocchio.mp4
pinse 1,pinse.mp4
pinse 2,pinse-2.mp4
pinse 3,pinse-3.mp4
pioner,pioner.mp4
pioner 1,pioner-1.mp4
pioner 2,pioner-2.mp4
pipe (dyrelyd),pipe-dyrelyd.mp4
pipe (lyd) 1,pipe-lyd-1.mp4
pipe (lyd) 2,pipe-lyd-2.mp4
pipe (skorstein),pipe-skorstein.mp4
pipe (snadde),pipe-snadde.mp4
pirquet-prøve,pirquet-prove.mp4
pistol,pistol.mp4
pizza 1,pizza.mp4
pizza 2,pizza-2.mp4
plage,plage.mp4
plakat 1,plakat.mp4
plakat 2,plakat-2.mp4
plan,plan.mp4
planet,planet.mp4
planet 2,planet-2.mp4
planke,planke.mp4
planker-over-hverandre,planker-over-hverandre.mp4
planlegge,planlegge.mp4
plante (å plante),plante-aa-plante.mp4
plante (en plante),plante-en-plante.mp4
plantecelle,plantecelle.mp4
plass 1,plass-paa-plass-ol.mp4
plass 2,plass-2.mp4
plassering,plassering.mp4
plast 1,plast.mp4
plast 2,plast-2.mp4
plastball,plastball.mp4
plaster,plaster.mp4
plastikk,plastikk.mp4
plate,plate-2.mp4
plate (f.eks kokep-),plate.mp4
platevalse (maskin),platevalse-maskin.mp4
Platon (filosof),platon-filosof.mp4
plattform 1,plattform-1.mp4
plattform 2,plattform-2.mp4
pleier (sykepleier),pleier-sykepleier.mp4
plenum,plenum.mp4
plikt/-ig,plikt-ig.mp4
plog 1,plog.mp4
plog 2,plog-2.mp4
plombere (tann),plombere-tann.mp4
plomme (frukt),plomme-frukt.mp4
pløye,ploeye.mp4
plugg 1,plugg.mp4
plugg 2,plugg-1.mp4
plugg 3,plugg-2.mp4
plugg 4,plugg-3.mp4
plukke,plukke.mp4
plukke (bær),plukke-baer.mp4
plukke (fra tre),plukke-fra-tre.mp4
pluss,pluss.mp4
plutselig 1,plutselig-1.mp4
plutselig 2,plutselig-2.mp4
plutselig 3,plutselig-3.mp4
plyndre,plyndre.mp4
poeng,poeng.mp4
pokal,pokal.mp4
polarsirkelen,polarsirkelen.mp4
Polen 1,polen-1.mp4
Polen 2,polen-2.mp4
polere,polere.mp4
poliklinikk,poliklinikk.mp4
polio,polio.mp4
politi 1,politi.mp4
politi 2,politi-2.mp4
politi 3,politi-3.mp4
politibil,politibil.mp4
politikk/politisk,politikk-politisk.mp4
politisk parti,politisk-parti.mp4
pollen 1,pollen.mp4
pollen 2,pollen-2.mp4
pollenallergi,pollenallergi.mp4
polygami,polygami.mp4
polynomfunksjoner,polynomfunksjoner.mp4
polypp,polypp.mp4
pommes frites 1,pommes-frites-1.mp4
pommes frites 2,pommes-frites-2.mp4
pommes frites 3,pommes-frites-3.mp4
popkorn,popkorn.mp4
populær/-t,populaer-t.mp4
pore (biologi),porer.mp4
porer (sveising),porer-sveising.mp4
pornografi/-sk,pornografi-sk.mp4
porselen,porselen.mp4
port,port.mp4
port (garasje),port-garasje.mp4
porto (frimerke) 1,porto-frimerke-1.mp4
porto (frimerke) 2,porto-frimerke-2.mp4
portrett,portrett.mp4
Portugal 1,portugal-1.mp4
Portugal 2,portugal-2.mp4
pose,pose.mp4
posisjon 1,posisjon-1.mp4
posisjon 2,posisjon-2.mp4
positiv,positiv.mp4
positive symptomer,positive-symptomer.mp4
positive tall,positive-tall.mp4
post,post.mp4
postanvisning,postanvisning.mp4
postbud,postbud.mp4
postkasse,postkasse.mp4
posttraumatisk stressforstyrrelse,posttraumatisk-stressforstyrrelse.mp4
potensiell,potensiell.mp4
potet 1,potet.mp4
potet 2,potet-3.mp4
potet 3,potet-2.mp4
potet purre,potet-purre.mp4
potetmos,potetmos.mp4
potetskreller,potetskreller.mp4
potte,potte.mp4
PowerPoint (programvare),powerpoint.mp4
pølse (pålegg),poelse-paalegg.mp4
pølse (spekepølse),poelse-spekepoelse.mp4
pølse 1,poelse-1.mp4
pølse 2,poelse-2.mp4
pølse 3,poelse-3.mp4
pølsemaker,polsemaker.mp4
PP-finale (bowling),pp-finale-bowling.mp4
PR,pr.mp4
pr kilo,pr-kilo.mp4
PR-ansvarlig,pr-ansvarlig.mp4
PR-byrå,pr-byraa.mp4
Praha,praha.mp4
praksis,praksis.mp4
praksisplass,praksisplass.mp4
praktisere,praktisere.mp4
prate (talespråk) 1,prate-2.mp4
prate (talespråk) 2,prate-4.mp4
prate (tegnspråk) 1,prate-1.mp4
prate (tegnspråk) 2,prate-3.mp4
predikant,predikant.mp4
preken,preken.mp4
prematur,prematur.mp4
premie,premie.mp4
premiere,premiere.mp4
presang (til andre),presang-til-andre.mp4
presens,presens.mp4
presentasjon 1,presentasjon-1.mp4
presentasjon 2,presentasjon-2.mp4
presentere 1,presentere-1.mp4
presentere 2,presentere-2.mp4
president,president.mp4
presis,presis.mp4
press/-e,press-e.mp4
presse (media) 1,presse-avis.mp4
presse (media) 2,presse-2.mp4
presse (sitron) 1,presse-3.mp4
presse (sitron) 2,presse-4.mp4
presse sammen,presse-sammen.mp4
presseetikk,presseetikk.mp4
pressemelding,pressemelding.mp4
pressevisning,pressevisning.mp4
prest,prest.mp4
prestasjon 1,prestasjon.mp4
prestasjon 2,prestasjon-2.mp4
preteritum,preteritum.mp4
prevensjon/preventiv,prevensjon-preventiv.mp4
prikker,prikker.mp4
prim,prim.mp4
primært,primaert.mp4
prins,prins.mp4
prinsesse,prinsesse.mp4
prinsipp 1,prinsipp.mp4
prinsipp 2,prinsipp-2.mp4
prioritere/-ing,prioritere-ing.mp4
pris (penger),pris-penger.mp4
privat 1,privat.mp4
privat 2,privat-2.mp4
privatpraktiserende,privatpraktiserende.mp4
problem,problem.mp4
produksjon,produksjon.mp4
produkt,produkt.mp4
produktiv,produktiv.mp4
produsent,produsent.mp4
produsere,produsere.mp4
profesjonell 1,profesjonell.mp4
profesjonell 2,profesjonell-2.mp4
professor,professor.mp4
profet 1,profet.mp4
profet 2,profet-2.mp4
profet 3,profet-3.mp4
profil,profil.mp4
profil: ape,ape-profil.mp4
prognose,prognose.mp4
program,program.mp4
programmere,programmere.mp4
programmere/-ing,programmere-ing.mp4
programtavle,programtavle.mp4
programvare,programvare.mp4
progresjon,progresjon.mp4
progressiv,progressiv.mp4
projektor,projektor.mp4
prolaps 1,prolaps-1.mp4
prolaps 2,prolaps-2.mp4
promille,promille.mp4
pronomen,pronomen.mp4
propaganda,propaganda.mp4
propell,propell.mp4
propellfly,propellfly.mp4
propp (kork),propp-kork.mp4
propp (ørepropp),propp-oerepropp.mp4
prosedyre,prosedyre.mp4
prosent 1,prosent.mp4
prosent 2,prosent-2.mp4
prosent 3,prosent-3.mp4
prosess 1,prosess.mp4
prosess 2,prosess-2.mp4
prosessfullmektig (yrkestittel),prosessfullmektig-yrkestittel.mp4
prosessor,prosessor.mp4
prosjekt 1,prosjekt.mp4
prosjekt 2,prosjekt-2.mp4
prosjekt 3,prosjekt-3.mp4
prosjektør,prosjektoer.mp4
prostituert,prostituert.mp4
prostitusjon,prostitusjon.mp4
protein 1,protein-2.mp4
protein 2,protein-4.mp4
proteinbinding,proteinbinding.mp4
protest,protest.mp4
protestant,protestant.mp4
protestere,protestere.mp4
protokoll,protokoll.mp4
proton,proton.mp4
prototype,prototype.mp4
provisjon,provisjon.mp4
prøve 1,proeve-1.mp4
prøve 2,proeve-2.mp4
prøvesak,proevesak.mp4
prøvetid,proevetid.mp4
prute,prute.mp4
psyke,psyke-2.mp4
psykiater 1,psykiater-2.mp4
psykiater 2,psykiater.mp4
psykiatri/-sk,psykiatri-sk.mp4
psykiatrisk poliklinikk,psykiatrisk-poliklinikk.mp4
psykisk 1,psykisk-2.mp4
psykisk 2,psykisk.mp4
psykisk helse,psykisk-helse.mp4
psykisk lidelse,psykisk-lidelse.mp4
psykisk utviklingshemmet,psykisk-utviklingshemmet.mp4
psykiske problemer,psykiske-problemer.mp4
psykoanalyse,psykoanalyse.mp4
psykolog,psykolog.mp4
psykologi/-sk,psykologi-sk.mp4
psykose,psykose.mp4
psykososial 1,psykososial-1.mp4
psykososial 2,psykososial-2.mp4
psykotisk episode,psykotisk-episode.mp4
pubertet,pubertet.mp4
publikum 1,publikum.mp4
publikum 2,publikum-2.mp4
publisere 1,publisere.mp4
publisere 2,publisere-2.mp4
puck 1,puck-1.mp4
puck 2,puck-2.mp4
pudder (talkum),pudder-talkum.mp4
pudder/pudre,pudder-pudre.mp4
pudding,pudding.mp4
puja (ritual i hinduismen),puja-hinduismen.mp4
pulje,pulje.mp4
puljeleder,puljeleder.mp4
puls 1,puls-1.mp4
puls 2,puls.mp4
pult,pult.mp4
pulver,pulver.mp4
pulverapparat,pulverapparat.mp4
pumpe (alkoholforgiftning),pumpe-ut.mp4
pumpe (ball e.l.),pumpe-bruke.mp4
pumpe (bruke p-),pumpe-bruke.mp4
pund (vekt),pund-vekt.mp4
pungen (scrotum),pungen-scrotum.mp4
punkt,punkt.mp4
"punkt (i lov, statuetter o.l.)",punkt-i-lov-statuetter-ol.mp4
punktere/-ing 1,punktere-ing-1.mp4
punktere/-ing 2,punktere-ing-2.mp4
punktlig,punktlig.mp4
punktsveise (maskin),punktsveise.mp4
purim (jødisk høytid),purim-joedisk.mp4
purreløk,purrelok.mp4
puslespill,puslespill.mp4
pusse,pusse.mp4
pusse nesen,pusse-nesen.mp4
pusse tenner 1,pusse-tenner-1.mp4
pusse tenner 2,pusse-tenner-2.mp4
puste,puste.mp4
pusteproblemer,pusteproblemer.mp4
pute,pute.mp4
putevar,putevar.mp4
pyjamas,pyjamas.mp4
pynt,pynt.mp4
pynte,pynte.mp4
pyramide,pyramide.mp4
pyromani,pyromani.mp4
pyse,pyse.mp4
Q,Q.mp4
Q (tohåndsalfabetet),Q-2.mp4
R,R.mp4
R (tohåndsalfabetet),R-2.mp4
rå,ra.mp4
rå (brutal),raa-brutal.mp4
rabatt,rabatt.mp4
rabbiner,rabbiner.mp4
racer,racer.mp4
racerbåt,racerbaat.mp4
racerbil,racerbil.mp4
rackett,rackett.mp4
racketthode,racketthode.mp4
rad (eks. tabell),rad.mp4
råd (forsamling),raad-forsamling.mp4
råd (gi råd),raad-gi-raad.mp4
råd (ha råd til),raad-ha-raad-til.mp4
rad (rekke),rad-2.mp4
radar,radar.mp4
rådgivende organ,raadgivende-organ.mp4
rådgiver,raadgiver.mp4
rådhus,raadhus.mp4
radiator,radiator.mp4
radikal,radikal.mp4
radio 1,radio.mp4
radio 2,radio-2.mp4
radius 1,radius.mp4
radius 2,radius-2.mp4
rådyr,raadyr.mp4
raft,raft.mp4
rake (med rive),rake-med-rive.mp4
rakett 1,rakett.mp4
rakett 2,rakett-2.mp4
ramadan 1,ramadan-1.mp4
ramadan 2,ramadan-2.mp4
råmateriale,raamaateriale.mp4
ramle,ramle.mp4
ramme 1,ramme.mp4
ramme 2,ramme-2.mp4
ran,ran.mp4
Randi,randi.mp4
ransake,ransake.mp4
ransel,ransel.mp4
rapport (muntlig),rapport-muntlig.mp4
rapport 1,rapport-2.mp4
rapport 2,rapport-3.mp4
rapport 3,rapport-1.mp4
rapsolje,rapsolje.mp4
rar/-t,rar-t.mp4
ras,ras.mp4
rase 1,rase.mp4
rase 2,rase-2.mp4
rasende,rasende.mp4
rasisme,rasisme.mp4
rasjonalisering (nedbemanning),rasjonalisering-nedbemanning.mp4
rasjonere/-ing,rasjonere-ing.mp4
rask,rask.mp4
rask 2,rask-2.mp4
rasp,rasp.mp4
råstoff,raastoff.mp4
råtne,raatne.mp4
råtten,raatten.mp4
råvarer,ravarer.mp4
re opp seng,re-opp-seng.mp4
reagere,reagere.mp4
reaksjon,reaksjon.mp4
reaksjonsevne,reaksjonsevne.mp4
reaksjonsmønster,reaksjonsmoenster.mp4
realistisk,realistisk.mp4
recessiv 1,recessiv-1.mp4
recessiv 2,recessiv-2.mp4
recessiv 3,recessiv-3.mp4
redaksjon,redaksjon.mp4
redaktør 1,redaktoer.mp4
redaktør 2,redaktoer-2.mp4
redd,redd.mp4
redd: bite seg i fingrene,redd-bite-seg-i-fingrene.mp4
redd: håret reiser seg på hodet,redd-haaret-reiser-seg-paa-hodet.mp4
redde (fra drukning o.l.),redde-fra-drukning-ol.mp4
reddik,reddik.mp4
redigere 1,redigere-1.mp4
redigere 2,redigere-2.mp4
redning,redning.mp4
redningsmann,redningsmann.mp4
redningsvest,redningsvest.mp4
redsel,redsel.mp4
redskap,redskap.mp4
reduksjonsdeling (biologi),reduksjonsdeling.mp4
redusere,redusere.mp4
referat,referat.mp4
referere,referere.mp4
refleksvest,refleksvest.mp4
reform,reform.mp4
reformasjon,reformasjon.mp4
regel 1,regel.mp4
regel 2,regel-2.mp4
regelmessig,regelmessig.mp4
regissør,regissoer-2.mp4
register,register.mp4
register 2,register-2.mp4
registerreim 1,registerreim-1.mp4
registerreim 2,registerreim-2.mp4
regjere/-ing,regjere-ing.mp4
reglement,reglement.mp4
regn,regn.mp4
regn: det regner,regn-det-regner.mp4
regn: regndråpe treffer,regn-regndraape-treffer.mp4
regnbue,regnbue.mp4
regnbukse,regnbukse.mp4
regndress,regndress.mp4
regne (matematikk),regne.mp4
regne med 1,regne-med-1.mp4
regne med 2,regne-med-2.mp4
regne ut 1,regne-ut-1.mp4
regne ut 2,regne-ut-2.mp4
regning,regning.mp4
regnjakke,regnjakke.mp4
regnskap,regnskap.mp4
regntøy,regntoy.mp4
regulere,regulere.mp4
Reidun,reidun.mp4
rein,rein.mp4
reinkappkjøring,reinkappkjoering.mp4
reinskinn,reinskinn.mp4
reir,reir.mp4
reise 1,reise-1.mp4
reise 2,reise-2.mp4
reise 3,reise-3.mp4
reise seg,reise-seg.mp4
reise seg: elg reiser seg,elg-reiser-seg.mp4
reise seg: to personer reiser seg,reise-seg-to-personer-reiser-seg.mp4
reisebyrå,reisebyraa.mp4
reisverk,reisverk.mp4
reker,reker.mp4
rekke (frem hånden),rekke-frem-haanden.mp4
rekke (nå),rekke-naa.mp4
rekke (rad),rekke-rad.mp4
rekkehus,rekkehus.mp4
reklamasjon,reklamasjon.mp4
reklame 1,reklame.mp4
reklame 2,reklame-2.mp4
reklamebyrå,reklamebyraa.mp4
rekord 1,rekord-1.mp4
rekord 2,rekord-2.mp4
rektangel,rektangel.mp4
rektangulær,rektangulaer.mp4
rektor,rektor.mp4
relevant 1,relevant.mp4
relevant 2,relevant-2.mp4
religion 1,religion.mp4
religion 2,religion-2.mp4
religiøs 1,religioes-2.mp4
religiøs 2,religioes.mp4
rem,rem.mp4
remis,remis.mp4
ren,ren.mp4
rengjøring 1,rengjoering-1.mp4
rengjøring 2,rengjoering-2.mp4
renn (skirenn),renn-skirenn.mp4
renne (bowling),renne-bowling.mp4
renne (elv/bekk),renne-elv-bekk.mp4
rense,rense.mp4
rente,rente.mp4
reparasjon,reparasjon.mp4
reparere,reparere.mp4
repetere,repetere.mp4
repetisjon,repetisjon.mp4
replikk 1,replikk1.mp4
replikk 2,replikk2.mp4
reportasje 1,reportasje.mp4
reportasje 2,reportasje-2.mp4
representant,representant.mp4
representere,representere.mp4
reprise,reprise.mp4
republikk,republikk.mp4
research,research.mp4
resepsjon,resepsjon.mp4
resept,resept.mp4
reseptor,reseptor.mp4
reserve,reserve.mp4
reservere,reservere.mp4
resirkulere,resirkulere.mp4
resistent,resistent.mp4
respekt,respekt.mp4
respirator,respirator.mp4
respons,respons.mp4
ressurs,ressurs.mp4
rest,rest.mp4
restaurant,restaurant.mp4
restaurere,restaurere.mp4
resten,resten.mp4
resten 2,resten-2.mp4
resten 3,resten-3.mp4
resultat 1,resultat.mp4
resultat 2,resultat-1.mp4
resyme,resyme.mp4
retning,retning.mp4
rett (direkte),rett-direkte.mp4
rett (ha rett),rett-ha-rett.mp4
rett vinkel,rett-vinkel.mp4
rette opp,rette-opp.mp4
rette opp (bulk),rette-opp-bulk.mp4
retten,retten.mp4
rettferdighet 1,rettferdighet-1.mp4
rettferdighet 2,rettferdighet-2.mp4
rettighet,rettighet.mp4
rettsal,rettsal.mp4
rettsbetjent,rettsbetjent.mp4
rettskraftig,rettskraftig.mp4
rettskrav,rettskrav.mp4
rettsmøte,rettsmoete.mp4
rettsregler,rettsregler.mp4
rettssak 1,rettssak.mp4
rettssak 2,rettsak-2.mp4
rettssikkerhet,rettssikkerhet.mp4
rettsskriving,rettsskriving.mp4
rettssystem,rettssystem.mp4
rettstat,rettsstat.mp4
rettsvesen,rettsvesen.mp4
rev,rev.mp4
revansj,revansj.mp4
revisjon/revisor,revisjon-revisor.mp4
revolusjon,revolusjon.mp4
revolusjon 1,revolusjon-1.mp4
revolver,revolver.mp4
revy 1,revy-1.mp4
revy 2,revy-2.mp4
ri (på hest o.l.),ri-paa-hest-ol.mp4
ribbe,ribbe-ribben.mp4
ribbein,ribbein.mp4
ribosom 1,ribosom-1.mp4
ribosom 2,ribosom-2.mp4
ridder,ridder.mp4
ridelærer,ridelaerer.mp4
rideskole,rideskole.mp4
ridetime 1,ridetime-1.mp4
ridetime 2,ridetime-2.mp4
ridning,ridning.mp4
rifle,rifle.mp4
rift,rift.mp4
rik,rik.mp4
Rikard,rikard.mp4
rikelig (mye),rikelig-mye.mp4
riksavis,riksavis.mp4
Riksteateret,riksteateret.mp4
riktig,riktig.mp4
ring,ring.mp4
ring (smykke),ring-smykke.mp4
ringe (i tlf.),ringe-i-tlf.mp4
ringe (med kirkeklokke),ringe-med-kirkeklokke.mp4
ringe (på døren),ringe-paa-doeren.mp4
ringe (ringelyd),ringe-ringelyd.mp4
rips (bær),rips-baer.mp4
ris (juling),ris-juling.mp4
ris (korn),ris-korn.mp4
risiko 1,risiko-1.mp4
risiko 2,risiko-2.mp4
riskrem 1,riskrem.mp4
riskrem 2,riskrem-2.mp4
rist,rist.mp4
riste (noe/noen) 1,riste-noe-noen-1.mp4
riste (noe/noen) 2,riste-noe-noen-2.mp4
Rita,rita.mp4
ritual 1,ritual.mp4
ritual 2,ritual-2.mp4
ritual 3,ritual-3.mp4
rival,rival.mp4
rive (å rake med),rive-aa-rake-med.mp4
rive (i stykker),rive-i-stykker.mp4
rive ned,rive-ned.mp4
rivjern,rivjern.mp4
RNA,rna.mp4
ro (båt),ro-baat.mp4
ro (motsatt av uro),ro-motsatt-av-uro.mp4
roastbiff,roastbiff.mp4
robåt,robaat.mp4
robot,robot.mp4
rocke,rocke.mp4
Rockwool,rockwool.mp4
Rogaland,rogaland.mp4
rolig,rolig.mp4
rolle (for eksempel skuespill),rolle-for-eksempel-skuespill.mp4
rom (værelse),rom-vaerelse-2.mp4
Roma,roma-.mp4
roman,roman.mp4
Romania 1,romania-1.mp4
Romania 2,romania-2.mp4
romantikk 1,romantikk.mp4
romantikk 2,romantikk-2.mp4
romantisk,romantisk.mp4
rombe,rombe.mp4
romer,romer.mp4
romerrike,romerrike.mp4
romskip,romskip.mp4
romslig,romslig.mp4
romtemperatur,romtemperatur.mp4
rope,rope.mp4
rosa 1,rosa-1.mp4
rosa 2,rosa-2.mp4
rose (å rose),rose-aa-rose.mp4
rose (blomst),rose-blomst.mp4
Rosenborg,rosenborg.mp4
rosenkål,rosenkal.mp4
rosevin,rosevin.mp4
rosin 1,rosin.mp4
rosin 2,rosin-2.mp4
rosmarin,rosmarin.mp4
rot (på tre),rot-paa-tre.mp4
rot/-e (å rote),rot-e-aa-rote.mp4
rotasjon,rotasjon.mp4
rotekopp,rotekopp.mp4
rotere 1,rotere.mp4
rotere 2,rotere-2.mp4
rotte 1,rotte.mp4
rotte 2,rotte-2.mp4
round robin (bowling),round-robin-bowling.mp4
rovdyr,rovdyr.mp4
rød,roed.mp4
rødbet,rodbet.mp4
rødbetsaft,rodbetsaft.mp4
Rødbygget,roedbygget.mp4
røde hunder (sykdom) 1,rode-hunder-sykdom-1.mp4
røde hunder (sykdom) 2,roede-hunder.mp4
Rødhette,rodhette.mp4
rødkål,rodkal.mp4
rødløk,roedloek.mp4
rødme,roedme.mp4
rødrev,roedrev.mp4
rødspette,roedspette.mp4
Rødt (politisk parti),roedt-parti.mp4
rødt kort,roedt-kort.mp4
rødvin,rodvin.mp4
rømme (mat),romme-mat.mp4
rømme 1,roemme-1.mp4
rømme 2,roemme-2.mp4
røntgen 1,roentgen-1.mp4
røntgen 2,roentgen-2.mp4
rør,roer.mp4
rørbøyemaskin,rorboeyemaskin.mp4
røre,roere.mp4
røre (vispe),roere-vispe.mp4
røre: med skaft,roere-med-skaft.mp4
rørende,roerende.mp4
rørlegger,roerlegger.mp4
rørlegger 2,roerlegger-2.mp4
rørt,roert.mp4
røst (stemme),roest-stemme.mp4
røtter,roetter.mp4
røyk,roeyk.mp4
røyke,roeyke.mp4
røyket laks,royket-laks.mp4
ruccola,ruccola.mp4
rugbrød,rugbroed.mp4
rulle,rulle.mp4
rulle sigaretter,rulle-sigaretter.mp4
rulleblad,rulleblad.mp4
rullebrett,rullebrett.mp4
rullegardin,rullegardin.mp4
rulleski,rulleski.mp4
rulleskøyter,rulleskoeyter.mp4
rullestol,rullestol.mp4
rumle (i magen) 1,rumle-i-magen-1.mp4
rund/-t 1,rund.mp4
rund/-t 2,rundt-i-ring.mp4
runde øyne,runde-oeyne.mp4
rundstykke 1,rundstykke-1.mp4
rundstykke 2,rundstykke-2.mp4
rundstykke 3,rundstykke.mp4
Rune,rune.mp4
rus,rus.mp4
rush (badminton),rush-badminton.mp4
rusmiddel,rusmiddel.mp4
russ 1,russ-1.mp4
russ 2,russ-2.mp4
russekort,russekort.mp4
russisk,russisk.mp4
Russland 1,russland-1.mp4
Russland 2,russland-2.mp4
rust,rust.mp4
rustfri,rustfri.mp4
rustning,rustning.mp4
rutet/ruter,rutet-ruter.mp4
rutsjebane,rutsjebane.mp4
rydde 1,ordne.mp4
rydde 2,rydde-2.mp4
rygg,rygg.mp4
rygg: på ryggen,rygg-paa-ryggen.mp4
ryggrad 1,ryggrad-1.mp4
ryggrad 2,ryggrad-2.mp4
ryggsekk,ryggsekk.mp4
rykte,rykte.mp4
rynker,rynker.mp4
rypejakt,rypejakt.mp4
rytme,rytme.mp4
S,S.mp4
s (genitiv-s),s-genitiv-s.mp4
S (tohåndsalfabetet),S-2.mp4
sa,sa.mp4
så (frø) 1,saa-om-froe.mp4
så (frø) 2,saa-froe-2.mp4
så (frø) 3,saa-froe-3.mp4
så (og så),saa-og-saa.mp4
så (slik at),saa-slik-at.mp4
sabbat (jødisk høytid),sabbat-joedisk.mp4
sabotere/sabotasje,sabotere-sabotasje.mp4
saccosekk,saccosekk.mp4
Safari (nettleser),safari-nettleser.mp4
safran,safran.mp4
saft,saft.mp4
sag 1,sag.mp4
sag 2,sag-haandsag.mp4
sagn 1,sagn-1.mp4
sagn 2,sagn-2.mp4
sak 1,sak.mp4
sak 2,sak-2.mp4
sak 3,sak-3.mp4
sakkarid,sakkarid.mp4
sakkyndig,sakkyndig.mp4
sakprosa,sakprosa.mp4
saks,saks.mp4
saks: stor,form-horisontal-lang.mp4
saksbehandling,saksbehandling.mp4
saksliste,saksliste.mp4
saksofon,saksofon.mp4
saksomkostning,saksomkostning.mp4
saksøker,saksoeker.mp4
sakte,sakte.mp4
salami,salami.mp4
salat,salat.mp4
salatløk,salatlok.mp4
salg,salg.mp4
salgsgruppe,salgsgruppe.mp4
salme,salme.mp4
salmonella,salmonella.mp4
salong,salong.mp4
salt 1,salt.mp4
salt 2,salt-2.mp4
salt 3,salt-3.mp4
salve 1,salve.mp4
salve 2,salve-2.mp4
salvede (Messias den s-),salvede-messias.mp4
samarbeid/-e,samarbeid-e.mp4
samboer,samboer.mp4
samedrakt,samedrakt.mp4
samfunn,samfunn.mp4
samfunnsfag,samfunnsfag.mp4
samfunnsstraff,samfunnsstraff.mp4
samle 1,samle.mp4
samle 2,samle-2.mp4
samleie,samleie.mp4
samliv,samliv.mp4
samme 1,samme-1.mp4
samme 2,samme-2.mp4
samme 3,samme-3.mp4
sammen,sammen.mp4
sammendrag,sammendrag.mp4
sammenheng,sammenheng.mp4
sammenligne,sammenligne.mp4
sammensatt,sammensatt.mp4
samspill,samspill.mp4
samtale 1,samtale.mp4
samtale 2,samtale-snakke-sammen.mp4
samtaleterapi,samtaleterapi.mp4
samtidig 1,samtid-ig.mp4
samtidig 2,samtidig-2.mp4
samtidig 3,samtidig-3.mp4
samværsrett,samvaersrett.mp4
samvittighet,samvittighet.mp4
sand,sand.mp4
sandaler,sandaler.mp4
Sandefjord 1,sandefjord-1.mp4
Sandefjord 2,sandefjord-2.mp4
sandkasse,sandkasse.mp4
sandpapir,sandpapir.mp4
sang,sang.mp4
Sankthansaften,Sankthansaften.mp4
sånn,saann.mp4
sann/sant,sann-sant.mp4
sannhet,sannhet.mp4
sannsynlig 1,sannsynlig-1.mp4
sannsynlig 2,sannsynlig-2.mp4
sannsynlighet 1,sannsynlighet-1.mp4
sannsynlighet 2,sannsynlighet-2.mp4
sans,sans.mp4
sanse,sanse.mp4
såpe,saape.mp4
såpebobler,saapebobler.mp4
sår 1,saar.mp4
sår 2,saar-2.mp4
sårbarhet,saarbarhet.mp4
sårskade,saarskade.mp4
Satan,satan.mp4
satellitt 1,satellitt.mp4
satellitt 2,satellitt-2.mp4
sau,sau.mp4
sauegjeter,sauegjeter.mp4
saus 1,saus.mp4
saus 2,saus-2.mp4
savne,savne.mp4
saxofon,saxofon.mp4
sæd,saed.mp4
særfradrag,saerfradrag.mp4
scampi,scampi.mp4
scene,scene.mp4
schizoaffektiv psykose,schizoaffektiv-psykose.mp4
schizofren 1,schizofren-1.mp4
schizofren 2,schizofren-2.mp4
schizofreni 1,schizofreni.mp4
schizofreni 2,schizofreni-3.mp4
schizoid personlighetsforstyrrelse,schizoid-personlighetsforstyrrelse.mp4
scooter 1,scooter-1.mp4
scooter 2,scooter-2.mp4
score,score.mp4
se,se.mp4
se på forskjellig,se-paa-forskjellig.mp4
se seg rundt,se-seg-rundt.mp4
se ut som,se-ut-som.mp4
se: få øye på noe,se-faa-oeye-paa-noe.mp4
se: flere ser på meg,se-flere-ser-paa-meg.mp4
se: ser ikke på meg,se-ser-ikke-paa-meg.mp4
sebra,sebra.mp4
seddel,seddel.mp4
sees,sees.mp4
sei 1,sei.mp4
sei 2,sei-2.mp4
seier,seier.mp4
seig,seig.mp4
seil,seil.mp4
seilbåt,seilbaat.mp4
seile,seile.mp4
seire,seire.mp4
sekk 1,sekk-1.mp4
sekretær,sekretaer.mp4
seks,seks.mp4
seksten,seksten.mp4
seksti,seksti.mp4
seksualitet,seksualitet.mp4
seksuell,seksuell.mp4
seksuelle overgrep,seksuelle-overgrep.mp4
sekund,sekund.mp4
sekundering,sekundering.mp4
sel (sjødyr),sel-sjoedyr.mp4
Selbu,selbu.mp4
seler 1,seler-1.mp4
seler 2,seler-2.mp4
selfie 1,selfie-1.mp4
selfie 2,selfie-2.mp4
selfie 3,selfie-3.mp4
selge,selge.mp4
selskap,selskap.mp4
selv (du selv),selv-du-selv.mp4
selv (jeg/oss),selv-jeg-oss.mp4
selv om,selv-om.mp4
selvangivelse,selvangivelse.mp4
selvbetjening,selvbetjening.mp4
selvbilde,selvbilde.mp4
selve,selve.mp4
selvfølelse,selvfoelelse.mp4
selvfølgelig,selvfoelgelig.mp4
selvhjelp,selvhjelp.mp4
selvmord,selvmord.mp4
selvmordstanker,selvmordstanker.mp4
selvrealisering,selvrealisering.mp4
selvskading,selvskading.mp4
selvstendig,selvstendig.mp4
sement,sement.mp4
semifinale,semifinale.mp4
seminar,seminar.mp4
sen,sen-sein.mp4
sende 1,sende.mp4
sende 2,sende-2.mp4
sender,sender.mp4
senere,senere.mp4
seng,seng.mp4
sennep,sennep.mp4
sennepsaus,sennepsaus.mp4
sensur,sensur.mp4
Senterpartiet,senterpartiet.mp4
sentral 1,sentral-virksomhet.mp4
sentral 2,sentral.mp4
sentral midtbane,sentral-midtbane.mp4
sentre/passe (fotball),sentre-passe-fotball.mp4
sentrum,sentrum.mp4
separasjon,separasjon.mp4
september,september.mp4
Septuaginta (det gamle testamentet),septuaginta-testamente.mp4
seremoni 1,seremoni-1.mp4
seremoni 2,seremoni-2.mp4
serie,serie.mp4
serie (bowling),serie-bowling.mp4
serie (i idrett),serie-i-idrett.mp4
seriekamp,seriekamp.mp4
seriekobling,seriekobling.mp4
seriemester,seriemester.mp4
servant,servant.mp4
serve (kort),serve-kort.mp4
serve (lang),serve-lang.mp4
servelat,servelat.mp4
servelinje,servelinje.mp4
servemottak,servemottak.mp4
servere,servere.mp4
service,service.mp4
serviett,serviett.mp4
servise,servise.mp4
servitør,servitor.mp4
sesong,sesong.mp4
set,set.mp4
setball,setball.mp4
setebelte,setebelte.mp4
seter,seter.mp4
setning,setning.mp4
setningsanalyse,setningsanalyse.mp4
setningsledd,setningsledd.mp4
sette (brett fra seg),sette-brett-fra-seg.mp4
sette (på bordet),sette-paa-bordet.mp4
sette (sette inn/på) 1,sette-sette-inn-paa-1.mp4
sette (sette inn/på) 2,sette-sette-inn-paa-2.mp4
sette (sykkel),sette-sykkel.mp4
sette insulin,sette-insulin.mp4
sette opp (bygning),sette-opp.mp4
sette opp telt,sette-opp-telt.mp4
sette seg,sette-seg.mp4
sette seg: to personer setter seg,sette-seg-to-personer-setter-seg.mp4
severdighet,severdighet.mp4
sex,sex.mp4
sexolog,sexolog.mp4
shia (muslim),shia.mp4
shingel 1,shingel.mp4
shingel 2,shingel-2.mp4
Shiva (gud i hinduismen) 1,shiva-1.mp4
Shiva (gud i hinduismen) 2,shiva-2.mp4
shoppe,shoppe.mp4
shopping 1,shoppe.mp4
shopping 2,shopping-2.mp4
shorts/kortbukse,shorts-kortbukse.mp4
shot 1,shot.mp4
shot 2,shot-2.mp4
si,si.mp4
side,side.mp4
side (i bok),side-i-bok.mp4
sideleie,sideleie.mp4
sidelinje,sidelinje.mp4
siden (senere),siden-senere.mp4
siden 1,siden-1.mp4
siden 2,siden-2.mp4
sidesperre (byggfag),sidesperre.mp4
sier,sier.mp4
sigar,sigar.mp4
sightseeing,sightseeing.mp4
Sigmund,sigmund.mp4
signal,signal.mp4
signalstoffer i hjernen,signalstoffer-i-hjernen.mp4
Signo,signo.mp4
sigøyner,sigoeyner.mp4
Sigrid,sigrid.mp4
Sigrun,sigrun.mp4
Sigurd,sigurd.mp4
sikhisme,sikhisme.mp4
sikker/-t,sikker-t.mp4
sikkerhet,sikkerhet.mp4
sikkerhets skyld,sikkerhets-skyld.mp4
sikkerhetsnål,sikkerhetsnaal.mp4
sikte,sikte.mp4
siktemerke (bowling),siktemerke-bowling.mp4
siktet,siktet.mp4
sil 1,sil-1.mp4
sil 2,sil-2.mp4
sil 3,sil.mp4
silikon,silikon.mp4
silikon (byggfag),silikon-1.mp4
silke,silke.mp4
simpel/-t,simpel-t.mp4
sin/sitt,sin-sitt.mp4
sine,sine.mp4
Singapore,singapore.mp4
singel,singel.mp4
sinn,sinn.mp4
sinnssyk,sinnssyk.mp4
sint 1,sint-1.mp4
sint 2,sint-2.mp4
sint: rive seg i håret,sint-rive-seg-i-haaret.mp4
sirkel,sirkel.mp4
sirkelsag 1,sirkelsag.mp4
sirkelsag 2,sirkelsag_1.mp4
sirkulasjon (blod),sirkulasjon-blod.mp4
sirkus,sirkus.mp4
sist,sist.mp4
sist (om fortid),sist-om-fortid.mp4
siste,siste.mp4
siste (om fortid),siste-om-fortid.mp4
sistemann,sistemann.mp4
sisten (lek),sisten-lek.mp4
sitron,sitron.mp4
sitt,sitt.mp4
sitte 1,sitte-1.mp4
sitte 2,sitte-2.mp4
situasjon 1,situasjon-2.mp4
situasjon 2,situasjon-1.mp4
sivil,sivil.mp4
sivilisasjon,sivilisasjon.mp4
sivilsak,sivilsak.mp4
sjåfør 1,sjaafoer-1.mp4
sjåfør 2,sjaafoer-2.mp4
sjakk,sjakk.mp4
sjal,sjal.mp4
sjalu/-si,sjalu-si.mp4
sjampanje 1,champanje.mp4
sjampanje 2,champanje-2.mp4
sjanger,sjanger.mp4
sjanse,sjanse.mp4
sjarme/-rende,sjarme-rende.mp4
sjef,sjef.mp4
sjekk (verdipapir),sjekk.mp4
sjekke,sjekk-kontroll.mp4
sjel,sjel.mp4
sjelden,sjelden.mp4
sjenert,sjenert.mp4
sjiraff,sjiraff.mp4
sjokk 1,sjokk.mp4
sjokk 2,sjokk-2.mp4
sjokolade,sjokolade.mp4
sjokoladekake,sjokoladekake.mp4
sjokoladeplate,sjokoladeplate.mp4
sjonglere,sjonglere.mp4
sjø,sjoe.mp4
sjøløve,sjoeloeve.mp4
sjørøver 1,sjoeroever-1.mp4
sjørøver 2,sjoeroever-2.mp4
sju/syv,sju-syv.mp4
Skådalen,Skaadalen.mp4
skade,skade.mp4
skademeldingsskjema,skademeldingsskjema.mp4
skaffe,skaffe.mp4
skal,skal.mp4
skål (bolle),skaal-bolle.mp4
skål (til kopp),skaal-til-kopp.mp4
skåle,skaale.mp4
skalk (av brød o.l.),skalk-av-broed-ol.mp4
skall,skall.mp4
skall (av feks sitron),skall-av-sitron.mp4
skallet (hårløst hode) 1,skallet-haarloest-hode-1.mp4
skallet (hårløst hode) 2,skallet-haarloest-hode-2.mp4
skam,skam.mp4
skam/-full,skam-full.mp4
skammel 1,skammel.mp4
skammel 2,skammel-2.mp4
skandale,skandale.mp4
Skandinavia,skandinavia.mp4
skandinavisk,skandinavisk.mp4
skanne,skanne.mp4
skap,skap.mp4
skape 1,skape.mp4
skape 2,skape-2.mp4
skapelse,skapelse.mp4
skarp 1,skarp-1.mp4
skarp 2,skarp-2.mp4
skatt (penger),skatt-penger.mp4
skattejakt,skattejakt.mp4
skattekiste,skattekiste.mp4
skaut,skaut.mp4
skeiv,skeiv.mp4
skeptisk,skeptisk.mp4
ski,ski.mp4
ski: gå på ski,gaa-paa-ski.mp4
skibukse,skibukse.mp4
Skien,skien.mp4
skifer,skifer.mp4
skiflyving,skiflyving.mp4
skifte 1,bytte-2.mp4
skifte 2,skifte-3.mp4
skifte 3,skifte-4.mp4
skiftenøkkel,skiftenoekkel.mp4
skihansker,skihansker.mp4
skikk,skikk.mp4
skill (i håret),skill-i-haaret.mp4
skille fra hverandre,skille-fra-hverandre-gaa-fra-hverandre.mp4
skille/-s,skille-s.mp4
skiløper,skiloeper.mp4
skilpadde,skilpadde.mp4
skilsmisse,skilsmisse.mp4
skilt,skilt.mp4
skilt (trafikk o.l.),skilt-trafikk-ol.mp4
skinke,skinke.mp4
skinkeost,skinkeost.mp4
skinn (hud),skinn-hud.mp4
skinne: sola skinner 1,skinne-sola-skinner-1.mp4
skinne: sola skinner 2,skinne-sola-skinner-2.mp4
skinner (garasjeport),skinne.mp4
skinner (togskinner),skinner-togskinner.mp4
skip,skip.mp4
skipsverft,skipsverft.mp4
skisko,skisko.mp4
skiskyting,skiskyting.mp4
skisse 1,skisse-1.mp4
skisse 2,skisse-2.mp4
skitten,skitten.mp4
skitur,skitur.mp4
skive,skive.mp4
skivekobling,skivekobling.mp4
skjære,skjaere.mp4
skjære (seg),skjaere-seg.mp4
skjære opp (brød o.l.),skjaere-opp-broed-ol.mp4
skjære opp (kake o.l.),skjaere-opp-kake-ol.mp4
skjæringspunkt,skjaeringspunkt.mp4
skjærtorsdag,skjaertorsdag.mp4
skje,skje.mp4
skje (hende),skje-hende.mp4
skje: liten,blyant-liten.mp4
skje: stor,form-horisontal-lang.mp4
skjegg,skjegg.mp4
skjegg: bustet skjegg,skjegg-bustet-skjegg.mp4
skjele 1,skjele.mp4
skjele 2,skjeling.mp4
skjelett 1,skjelett.mp4
skjelett 2,skjelett-2.mp4
skjelett 3,skjelett-1.mp4
skjell,skjell.mp4
skjeløyd,skjeloeyd.mp4
skjelve,skjelve.mp4
skjema,skjema.mp4
skjenke,skjenke.mp4
skjerm (beskyttelse på sag),skjerm-paa-sag-3.mp4
skjev,skjev.mp4
skjoldet (som i et skjoldet gardin),skjoldet-som-i-et-skjoldet-gardin.mp4
skjorte,skjorte.mp4
skjønn (pen person) 1,skjoenn-pen-person-1.mp4
skjønn (pen person) 2,skjoenn-pen-person-2.mp4
skjønne (forstå),skjoenne-forstaa.mp4
skjønner ikke,skjoenner-ikke.mp4
skjønnlitteratur,skjoennlitteratur.mp4
skjørt,skjoert.mp4
skjørt: foldeskjørt,skjoert-foldeskjoert.mp4
skjørt: ta av skjørt,skjoert-ta-av-skjoert.mp4
skjørt: ta på seg skjørt,skjoert-ta-paa-seg-skjoert.mp4
skli,skli.mp4
sklie,sklie.mp4
sko 1,sko.mp4
sko: spiss sko,sko-spiss-sko.mp4
sko: ta av sko,sko-ta-av-sko.mp4
sko: ta på høyhælte sko,sko-ta-paa-hoeyhaelte-sko.mp4
skobørste,skoboerste.mp4
Skoda,skoda.mp4
skog 1,skog-1.mp4
skog 2,skog-2.mp4
skohæl: høy hæl,skohael-hoey-hael.mp4
skohæl: lav hæl,skohael-lav-hael.mp4
skole,skole.mp4
skole: gå på skolen,skole-gaa-paa-skolen.mp4
skolebøker: flere bøker,skoleboeker-flere-boeker.mp4
skolegård,skolegaard.mp4
skoleklasse,skoleklasse.mp4
skoleklokke,skoleklokke.mp4
skolesekk,skolesekk.mp4
skolevei,skolevei.mp4
skomaker,skomaker.mp4
Skopje,skopje.mp4
skorpe (sår),skorpe-saar.mp4
skorstein,skorstein.mp4
skotsk,skotsk.mp4
Skottland,skottland.mp4
skøyte (båt),alpha.mp4
skøytejern,skoeytejern.mp4
skøyteløper,skoeyteloeper.mp4
skøyter,skoeyter.mp4
skøyting (langrenn),skoeyting-langrenn.mp4
skredder,skredder.mp4
skredderstilling,skredderstilling.mp4
skrelle (appelsin),skrelle-appelsin.mp4
skrelle (banan),skrelle-banan.mp4
skrelle (poteter) 1,skrelle-poteter-1.mp4
skrelle (poteter) 2,skrelle-poteter-2.mp4
skremme,skremme.mp4
skriftlig,skriftlig.mp4
skrike,skrike.mp4
skrike (gråte),graate-2.mp4
skript,skript.mp4
skritt (friidrett),skritt-1-friidrett.mp4
skrive,skrive.mp4
skrive (eks. smarttelefon),skrive-smarttelefon.mp4
skrive (på tastatur) 1,skrive-paa-tastatur.mp4
skrive (på tastatur) 2,skrive-data.mp4
skrive under,skrive-under.mp4
skrivebok,skrivebok.mp4
skriver,skriver.mp4
skru,skru-2.mp4
skru (kran o.l.),skru-kran-ol.mp4
skru (rotere),skru.mp4
skru på,skru-paa.mp4
skrubbsår,skrubbsaar.mp4
skrudrill,skrudrill-1.mp4
skrue 1,skrue.mp4
skrue 2,skrue-2.mp4
skrujern (flatt) 1,skrujern-flatt-1.mp4
skrujern (flatt) 2,skrujern-flatt-2.mp4
skrujern (stjerne),skrujern-stjerne.mp4
skrujern 1,skrujern.mp4
skrujern 2,skrujern-3.mp4
skrujern 3,skrujern-1.mp4
skrutrekker,skrutrekker.mp4
skryte 1,skryte-1.mp4
skryte 2,skryte-2.mp4
skudd,skudd.mp4
skuddår,skuddaar.mp4
skuespill,skuespill.mp4
skuespiller,skuespiller.mp4
skuffet 1,skuffet-1.mp4
skuffet 2,skuffet-2.mp4
skulder,skulder.mp4
skum,skum.mp4
skum (isolasjon),skum-2.mp4
skummel/-t 1,skummel-t.mp4
skummel/-t 2,skummel-t-2.mp4
skummet melk,skummet-melk.mp4
skurk,skurk.mp4
skvette,skvette.mp4
sky (redd),sky-redd.mp4
sky 1,sky.mp4
sky 2,sky-2.mp4
sky 3,sky-3.mp4
skyld,skyld.mp4
skyld (min skyld),skyld-min-skyld.mp4
skyldfølelse,skyldfoelelse.mp4
skyldig,skyldig.mp4
skyldsansvar,skyldsansvar.mp4
skylle (klær),skylle-klaer.mp4
skylle (øret),skylle-oeret.mp4
skyllevæske,skyllevaeske.mp4
skynde seg 1,skynde-seg-1.mp4
skynde seg 2,skynde-seg-2.mp4
Skype (programvare) 1,skype-2.mp4
Skype (programvare) 2,skype-3.mp4
skyskraper,skyskraper.mp4
skyte (med gevær),skyte-med-gevaer.mp4
skyteskive,skyteskive.mp4
skyting,skyting.mp4
skyve,skyve.mp4
slå (å slå),slaa-aa-slaa.mp4
slå (ball),slaa-ball.mp4
slå (i konkurranse) 1,slaa-i-konkurranse-1.mp4
slå (i konkurranse) 2,slaa-i-konkurranse-2.mp4
slå (på tromme),slaa-paa-tromme.mp4
slå av,slaa-av.mp4
sladre/sladder,sladre-sladder.mp4
slag (art),slag-art.mp4
slagbormaskin,slagbormaskin.mp4
slagsmål,slagsmaal.mp4
slakte 1,slakte.mp4
slakte 2,slakte-3.mp4
slakter,slakter.mp4
slalom,slalom.mp4
slange,slange.mp4
slank,slank.mp4
slapp,slapp.mp4
slapp av 1,slapp-av-1.mp4
slapp av 2,slapp-av-2.mp4
slappe av (hvile)1,slappe-av-1.mp4
slappe av (hvile)2,slappe-av-2.mp4
slåss,slaass.mp4
slave,slave.mp4
slede,slede.mp4
slegge (idrett),slegge.mp4
slegge (verktøy),slegge-2.mp4
sleiv 1,sleiv.mp4
sleiv 2,sleiv-2.mp4
slekt,slekt.mp4
slektning,slektning.mp4
slem,slem.mp4
slepe 1,slepe-1.mp4
slepe 2,slepe-2.mp4
slette,slette.mp4
slik/slikt,slik-slikt.mp4
slikke,slikke.mp4
slikke seg om munnen: elg ...,elg-slikker-seg-om-munnen.mp4
slikkepott,slikkepott.mp4
slim,slim.mp4
slipe,slipe.mp4
slippe 1,slippe-1.mp4
slippe 2,slippe-2.mp4
slippe 3,slippe-3.mp4
slippteknikk (bowling),slippteknikk-bowling.mp4
slips,slips.mp4
slite ut,slite-ut.mp4
sliten 1,sliten-1.mp4
sliten 2,sliten-2.mp4
slott,slott.mp4
Slovakia,slovakia.mp4
Slovenia,slovenia.mp4
sløse,sloese.mp4
sløyfe,sloeyfe.mp4
slu,slu.mp4
sluk,sluk.mp4
sluke (svelge) 1,sluke-svelge-1.mp4
sluke (svelge) 2,sluke-svelge-2.mp4
slukke (brann),slukke-brann.mp4
slukke (lys),slukke-lys.mp4
slukstang,slukstang.mp4
slutt 1,slutt.mp4
slutt 2,slutt-2.mp4
slutten 1,slutten-1.mp4
slutten 2,slutten-2.mp4
sluttet krets (strøm),sluttet-krets.mp4
sluttposisjon (bowling),sluttposisjon-bowling.mp4
sluttrapport,sluttrapport.mp4
sluttsspill,sluttsspill.mp4
små,smaa.mp4
små (i høyden),smaa-i-hoeyden.mp4
små (i lengden/bredden),smaa-i-lengden-bredden.mp4
smak,smak.mp4
smake,smake.mp4
smake: smake på flere,smake-smake-paa-flere.mp4
smal,smal.mp4
smale øyne,smale-oeyne.mp4
smart,smart.mp4
smash,smash.mp4
smed,smed.mp4
smelte,smelte.mp4
smerte/-lig 1,smerte-lig-1.mp4
smerte/-lig 2,smerte-lig-2.mp4
smerteskala,smerteskala.mp4
smertestillende,smertestillende.mp4
smerteterskel,smerteterskel.mp4
smidig,smidig.mp4
smigre,smigre.mp4
smil 1,smil-1.mp4
smil 2,smil-2.mp4
smile,alpha.mp4
sminke (seg),sminke-seg.mp4
smiske,smiske.mp4
Smiths venner,smiths-venn-1.mp4
smitte 1,smitte-1.mp4
smitte 2,smitte.mp4
smoking,smoking.mp4
smokk,smokk.mp4
smoothie 1,smoothie-1.mp4
smoothie 2,smoothie-3.mp4
smoothie 3,smoothie-4.mp4
smoothie 4,smoothie-5.mp4
smør 1,smoer-1.mp4
smør 2,smoer-2.mp4
smørbrød,smoerbroed.mp4
smøre (brød) 1,smoere-broed-1.mp4
smøre (brød) 2,smoere-broed-2.mp4
smøre (maskiner o.l.),smoere-maskiner-ol.mp4
smøre (med salve),smoere-med-salve.mp4
smøre (skismøring),smoere-skismoering.mp4
smøring (ski),smoering-ski.mp4
smørkniv 1,smorkniv.mp4
smørkniv 2,smorkniv-2.mp4
smugle/-ing 1,smugle-ing-1.mp4
smugle/-ing 2,smugle-ing-2.mp4
smugle/-ing 3,smugle-ing-3.mp4
smugtitte,smugtitte.mp4
smyge (liste seg),smyge-liste-seg.mp4
smykke,smykke.mp4
snakke,snakke.mp4
snakke sammen,samtale-snakke-sammen.mp4
Snapchat (app) 1,snapchat-1.mp4
Snapchat (app) 2,snapchat-2.mp4
snart,snart.mp4
sneglehus (i mellomøret),sneglehus.mp4
Snehvit 1,snehvit-1.mp4
Snehvit 2,snehvit-2.mp4
snekker 1,snekker-1.mp4
snekker 2,snekker-2.mp4
snekre 1,snekre-1.mp4
snekre 2,snekre-2.mp4
sniffe,sniffe.mp4
snill,snill.mp4
snipp (skjortesnipp),snipp.mp4
snitt,snitt.mp4
snittliste,snittliste.mp4
snorkel,snorkel.mp4
snowboard,snowboard.mp4
snø,snoe.mp4
snø: snø på bakken,snoe-snoe-paa-bakken.mp4
snøfreser,snofreser.mp4
snøfrisk (ost),snofrisk-ost.mp4
snømann,snoemann.mp4
snømann: lage snømann,lage-snoemann.mp4
snøplog,snoeplog.mp4
snøras,snoeras.mp4
snøre (fiskesnøre),snoere-fiskesnoere.mp4
snøscooter,snoescooter.mp4
snu 1,snu-1.mp4
snu 2,snu-2.mp4
snu seg (liggende),snu-seg-liggende.mp4
snuble,snuble.mp4
snurre,snurre.mp4
snurrebass,snurrebass.mp4
snus,snus-2.mp4
snute 1,snute-1.mp4
snute 2,snute-2.mp4
snyte (narre) 1,snyte-narre-1.mp4
snyte (narre) 2,snyte-narre-2.mp4
sofa,sofa.mp4
softis,softis.mp4
Sogn og Fjordane,sogn-fjordane.mp4
sokker,sokker.mp4
sol,sol.mp4
sola skinner,sola-skinner.mp4
solarium,solarium.mp4
solbær,solbaer.mp4
solbrent,solbrent.mp4
solbriller,solbriller.mp4
soldat,soldat.mp4
sole seg 1,sole-seg-1.mp4
sole seg 2,sole-seg-2.mp4
solenergi,solenergi.mp4
solfaktor,solfaktor.mp4
solid,solid.mp4
solidaritet/solidarisk,solidaritet-solidarisk.mp4
solkrem,solkrem.mp4
sollys,sollys.mp4
solnedgang,solnedgang.mp4
solnedgang 2,solnedgang-2.mp4
soloppgang 1,soloppgang-1.mp4
soloppgang 2,soloppgang-2.mp4
solstråle,solstraale.mp4
solsystem,solsystem.mp4
Solveig,solveig.mp4
Somalia 1,somalia-1.mp4
Somalia 2,somalia-2.mp4
somatisk,somatisk.mp4
sommer,sommer.mp4
sommerdekk,sommerdekk.mp4
sommerfugl,sommerfugl.mp4
sone,sone.mp4
sone (fengsel),sone-fengsel.mp4
sopp,sopp.mp4
sorg 1,sorg.mp4
sorg 2,sorg-2.mp4
sort (art),sort-art.mp4
sort (svart),sort-svart.mp4
sortere 1,sortere-1.mp4
sortere 2,sortere-2.mp4
sosial,sosial.mp4
sosial angst,sosial-angst.mp4
sosial kontakt,sosial-kontakt.mp4
sosial situasjon,sosial-situasjon.mp4
sosiale medier,sosiale-medier.mp4
sosialisme,sosialisme.mp4
Sosialistisk Venstreparti,sosialistisk-venstreparti.mp4
sosiologi,sosiologi.mp4
sosionom,sosionom.mp4
sove 1,sove.mp4
sove 2,sove-2.mp4
sove 3,sove-3.mp4
sove: ligge og sove,sove-ligge-og-sove.mp4
sovepose,sovepose.mp4
soverom,soverom.mp4
Sovjet,sovjet.mp4
sovne,sovne.mp4
søke 1,soeke.mp4
søke 2,soeke-2.mp4
søke: flere,soeke-flere.mp4
søknadsskjema,soeknadsskjema.mp4
søl/-e 1,soel-e-1.mp4
søl/-e 2,soel-e-2.mp4
søledam,soeledam.mp4
sølje,soelje.mp4
sølv,soelv.mp4
sølvrev,soelvrev.mp4
søndag 1,soendag.mp4
søndag 2,soendag-2.mp4
sønn,soenn.mp4
søppel 1,soeppel-1.mp4
søppel 2,soeppel-2.mp4
søppelbil,soppelbil.mp4
søppelkasse,soeppelkasse.mp4
søppelsekk,soeppelsekk.mp4
sør (syd),soer-syd.mp4
Sør-Afrika 1,soer-afrika-1.mp4
Sør-Afrika 2,soer-afrika-2.mp4
Sør-Afrika 3,soer-afrika-3.mp4
Sør-Amerika,soer-amerika.mp4
Sør-Korea 1,soer-korea-1.mp4
Sør-Korea 2,soer-korea-2.mp4
søren 1,soeren-1.mp4
søren 2,soeren-2.mp4
søren 3,soeren.mp4
sørge/-lig,soerge-lig.mp4
søsken,soesken.mp4
søskenbarn,soeskenbarn.mp4
søskensjalusi,soeskensjalusi.mp4
søster,soester.mp4
søster (sykesøster),soester-sykesoester.mp4
søt,soet.mp4
søvn 1,soevn-1.mp4
søvn 2,soevn-2.mp4
søvn 3,soevn-3.mp4
søvnig,soevnig.mp4
søvnvaner,soevnvaner.mp4
søylediagram,soeylediagram.mp4
søyler,soeyler.mp4
spade,spade.mp4
spaghetti,spaghetti.mp4
spaltekniv (verktøy),spaltekniv.mp4
Spania 1,spania-1.mp4
Spania 2,spania-2.mp4
Spania 3,spania-3.mp4
spann 1,spann-1.mp4
spann 2,spann-2.mp4
spare (bowling),spare-bowling.mp4
spare (penger),spare-penger.mp4
sparekule (bowling),sparekule-bowling.mp4
sparke,sparke.mp4
sparke langt (f.eks. fotball),sparke-langt-feks-fotball.mp4
spastisk,spastisk.mp4
spedbarn,spedbarn.mp4
speedometer,speedometer.mp4
speider,speider.mp4
speil,speil.mp4
speile (seg),speile-seg.mp4
speilegg,speilegg.mp4
spekeskinke,spekeskine.mp4
spekulere,spekulere.mp4
spennende/spenning,spennende-spenning.mp4
spenst,spenst.mp4
spent,spent.mp4
sperre,sperre.mp4
sperreområde,sperreomraade.mp4
spesialisere seg,spesialisere-seg.mp4
spesialist,spesialist.mp4
spesialskole,spesialskole.mp4
spesiell/spesielt,spesiell-spesielt.mp4
spetakkel,spetakkel.mp4
spiker,spiker.mp4
spikerpumpe,spikerpumpe.mp4
spikertrekker,spikertrekker.mp4
spikre,spikre.mp4
spille (brettspill) 1,spille-brettspill.mp4
spille (brettspill) 2,spille-brettspill-2.mp4
spille (dramatisere),spille-dramatisere.mp4
spille (fiolin),spille-fiolin.mp4
spille (fløyte),spille-floeyte.mp4
spille (fotball),spiller.mp4
spille (håndball),spille-haandball.mp4
spille (harpe),spille-harpe.mp4
spille (kornett/trompet),spille-kornett-trompet.mp4
spille (kort),spille-kort.mp4
spille (piano),spille-piano.mp4
spille (saxofon),spille-saxofon.mp4
spille (trekkspill),spille-trekkspill.mp4
spille (trombone),spille-trombone.mp4
spille (trommer),spille-trommer.mp4
spillelinje (bowling),spillelinje-bowling.mp4
spiller (fotball),spiller.mp4
spinat 1,spinat.mp4
spinat 2,spinat-2.mp4
spindelvev,spindelvev.mp4
spion/spionasje,spion-spionasje.mp4
spionere,spionere.mp4
spiral (prevensjon),spiral-prevensjon.mp4
spire,spire.mp4
"spise (and, dobbel)",spise-and-dobbel.mp4
spise (dyr spiser),spise-dyrspiser.mp4
spise (med skje),spise-med-skje.mp4
spise 1,spise-1.mp4
spise 2,spise-2.mp4
spise 3,spise-3.mp4
spise brødskive,broedskive-spise-broedskive.mp4
spise opp,spise-opp.mp4
spise: ekorn spiser,spise-spise-mye.mp4
spise: elg tygger,elg-tygger.mp4
spise: gås spiser,gaas-spiser.mp4
spise: spise et eple,eple-spise-et-eple.mp4
spisebestikk,spisebestikk.mp4
spiseforstyrrelse,spiseforstyrrelse.mp4
spiserør,spiseror.mp4
spisevaner,spisevaner.mp4
spiss,spiss.mp4
spiss (fotball),spiss-fotball.mp4
spiss sko,sko-spiss-sko.mp4
splid,splid.mp4
split (bowling),split-bowling.mp4
splitte,splitte.mp4
splittelse,splittelse.mp4
spole (CI),spole-ci.mp4
sponplate 1,sponplate.mp4
sponplate 2,sponplate-2.mp4
spor,spor.mp4
sport,sport.mp4
spøke 1,spoeke-1.mp4
spøke 2,spoeke-2.mp4
spøkelse,spoekelse.mp4
spør,spoer.mp4
spørre,spoerre.mp4
spørsmål,spoersmaal.mp4
språk,spraak.mp4
språkutvikling,spraakutvikling.mp4
spray (nesespray),nesespray-bruke-2.mp4
sprayboks,sprayboks.mp4
spre/-dning,spre-dning.mp4
spredt,spredt.mp4
sprek,sprek.mp4
sprekk,sprekk.mp4
sprekke,sprekke.mp4
sprekke (ballong),sprekke-ballong.mp4
sprenge,sprenge.mp4
sprette: dyr spretter,sprette-dyr-spretter.mp4
springe (løpe),springe-loepe.mp4
sprit,sprit.mp4
sprøyte 1,sproeyte-1.mp4
sprøyte 2,sproeyte-2.mp4
sprøyte 3,sproeyte-3.mp4
sprøytemidler,sproeytemidler.mp4
sprute,sprute.mp4
spurv,spurv.mp4
spyd,spyd.mp4
spytte,spytte.mp4
squash,squash.mp4
Sri Lanka 1,sri-lanka-1.mp4
Sri Lanka 2,sri-lanka-3.mp4
sta,sta.mp4
stå,staa.mp4
stå (i avisen o.l.),staa-i-avisen-ol.mp4
stå (om ting),staa-om-ting.mp4
stå (sykkel),staa-sykkel.mp4
stå opp,staa-opp.mp4
stabil 1,stabil.mp4
stabil 2,stabil-2.mp4
stabilt sideleie,stabilt-sideleie.mp4
stadfeste,stadfeste.mp4
stadion,stadion.mp4
stafett 1,stafett.mp4
stafett 2,stafett-2.mp4
stafettpinne,stafettpinne.mp4
stakkar/-s,stakkar-s.mp4
stål,staal.mp4
Ståle,staale.mp4
stall,stall.mp4
stamcelle 1,stamcelle-1.mp4
stamcelle 2,stamcelle-2.mp4
stamme,stamme.mp4
standard,standard.mp4
standardavvik,standardavvik.mp4
standpunkt,standpunkt.mp4
stang,stang.mp4
stang (fiskestang),stang-fiskestang.mp4
stang (flaggstang o.l.),stang-flaggstang-ol.mp4
stank,stank.mp4
stanse (stoppe),stanse-stoppe.mp4
stappe (dytte inn),stappe-dytte-inn.mp4
stappmett,stappmett.mp4
Star Wars,star-wars.mp4
Starbucks,starbucks.mp4
start/-e,start-e.mp4
starte (bil),starte-bil.mp4
stasjon,stasjon.mp4
stasjon 2,stasjon-2.mp4
stasjonsvogn 1,stasjonsvogn.mp4
stasjonsvogn 2,stasjonsvogn-2.mp4
ståstativ,staastativ.mp4
stat,stat.mp4
staten,staten.mp4
statistikk,statistikk.mp4
statsborger,statsborger.mp4
statsminister,statsminister.mp4
statue,statue.mp4
status,status.mp4
staur,staur.mp4
stav (friidrett),stav.mp4
Stavanger,Stavanger.mp4
stave,stave.mp4
staver (bowling),staver-bowling.mp4
staver (ikke rette),staver-ikke-rette.mp4
staver (rette),staver-rette.mp4
staver (skistaver),staver-skistaver.mp4
stavkirke,stavkirke.mp4
ste (stemor osv.),ste-stemor-osv.mp4
stearinlys,stearinlys.mp4
stebarn,stebarn.mp4
sted,sted.mp4
stedfortreder,stedfortreder.mp4
stefar,stefar.mp4
stegfinale (bowling),stegfinale-bowling.mp4
stegskudd (håndball),stegskudd-haandball.mp4
Stein (navn) 1,stein-2.mp4
Stein (navn) 2,stein-3.mp4
stein 1,stein.mp4
stein 2,stein-4.mp4
steinalder,steinalder.mp4
Steinar 1,steinar.mp4
Steinar 2,steinar-2.mp4
steinhogger,steinhogger.mp4
Steinkjer 1,steinkjer-2.mp4
Steinkjer 2,steinkjer-3.mp4
steinplate,steinplate.mp4
stek (svinestek o.l.),stek-svinestek-ol.mp4
steke,steke.mp4
stekeovn,stekovn.mp4
stekepanne,stekepanne.mp4
stekespade,stekespade.mp4
stelle,stelle.mp4
stemjern,stemjern.mp4
stemme,stemme.mp4
stemme (avstemning),stemme-avstemning.mp4
stemme (ved valg o.l.),stemme-ved-valg-ol.mp4
stemmer (riktig),stemmer-riktig.mp4
stemmerett,stemmerett.mp4
stemning,stemning.mp4
stemor,stemor.mp4
stender 1,stender-1.mp4
stender 2,stender-2.mp4
stender 3,stender-3.mp4
stenge/stengt,stenge-stengt.mp4
stereoanlegg,stereoanlegg.mp4
steril (bakteriefri),steril.mp4
sterilisere/-ing,sterilisere-ing.mp4
sterk (om farge/lys),sterk-om-farge-lys.mp4
sterk 1,sterk-1.mp4
sterk 2,sterk-2.mp4
stetoskop,stetoskop.mp4
sti,sti.mp4
stifte,opprette-stifte.mp4
stifte (opprette),stifte-opprette.mp4
stiftemaskin,stiftemaskin.mp4
stige,stige.mp4
stigmatisere,stigmatisere.mp4
stigning 1,stigning-1.mp4
stigning 2,stigning-2.mp4
stigningstall 1,stigningstall-1.mp4
stigningstall 2,stigningstall-2.mp4
stikke,stikke.mp4
stikke av,stikke-av.mp4
stikke-oppi/nedi,stikke-oppi-nedi.mp4
stikkelsbær,stikkelsbaer.mp4
stikkontakt 1,stikkontakt.mp4
stikkontakt 2,stikkontakt-2.mp4
stikksag 1,stikksag.mp4
stikksag 2,stikksag-1.mp4
stil,stil.mp4
stil (skriftlig) 1,stil-skriftlig-1.mp4
stil (skriftlig) 2,stil-skriftlig-2.mp4
stilig,stilig.mp4
stilk,stilk.mp4
stillas,stillas.mp4
stille,stille.mp4
stilling,stilling-2.mp4
stimulere,stimulere.mp4
stimulere 2,stimulere-2.mp4
sting (sy),sting-2.mp4
stinke 1,stinke-1.mp4
stinke 2,stinke-2.mp4
stipend,stipend.mp4
stiv,stiv.mp4
stivelse,stivelse.mp4
stivkrampe,stivkrampe.mp4
stjele,stjele.mp4
stjerne,stjerne.mp4
stjernehimmel,stjernehimmel.mp4
stjerneskudd,stjerneskudd.mp4
Stjørdal,stjoerdal.mp4
Stockholm,stockholm.mp4
stoff (tøy),stoff-toey.mp4
stoffskifte,stoffskifte-1.mp4
stol,stol.mp4
stole på 1,stole-paa.mp4
stole på 2,stole-paa-2.mp4
stolpe,stolpe.mp4
stolt 1,stolt-1.mp4
stolt 2,stolt-2.mp4
stopp,stopp.mp4
stoppe (fylle pipen),stoppe-fylle-pipen.mp4
stoppested,stoppested.mp4
stor,stor.mp4
stor bakke,stor-bakke.mp4
stor/stort (i høyden),stor-stort-i-hoeyden.mp4
stor/stort (i lengde/bredde),stor-stort-i-lengde-bredde.mp4
stor/stort (i tykkelse),stor-stort-i-tykkelse.mp4
stor/stort (om småting) 1,stor-stort-om-smaating-1.mp4
stor/stort (om småting) 2,stor-stort-om-smaating-2.mp4
Storbritannia,storbritannia.mp4
"store, runde øyne",store-runde-oeyne.mp4
storesøster,storesoester.mp4
storhjerne,storhjerne.mp4
stork,stork.mp4
storkjøkken,storkjokken.mp4
storm,storm.mp4
stormakt,stormakt.mp4
storslalom,storslalom.mp4
stortå,stortaa.mp4
Stortinget,Stortinget.mp4
stønad,stoenad.mp4
støpe,stoepe.mp4
støpe (gulv),stoepe-2.mp4
størknet blod,stoerknet-blod.mp4
størrelse,stoerrelse.mp4
størst,stoerst.mp4
støte (fra seg),stoete-fra-seg.mp4
støtte 1,stoette.mp4
støtte 2,stoette-2.mp4
støv 1,stoev.mp4
støv 2,stoev-2.mp4
støvler,stoevler.mp4
støvsuge/-r 1,stoevsuge-r-1.mp4
støvsuge/-r 2,stoevsuge-r-2.mp4
støy/larm,stoey-larm.mp4
strå,straa.mp4
straff/-e,straff-e.mp4
strafferett,strafferett.mp4
straffesak,straffesak.mp4
straffesparkkonkurranse,straffesparkkonkurranse.mp4
straks,straks.mp4
stråle (solstråle),straale-solstraale.mp4
strålebehandling,straalebehandling.mp4
strand,strand.mp4
strategi 1,strategi-1.mp4
strategi 2,strategi-2.mp4
streaming,streaming.mp4
streik/-e,streik-e.mp4
strek 1,strek-1.mp4
strek 2,strek-2.mp4
strekkbukse,strekkbukse.mp4
strekke ut beina,strekke-ut-beina.mp4
streng 1,streng-t.mp4
streng 2,streng-2.mp4
strenger,strenger.mp4
stress/-et,stress-et.mp4
strike (bowling),strike-bowling.mp4
strikk,strikk.mp4
strikke,strikke.mp4
strikkegenser,strikkegenser.mp4
stripete (klær),stripete-klaer.mp4
strips,strips-1.mp4
strøm,stroem.mp4
strømme,stroemme.mp4
strømmen,stroemmen.mp4
strømpe,stroempe.mp4
strømpebukse,strompebukse.mp4
struktur/-ert,struktur-ert.mp4
struma,struma.mp4
strupe,strupe.mp4
strupehode,strupehode.mp4
strupekreft,strupekreft.mp4
stryke (klær),stryke-klaer.mp4
strykejern,strykejern.mp4
stubbe (av tre),stubbe-av-tre.mp4
student,student.mp4
studere 1,studere-1.mp4
studere 2,studere-2.mp4
studie,studie.mp4
studiepoeng,studiepoeng.mp4
studio,studio.mp4
stue,stue.mp4
stum,stum.mp4
stund,stund.mp4
stupe,stupe.mp4
stygg/stygt,stygg-stygt.mp4
stykke (av kake o.l.),stykke-av-kake-ol.mp4
styre,styre.mp4
styrer 1,styrer-1.mp4
styrer 2,styrer-2.mp4
styrmann,styrmann.mp4
subjektiv/-itet,subjektiv-itet.mp4
subsidiere/-ing,subsidiere-ing.mp4
substans (stoff/materie),substans.mp4
substantiv,substantiv.mp4
subtraksjon,subtraksjon.mp4
Sudan 1,sudan-1.mp4
Sudan 2,sudan-3.mp4
sudoku,sudoku.mp4
sufflør,suffloer.mp4
suge (med sugerør),suge-med-sugeroer.mp4
sugerør,sugeror.mp4
sukker,sukker.mp4
sukkertøy,sukkertoey.mp4
suksess,suksess.mp4
sulten,sulten.mp4
sum 1,sum.mp4
sum 2,sum-2.mp4
sunn/sunt,sunn.mp4
sunni (muslim),sunni-islam.mp4
super-G,super-g.mp4
Supermann,supermann.mp4
supermarked,supermarked.mp4
supert,supert.mp4
suppe,suppe.mp4
sur,sur.mp4
sur: dårlig humør,sur-daarlig-humoer.mp4
sure (Koranen),sure-koranen.mp4
surkål 1,surkal.mp4
surkål 2,surkal-2.mp4
surre (lyd),surre-lyd.mp4
sushi,sushi.mp4
suspendere/suspensjon 1,suspendere-suspensjon-1.mp4
suspendere/suspensjon 2,suspendere-suspensjon-2.mp4
sutte (tommel),tommelsuging.mp4
svak/-t,svak-t.mp4
Svalbard 1,svalbard-1.mp4
Svalbard 2,svalbard-2.mp4
svamp,svamp.mp4
svane,svane.mp4
svanger/-skap,svanger-skap.mp4
svar (til andre),svar-til-andre.mp4
svar (til meg),svar-til-meg.mp4
svart 1,svart-1.mp4
svart 2,svart-2.mp4
svær (muskuløs),svaer-muskuloes.mp4
svær 1,svaer-1-.mp4
svær 2,svaer-2.mp4
svært (mye),svaert-mye.mp4
Svein 1,svein.mp4
Svein 2,svein-2.mp4
Sveits,sveits.mp4
svekke,svekke.mp4
svelg/-e,svelg-e.mp4
svensk,svensk.mp4
sverge 1,sverge.mp4
sverge 2,sverge-2.mp4
Sverige 1,sverige-1.mp4
Sverige 2,sverige-2.mp4
Sverre,sverre.mp4
svett,svett.mp4
svette,svette.mp4
svi/-e,svi-e.mp4
svigerforeldre,svigerforeldre.mp4
svigerinne,svigerinne.mp4
svigermor,svigermor.mp4
svikt,svikt.mp4
svikte,svikte.mp4
svimmel,svimmel.mp4
svin,svin.mp4
svindle,svindle.mp4
svinekjøtt,svinekjoett.mp4
svinge (med flagg o.l.),svinge-med-flagg-ol.mp4
svinge (på ratt),svinge-paa-ratt.mp4
sviske,sviske.mp4
svoger,svoger.mp4
svømme,svoemme.mp4
svømme: and,and-svoemmer.mp4
svømme: fisker svømmer,fisker-svoemmer.mp4
svømmebriller,svoemmebriller.mp4
svømmeføtter,svommefotter.mp4
svulst,svulst.mp4
Swaziland 1,swaziland-1.mp4
Swaziland 2,swaziland-2.mp4
sweeper,sweeper.mp4
sy 1,sy.mp4
sy 2,sy-2.mp4
sydvest,sydvest.mp4
syk 1,syk.mp4
syk 2,syk-2.mp4
sykdom,sykdom.mp4
sykebil,sykebil.mp4
sykehjem,sykehjem.mp4
sykehus,sykehus.mp4
sykehusinnleggelse,sykehusinnleggelse.mp4
sykehusklovn,sykehusklovn.mp4
sykehusprest,sykehusprest.mp4
sykepleier 1,sykepleier.mp4
sykepleier 2,sykepleie-r.mp4
sykesøster,sykesoester.mp4
sykkel,sykkel.mp4
sykkel står parkert,parkert-sykkel.mp4
sykkelbukse,sykkelbukse.mp4
sykkelhjelm,sykkelhjelm.mp4
sykkelsko,sykkelsko.mp4
sykkelsti,sykkelsti.mp4
sykle,sykle.mp4
syklon,syklon.mp4
sykmeldt,sykmeldt.mp4
sylinder 1,sylinder-1.mp4
sylinder 2,sylinder-2.mp4
syltetøy,syltetoey.mp4
syltetøy 2,syltetoey-2.mp4
symaskin,symaskin.mp4
symbol 1,symbol.mp4
symbol 2,symbol-2.mp4
symbol 3,symbol-3.mp4
sympati 1,sympati-sk.mp4
sympati 2,sympati-2.mp4
symptom,symptom.mp4
syn 1,syn.mp4
syn 2,syn-2.mp4
syn 3,syn-3.mp4
synagoge 1,synagoge.mp4
synagoge 2,synagoge-2.mp4
synagoge 3,synagoge-3.mp4
synd (synes synd på),synd-synes-synd-paa.mp4
synd 1,synd-1.mp4
synd 2,synd-2.mp4
synd 3,synd-3.mp4
syndrom 1,syndrom-1.mp4
syndrom 2,syndrom-2.mp4
synes,synes.mp4
synge,synge.mp4
synke,synke.mp4
synkronisere (mellom flere enheter),synkronisere-flere.mp4
synkronisere 1,synkronisere-1.mp4
synkronisere 2,synkronisere-2.mp4
synlig,synlig.mp4
Synnøve,synnove.mp4
synskontroll,synskontroll.mp4
syntetisk,syntetisk.mp4
synthesizer,synthesizer.mp4
syre,syre.mp4
Syria 1,syria-1.mp4
Syria 2,syria-2.mp4
Syria 3,syria.mp4
system,system-atisk.mp4
systematisk,systematisk.mp4
sytten,sytten.mp4
sytti,sytti.mp4
syv,syv.mp4
syv-kamp (friidrett),syv-kamp-friidrett.mp4
T,T.mp4
T (tohåndsalfabetet),T-2.mp4
T-bane,T-bane.mp4
T-skjorte 1,T-skjorte-1.mp4
T-skjorte 2,T-skjorte-2.mp4
T-skjorte 3,t-skjorte-3.mp4
tå,taa.mp4
ta,ta.mp4
ta av skjørt,skjoert-ta-av-skjoert.mp4
ta av sko,sko-ta-av-sko.mp4
ta igjen (hale innpå),ta-igjen-hale-innpaa.mp4
ta med,ta-med.mp4
ta opp,ta-opp.mp4
ta over,ta-over.mp4
ta på (bukse),ta-paa-bukse.mp4
ta på hansker,hansker-ta-paa-hansker.mp4
ta på seg skjørt,skjoert-ta-paa-seg-skjoert.mp4
ta tak i,ta-deg.mp4
ta ut (feks vindu),ta-ut-vindu.mp4
tabell 1,tabell-1.mp4
tabell 2,tabell-2.mp4
tablett 1,tablett.mp4
tablett 2,tablett-2.mp4
taco,taco.mp4
Taiwan,taiwan.mp4
tak (grep),tak-grep.mp4
tak (inne),tak-inne.mp4
tak 1,tak.mp4
tak 2,tak-2.mp4
tåke,taake.mp4
takk,takk.mp4
takke,takke.mp4
takle,takle.mp4
taklekkasje,taklekkasje.mp4
takling,takling.mp4
takrenne,takrenne.mp4
taksperr,taksperr.mp4
takstein,takstein.mp4
takstein (legge t-) 1,legge-takstein.mp4
takstein (legge t-) 2,takstein-legge.mp4
taktikk,taktikk.mp4
Taktikk: 4-3-3 (fotball),taktikk-4-3-3-fotball.mp4
Taktikk: 4-4-2 (fotball),taktikk-4-4-2-fotball.mp4
Taktikk: 4-5-1 (fotball),taktikk-4-5-1-fotball.mp4
takutstikk,takutstikk.mp4
tåle,taale.mp4
tale (en tale),tale-en-tale.mp4
tale (snakke),tale-snakke.mp4
talent,talent.mp4
tall 1,tall.mp4
tall 2,tall-2.mp4
tallerken,tallerken.mp4
Tallinn,tallinn.mp4
tålmodig/-het 1,taalmodig-het-1.mp4
tålmodig/-het 2,taalmodig-het-2.mp4
tam/-t 1,tam-t-1.mp4
tam/-t 2,tam-t-2.mp4
tamburin,tamburin.mp4
tampong,tampong.mp4
tang (verktøy),tang-verktoey.mp4
tank (beholder),tank-beholder.mp4
tankbil,tankbil.mp4
tanke,tanke-1.mp4
tankeforstyrrelser,tankeforstyrrelser.mp4
tankekart,tankekart.mp4
tanks,tanks.mp4
tann,tann.mp4
tannbørste,tannboerste.mp4
tannbyll,tannbyll.mp4
tannkrem,tannkrem.mp4
tannlege,tannlege.mp4
tannpine,tannpine.mp4
tannpirker,tannpirker.mp4
tannregulering,tannregulering.mp4
tanntråd,tanntraad.mp4
tante,tante.mp4
tantrisme (religion),tantrisme.mp4
Tanzania,tanzania.mp4
tap/-e (nederlag),tap-e-nederlag.mp4
tape (limbånd),tape-limbaand.mp4
tapet,tapet.mp4
tåre,taare.mp4
tarm,tarm-1.mp4
taste (eks. smarttelefon),skrive-smarttelefon.mp4
tatovering,tatovering.mp4
tau,tau.mp4
taus 1,taus-1.mp4
taus 2,taus-2.mp4
tavle,tavle.mp4
taxi 1,taxi.mp4
taxi 2,taxi-2.mp4
te 1,te-1.mp4
te 2,te-2.mp4
team,team.mp4
teater,teater-spille-teater.mp4
Teater Eureka,teater-eureka.mp4
Teater Manu,teater-manu.mp4
tegn (tegnspråk),tegn-tegnspraak.mp4
tegne,tegne.mp4
tegnebrett,tegnebrett.mp4
tegnspråk 1,tegnspraak.mp4
tegnspråk 2,tegnspraak-2.mp4
tegnspråklærer,tegnspraaklaerer.mp4
tegnspråktolk,tegnspraaktolk.mp4
teip,teip.mp4
teit,teit.mp4
tekanne,tekanne.mp4
teknikk/teknisk,teknikk-2.mp4
teknologi,teknologi-2.mp4
tekst 1,tekst.mp4
tekst 2,tekst-1.mp4
tekst 3,tekst-2.mp4
tekstbehandling,tekstbehandling.mp4
tekstforfatter,tekstforfatter.mp4
Tel Aviv,tel-aviv.mp4
telefon,telefon.mp4
telefonere,telefonere.mp4
telemark,telemark.mp4
Telemark,telemark-fylke.mp4
telle,telle.mp4
teller (brøk),teller-broek.mp4
telt,telt.mp4
tema,tema.mp4
tempel,tempel.mp4
temperament,temperament.mp4
temperatur,temperatur.mp4
template (mal),template.mp4
tenke,tenke.mp4
tenke på,tenke-paa.mp4
tenne (elektrisk lys),tenne-elektrisk-lys.mp4
tenne (fyrstikk),tenne-fyrstikk.mp4
tenner,tenner.mp4
tennisball,tennisball.mp4
tennisrackett,tennisrackett.mp4
teolog,teolog.mp4
teologi,teologi.mp4
teologisk,teologisk.mp4
teoretisk,teoretisk.mp4
teori 1,teori.mp4
teori 2,teori-2.mp4
teori 3,teori-3.mp4
teppe 1,teppe.mp4
teppe 2,teppe-2.mp4
terapeut,terapeut.mp4
terapi/terapeutisk,terapi-terapeutisk.mp4
Terje,terje.mp4
term,term.mp4
termin,termin.mp4
termometer 1,termometer.mp4
termometer 2,termometer-2.mp4
termos,termos.mp4
terning,terning.mp4
terrabit (datamengde),terrabit.mp4
terrasse,terasse-1.mp4
terrassebord (materiale),terrassebord.mp4
terrorisme,terrorisme.mp4
terskel,terskel-2.mp4
terskel (grense),terskel.mp4
teskje,teskje.mp4
testamente 1,testamente.mp4
testamente 2,testamente-2.mp4
testamente 3,testamentet-Det-nye-testam.mp4
teste,teste.mp4
testiklene,testiklene.mp4
tett,tett.mp4
tetthet,tetthet.mp4
Thailand 1,thailand-1.mp4
Thailand 2,thailand-2.mp4
Theravada (buddhismen),theravada.mp4
Thomas,thomas.mp4
ti 1,ti.mp4
ti 2,ti-2.mp4
ti over (klokke) 1,ti-over-klokke-1.mp4
ti over (klokke) 2,ti-over-klokke-2.mp4
ti over halv (klokke) 1,ti-over-halv-klokke-1.mp4
ti over halv (klokke) 2,ti-over-halv-klokke-2.mp4
ti på (klokke) 1,ti-paa-klokke-1.mp4
ti på (klokke) 2,ti-paa-klokke-2.mp4
ti på halv (klokke) 1,ti-paa-halv-klokke-1.mp4
ti på halv (klokke) 2,ti-paa-halv-klokke-2.mp4
ti-kamp (friidrett),ti-kamp-friidrett.mp4
tid (tar lang tid),tid-tar-lang-tid-2.mp4
tid (tiden fram til nå),tiden-som-har-gaatt.mp4
tid 1,tid-1.mp4
tid 2,tid-2.mp4
tiden flyr,tiden-flyr.mp4
tidlig,tidlig.mp4
tidligere,tidligere.mp4
tidsskrift,tidsskrift.mp4
tidtaker,tidtaker.mp4
tie,tie.mp4
tiger,tiger.mp4
tigge,tigge.mp4
til,til.mp4
til (fram til),til-fram-til.mp4
til slutt 1,til-slutt.mp4
til slutt 2,til-slutt-2.mp4
tilbake,tilbake.mp4
tilbake (dit),tilbake-dit.mp4
tilbake (hit) 1,tilbake-hit-1.mp4
tilbake (hit) 2,tilbake-hit-2.mp4
tilbake (om temperatur),tilbake-om-temperatur.mp4
tilbe (dyrke),tilbe.mp4
tilbud 1,tilbud-1.mp4
tilbud 2,tilbud-2.mp4
tilfeldig,tilfeldig.mp4
tilfluktsrom,tilfluktsrom.mp4
tilføye/-lse,tilfoeye-lse.mp4
tilfreds,tilfreds.mp4
tilfredsstillende,tilfredsstillende.mp4
tilgang,tilgang.mp4
tilgi,tilgi.mp4
tilgivelse,tilgivelse.mp4
tilhenger,tilhenger.mp4
tilhøre,tilhoere.mp4
tilhørighet,tilhoerlighet.mp4
tilknytning,tilknytning.mp4
tillate/-lse,tillate-lse.mp4
tillegg,tillegg.mp4
tillit 1,tillit-1.mp4
tillit 2,tillit-2.mp4
tillitsvalgt,tillitsvalgt.mp4
tilpasse/tilpasning 1,tilpasse-tilpasning.mp4
tilpasse/tilpasning 2,tilpasse-2.mp4
tilregnelig,tilregnelig.mp4
tilskuere,tilskuere.mp4
tilsluttet,tilsluttet.mp4
tilstrekkelig,tilstrekkelig.mp4
tilstrømning,tilstroemning.mp4
tiltalte,tiltalte.mp4
time 1,time.mp4
time 2,time-2.mp4
time out,time-out.mp4
timeplan,timeplan.mp4
timing,timing.mp4
timing (bowling),timing-bowling.mp4
ting,ting.mp4
tingrett,tingrett.mp4
tipp-,tipp-.mp4
tipp-tipp-,tipp-tipp-.mp4
tippe,tippe.mp4
tips,tips.mp4
tirsdag 1,tirsdag-1.mp4
tirsdag 2,tirsdag-2.mp4
tirsdag 3,tirsdag.mp4
tisse,tisse.mp4
titte,titte.mp4
tittel,tittel.mp4
tittel (stilling),tittel-2.mp4
tivoli,tivoli.mp4
tjene,tjene.mp4
tjene/tjeneste,tjene-tjeneste.mp4
tjeneste,tjeneste.mp4
tjue/tyve,tjue-tyve.mp4
to,to.mp4
to år,to-aar.mp4
to-touch (fotball),to-touch-fotball.mp4
toalett,toalett.mp4
toast,toast.mp4
tog (demonstrasjon),tog-demonstrasjon.mp4
tog (jernbane),tog-jernbane.mp4
togbane,togbane.mp4
Tokyo 1,tokyo-1.mp4
Tokyo 2,tokyo-2.mp4
Tokyo 3,tokyo-3.mp4
tolk,tolk.mp4
tolke,tolke.mp4
tolkning,tolkning.mp4
toll,toll.mp4
tollstasjon,tollstasjon.mp4
tolv,tolv.mp4
tolvfingertarm,tolvfingertarm.mp4
tom 1,tom-1.mp4
tom 2,tom-2.mp4
tom 3,tomt-1.mp4
tomat,tomat.mp4
tomatpurre,tomatpurre.mp4
tommer (målenhet),tommer.mp4
tommestokk 1,toemmerstokk-1.mp4
tommestokk 2,toemmerstokk-2.mp4
Tommy,tommy.mp4
tomt,tomt.mp4
Tone (navn) 1,tone.mp4
Tone (navn) 2,tone-2.mp4
tonn,tonn.mp4
topp,topp.mp4
toppscorer,toppscorer.mp4
toppsvill,toppsvill-2.mp4
Tor 1,tor-3.mp4
Tor 2,tor-2.mp4
Tora (jødisk skriftsamling),tora-joededommen.mp4
torden,torden.mp4
Tore,tore.mp4
Torill-Toril 1,torill.mp4
Torill-Toril 2,torill-2.mp4
Torkil,Torkil.mp4
torn,torn.mp4
tornado,tornado.mp4
torsdag 1,torsdag-1.mp4
torsdag 2,torsdag-2.mp4
torsdag 3,torsdag-3.mp4
torsk,torsk.mp4
Torstein,torstein.mp4
tortilla,tortilla.mp4
tortur/-ere,tortur-ere.mp4
totempæl,totempael.mp4
Tove (navn) 1,tove.mp4
Tove (navn) 2,tove-2.mp4
Toyota,toyota.mp4
tøff,toeff.mp4
tømme (helle ut),toemme-helle-ut.mp4
tømmer,toemmer.mp4
tømrer 1,toemrer-1.mp4
tømrer 2,toemrer-2.mp4
tønne,toenne.mp4
Tønsberg,toensberg.mp4
tør 1,toer.mp4
tør 2,toer-2.mp4
tørke (oppvask),toerke-oppvask.mp4
tørke seg (etter bad),toerke-seg-etter-bad.mp4
tørkle,toerkle.mp4
tørr/tørt,toerr-toert.mp4
tørrfelt (bowling),toerrfelt-bowling.mp4
tørst/-e,toerst-e.mp4
tøv,toev.mp4
tøy,toey.mp4
tøye,toeye.mp4
tøyse,toeyse.mp4
tråd,traad.mp4
tradisjon,tradisjon.mp4
trafikk,trafikk.mp4
tragedie,tragedie.mp4
trailer,trailer.mp4
traktor,traktor.mp4
trall (sang),trall-sang.mp4
trampe (dyr),trampe.mp4
trampoline,trampoline.mp4
tran,tran.mp4
trang/-t,trang-t.mp4
transformator,transformator.mp4
transmitter,transmitter.mp4
transport,transport.mp4
transvestitt,transvestitt.mp4
trapes,trapes.mp4
trapp 1,trapp-1.mp4
trapp 2,trapp-2.mp4
traume,traume.mp4
trave (hest),trave-hest.mp4
"trave, galoppere",trave-galoppere.mp4
travel/travelt,travel-travelt.mp4
tre (3),tre-3.mp4
tre 1,tre-1.mp4
tre 2,tre-2.mp4
tre: beskrivelse,tre-beskrivelse.mp4
tre: trerekke,tre-trerekke.mp4
tredje: for det tredje,for-det-tredje.mp4
treenighet 1,treenighet.mp4
treenighet 2,treenighet-2.mp4
treffe,treffe.mp4
treffe: regndråpe treffer,regn-regndraape-treffer.mp4
trekant,trekant.mp4
trekke,trekke.mp4
trekke (dra),trekke-dra.mp4
trekke (trekke en tann),trekke-trekke-en-tann.mp4
trekke for (gardinene),trekke-for-gardinene.mp4
trekke lodd,trekke-lodd.mp4
trekke seg,trekke-seg.mp4
trekkspill 1,trekkspill.mp4
trekkspill 2,trekkspill-1.mp4
trekløver 1,trekloever-1.mp4
trekløver 2,trekloever-2.mp4
trelim 1,trelim.mp4
trelim 2,trelim-1.mp4
trelim 3,trelim-2.mp4
tremannslag,tremannslag.mp4
trene 1,trene.mp4
trene 2,trene-2.mp4
trener,trener.mp4
trenge,trenge.mp4
trening 1,trening.mp4
trening 2,trening-2.mp4
treningsnarkoman,treningsnarkoman.mp4
treningstøy,treningstoey.mp4
tresteg,tresteg.mp4
trett,trett.mp4
trette (krangle),trette-krangle.mp4
triangel,triangel.mp4
trikk 1,trikk-1.mp4
trikk 2,trikk-2.mp4
triks,triks.mp4
trille (ball),trille-ball.mp4
trille (barnevogn),trille-barnevogn.mp4
trille (om tårer),trille-om-taarer.mp4
trillebår,trillebaar.mp4
trillinger,trillinger.mp4
trimme,trimme.mp4
trio,trio.mp4
Tripitaka (hellige skrifter i buddhismen),tripitaka.mp4
trist,trist.mp4
trives,trives.mp4
trivsel,trivsel.mp4
tro (teologi),tro-teologi.mp4
tro/-r,tro-r.mp4
trodde,trodde.mp4
trofast/-het,trofast-het.mp4
troll,troll.mp4
trombone,trombone.mp4
tromme 1,tromme.mp4
tromme 2,tromme-2.mp4
trommehinne,trommehinne.mp4
trompet,trompet.mp4
Troms,troms.mp4
Tromsø,Tromsoe.mp4
Trondheim,Trondheim.mp4
tror,tror.mp4
trosopplærer 1,trosopplaerer-1.mp4
trosopplærer 2,trosopplaerer-2.mp4
trøbbel,trobbel.mp4
Trøndelag,troendelag.mp4
trøste,troeste.mp4
trøtt,troett.mp4
trøye 1,troeye-1.mp4
trøye 2,troeye-2.mp4
truck,truck.mp4
true,true.mp4
trumf (i kortspill),trumf-i-kortspill.mp4
truse,truse.mp4
trussel,trussel.mp4
trygd,trygd.mp4
trygderett,trygderett.mp4
trygg/trygt,trygg-trygt.mp4
trygghet,trygghet.mp4
Trygve,trygve.mp4
trykk,trykk.mp4
trykke (på knapp),trykke-paa-knapp.mp4
trykke/-ri,trykke-ri.mp4
trylle,trylle.mp4
Tsjekkia,tsjekkia.mp4
tuba,tuba1.mp4
tue,tue.mp4
tufs,tufs.mp4
tulipan,tulipan.mp4
tulle 1,tulle-1.mp4
tulle 2,tulle-2.mp4
tung,tung.mp4
tunge 1,tunge.mp4
tunge 2,tunge-2.mp4
tunghørt,tunghoert.mp4
Tunisia,tunisia.mp4
tunnel,tunnel.mp4
tur,tur.mp4
tur-retur,tur-retur.mp4
turbin,turbin.mp4
turbulens (fly) 1,turbulens-fly-1.mp4
turbulens (fly) 2,turbulens-fly-2.mp4
turist,turist.mp4
turn,turn.mp4
turnering,turnering.mp4
turneringsleder (bowling),turneringsleder-bowling.mp4
turtaking,turtaking.mp4
tusen,tusen.mp4
TV,TV.mp4
TV 2,tv-2.mp4
TV 3,tv-3.mp4
tvang,tvang.mp4
tvangsmessig personlighetsforstyrrelse,tvangsmessig-personlighetsforstyrrelse.mp4
tvers (kryss),tvers-kryss.mp4
tvers gjennom,tvers-gjennom.mp4
tvertimot,tvertimot.mp4
tvil/-e 1,tvil-e-1.mp4
tvil/-e 2,tvil-e-2.mp4
tvilling 1,tvilling-1.mp4
tvilling 2,tvilling-2.mp4
tvillinger,tvillinger.mp4
tvinge,tvinge.mp4
tvinge (verktøy) 1,tvinge-verktoy.mp4
tvinge (verktøy) 2,tvinge-verktoy-2.mp4
tvist,tvist.mp4
Twitter (sosialt medium),twitter.mp4
tydelig,tydelig.mp4
tygge,tygge.mp4
tygge (elg tygger),elg-tygger.mp4
tyggegummi,tyggegummi.mp4
tykk - munnstilling,tykk-munnstilling.mp4
tykk (om individ),tykk.mp4
tykk nese,tykk-nese.mp4
tykk/tykt (bredde),tykk-tykt-bredde.mp4
tykk/tykt (høyde),tykk-tykt-hoeyde.mp4
tykke klær,klaer-tykke-klaer.mp4
tykktarm,tykktarm-1.mp4
tyngdekraft,tyngdekraft.mp4
tynn,tynn.mp4
tynn: mager,tynn-mager.mp4
tynn/tynt (bredde),tynn-tynt-bredde.mp4
tynn/tynt (høyde),tynn-tynt-hoeyde.mp4
tynne klær,klaer-tynne-klaer.mp4
tynntarm,tynntarm-1.mp4
type,type.mp4
typetall,typetall.mp4
typisk 1,typisk.mp4
typisk 2,typisk-2.mp4
typografi,typografi-2.mp4
Tyrkia 1,tyrkia-1.mp4
Tyrkia 2,tyrkia-2.mp4
Tyrkia 3,tyrkia-3.mp4
tysk fotball,tysk-fotball.mp4
Tyskland,tyskland.mp4
tyttebær,tyttebaer.mp4
tyv/-eri,tyv-eri.mp4
tyve/tjue,tjue-tyve.mp4
U,U.mp4
U (tohåndsalfabetet),U-2.mp4
u-hjelp,u-hjelp.mp4
uaktsom 1,uaktsom-1.mp4
uaktsom 2,uaktsom-2.mp4
uansett 1,uansett-1.mp4
uansett 2,uansett-2.mp4
uansett 3,uansett-3.mp4
uansett 4,uansett-4.mp4
uavgjort,uavgjort.mp4
uavhengig,uavhengig.mp4
ubåt,ubaat.mp4
ubehagelig,ubehagelig.mp4
ubetinget,ubetinget.mp4
ubrukt,ubrukt.mp4
uforsiktig/-het,uforsiktig-het.mp4
ufør,ufoer.mp4
uføreforsikring,ufoereforsikring.mp4
uføretrygd,ufoeretrygd.mp4
Uganda 1,uganda-1.mp4
Uganda 2,uganda-2.mp4
ugle 1,ugle-1.mp4
ugle 2,ugle-2.mp4
uheldig,uheldig.mp4
uke,uke.mp4
ukjent tall,ukjent-tall.mp4
Ukraina,ukraina-1.mp4
Ulf,ulf.mp4
ulik,ulik.mp4
ull,ull.mp4
ulv,ulv.mp4
ulykke 3,ulykke-3.mp4
ulykke/-lig 1,ulykke-lig.mp4
ulykke/-lig 2,ulykke.mp4
umulig,umulig.mp4
under (mirakel),under-mirakel.mp4
under (prep.),under-prep.mp4
underbord (kledning),underbors.mp4
underrette,underrette.mp4
underskrift,underskrift.mp4
underskudd,underskudd.mp4
undersøke/-lse 1,undersoeke-lse.mp4
undersøke/-lse 2,undersoke-2.mp4
undertøy,undertoey.mp4
undertrykke,undertrykke.mp4
undervise/-ning 1,undervise-ning-1.mp4
undervise/-ning 2,undervise-ning-2.mp4
undulat,undulat.mp4
ung,ung.mp4
Ungarn 1,Ungarn.mp4
Ungarn 2,ungarn-2.mp4
Ungarn 3,ungarn-1.mp4
ungdom,ungdom.mp4
ungdomsskole,ungdomsskole.mp4
unge (dyreunge) 1,unge-dyreunge-1.mp4
unge (dyreunge) 2,unge-dyreunge-2.mp4
uniform,uniform.mp4
union,union.mp4
unionoppløsning,unionopploesning.mp4
universet,universet.mp4
universitet,universitet.mp4
unngå,unngaa.mp4
unnskyld/-ning,unnskyld-ning.mp4
unntak/unntatt 1,unntak-unntatt-1.mp4
unntak/unntatt 2,unntak-unntatt-2.mp4
unnvikende personlighetsforstyrrelse,unnvikende-personlighetsforstyrrelse.mp4
upålitelig,upaalitelig.mp4
upopulær,upopulaer.mp4
ur (armbåndsur),ur-armbaandsur.mp4
urbefolkning,urbefolkning.mp4
urettferdig 1,urettferdig-1.mp4
urettferdig 2,urettferdig-2.mp4
urin 1,urin.mp4
urin 2,urin-2.mp4
urinblære 1,urinblaeren.mp4
urinprøve,urinproeve-2.mp4
urmaker,urmaker.mp4
urolig,urolig.mp4
urskog,urskog.mp4
urter,urter.mp4
urtid,urtid.mp4
Uruguay,uruguay.mp4
USA 1,USA.mp4
USA 2,usa-2.mp4
Ushers syndrom 1,ushers-syndrom-1.mp4
Ushers syndrom 2,ushers-syndrom-2.mp4
usikker 1,usikker.mp4
usikker 2,usikker-2.mp4
uskikkelig,uskikkelig.mp4
uskyldig,uskyldig.mp4
ut 1,ut-1.mp4
ut 2,ut-2.mp4
utbeining,utbeining.mp4
utbredt,utbredt.mp4
utbytte 1,utbytte-1.mp4
utbytte 2,utbytte-2.mp4
utdanne/-ing,utdanne-ing.mp4
utdødd,utdoedd.mp4
ute 1,ute-1.mp4
ute 2,ute-2.mp4
uteball,uteball.mp4
uten 1,uten-1.mp4
uten 2,uten-2.mp4
utenat,utenat.mp4
utenfor,utenfor.mp4
utenlandsk,utenlandsk.mp4
utenriks,utenriks.mp4
utflod,utflod.mp4
utflukt 1,utflukt-1.mp4
utflukt 2,utflukt-2.mp4
utfor,utfor.mp4
utfor (skiøvelse),utfor-skioevelse.mp4
utfordring 1,utfordring.mp4
utfordring 2,utfordring-2.mp4
utforske,utforske.mp4
utfylle/-ing,utfylle-ing.mp4
utgangspunkt 1,utgangspunkt-1.mp4
utgangspunkt 2,utgangspunkt.mp4
utgangspunkt 3,utgangspunkt-2.mp4
utgave,utgave.mp4
utgi,utgi.mp4
utgifter,utgifter.mp4
utgivelse,utgivelse.mp4
utgraving,utgraving.mp4
utholdende 1,utholdende-1.mp4
utholdende 2,utholdende-2.mp4
utilregnelig,utilregnelig.mp4
utkast,utkast-2.mp4
utlandet,utlandet.mp4
utmattelsessyndrom,utmattelsessyndrom.mp4
utmerkelse,utmerkelse.mp4
utmerket,utmerket.mp4
utnytte 1,utnytte-1.mp4
utnytte 2,utnytte-2.mp4
utover (renne utover),utover-renne-utover.mp4
utover (se utover),utover-se-utover.mp4
utover (tid),utover-tid.mp4
utøver,utoever.mp4
utrede/-ning,utrede-ning.mp4
utro/-skap,utro-skap.mp4
utrolig,utrolig.mp4
utrygg/utrygt,utrygg-utrygt.mp4
utsatt/utsette,utsatt-utsette.mp4
utsikt,utsikt.mp4
utskrive/-ning,utskrive-ning.mp4
utslett 1,utslett.mp4
utslett 2,utslett-2.mp4
utslett 3,utslett-3.mp4
utsolgt,utsolgt.mp4
utstilling 1,utstilling.mp4
utstilling 2,utstilling-2.mp4
utstilling 3,utstilling-3.mp4
utstyr,utstyr.mp4
uttalelse,uttalelse.mp4
uttatt,uttatt.mp4
uttørket,uttoerret-2.mp4
utvalg,utvalg.mp4
utvalg (komite),utvalg-komite.mp4
utveksle,utveksle.mp4
utveksling,utveksling.mp4
utvendig,utvendig.mp4
utvide,utvide.mp4
utvidet brøk,utvidet-broek.mp4
utvikle/-ing,utvikle-ing.mp4
utvise/-ning 1,utvise-ning-1.mp4
utvise/-ning 2,utvise-ning-2.mp4
uvær,uvaer.mp4
uvel (kvalm),uvel-kvalm.mp4
V,V.mp4
V (tohåndsalfabetet),V-2.mp4
Vadsø,vadsoe.mp4
vaffel 1,vaffel.mp4
vaffel 2,vaffel-2.mp4
vagina,vagina.mp4
Vajrayâna (buddhismen),vajrayana.mp4
våken,vaaken.mp4
vakker 1,vakker.mp4
vakker 2,vakker-2.mp4
vakker 3,vakker-3.mp4
vakle/-nde,vakle-nde.mp4
våkne: strekke seg,vaakne-strekke-seg.mp4
vakoule,vakoule.mp4
vaksinasjon,vaksinasjon.mp4
vaksinasjonsprogram,vaksinasjonsprogram.mp4
vaksine,vaksine.mp4
vakt,vakt.mp4
vaktmester 1,vaktmester-1.mp4
vaktmester 2,vaktmester-2.mp4
vaktmester 3,vaktmester-3.mp4
vaktskifte,vaktskifte.mp4
vakuum,vakuum.mp4
valg 1,valg.mp4
valg 2,valg-2.mp4
valmtak,valmtak-1.mp4
valnøtt,valnott.mp4
valp,valp.mp4
valuta,valuta.mp4
vampyr,vampyr.mp4
vane,vane.mp4
vanilje,vanilje.mp4
vaniljeessens,vaniljeessens.mp4
vanlig,vanlig.mp4
vanligvis,vanligvis.mp4
vann (sjø),vann-sjoe.mp4
vann 1,vann.mp4
vann 2,vann-2.mp4
vann: et vann,vann-et-vann.mp4
vannbakkels,vannbakkels.mp4
vannbord (byggfag),vannbord-2.mp4
vanne (blomster),vanne-blomster.mp4
vannkanne,vannkanne.mp4
vannkopper 1,vannkopper-1.mp4
vannkopper 2,vannkopper.mp4
vannkraft,vannkraft.mp4
vannkran,vannkran.mp4
vannmelon,vannmelon.mp4
vannslange,vannslange.mp4
vanskelig,vanskelig.mp4
vant (en vane),vant.mp4
vante,vante.mp4
vanvidd,vanvidd.mp4
vanvittig,vanvittig.mp4
var,var.mp4
vår (årstid) 1,vaar.mp4
vår (årstid) 2,vaar-2.mp4
vår/vårt (flere personer),vaar-vaart-flere-personer.mp4
vår/vårt (to personer),vaar-vaart-to-personer.mp4
varamedlem,varamedlem.mp4
vare,vare.mp4
varebil,varebil.mp4
varer,varer.mp4
varetekt,varetekt-1.mp4
varetektsfengsel,varetektsfengsel.mp4
variabel,variabel.mp4
varians,varians.mp4
variasjonsbredden,variasjonsbredden.mp4
variere,variere-3.mp4
varierende,varierende.mp4
varig,varig.mp4
vårløk 1,varlok.mp4
vårløk 2,varlok-2.mp4
varm 1,varm-1.mp4
varm 2,varm-2.mp4
varmepistol,varmepistol.mp4
varsom 1,varsom-1.mp4
varsom 2,varsom-2.mp4
varsom 3,varsom-3.mp4
vase,vase.mp4
vask (servant),vask-servant.mp4
vaske,vaske.mp4
vaske (gulv),vaske-gulv.mp4
vaske ansiktet,vaske-ansiktet.mp4
vaske hendene,vaske-hendene.mp4
vaske opp,vaske-opp.mp4
vaskefat,vaskefat.mp4
vaskeklut,vaskeklut.mp4
vaskelapp,vaskelapp.mp4
vaskemaskin,vaskemaskin.mp4
vaskepulver,vaskepulver.mp4
våt 1,vaat-1.mp4
våt 2,vaat-2.mp4
vater 1,vater.mp4
vater 2,vater-2.mp4
Vatikanet,vatikanet.mp4
vær (bukk),vaer-bukk.mp4
vær 1,vaer-1.mp4
vær 2,vaer-2.mp4
vær så snill,vaer-saa-snill.mp4
være,vaere.mp4
værhår,vaerhaar.mp4
værmelding,vaermelding.mp4
værsågod,vaersaagod.mp4
væske,vaeske.mp4
ved (brensel),ved-brensel.mp4
ved siden av,ved-siden-av.mp4
vedde/-mål,vedde-maal.mp4
vediske skrifter (hellige skrifter i hinduismen),vediske-skrifter.mp4
vedlikehold 1,vedlikehold-e.mp4
vedlikehold 2,vedlikehold.mp4
vedta/-k 1,vedta-k.mp4
vedta/-k 2,vedta-2.mp4
veer,veer.mp4
vegetar 1,vegetar.mp4
vegetar 2,vegetar-2.mp4
vegetarianer,vegetarianer.mp4
vegetasjon,vegetasjon.mp4
vegg,vegg.mp4
vei,vei.mp4
veie,veie.mp4
veikryss,veikryss.mp4
veilede,veilede.mp4
veiledning,veilede-ning.mp4
vekk (ta bort/fjerne),vekk-ta-bort-fjerne.mp4
vekke (deg),vekke-deg.mp4
vekke (meg),vekke-meg.mp4
vekkeklokke,vekkeklokke.mp4
vekselbjelke 1,vekselbjelke.mp4
vekselbjelke 2,vekselbjelke-2.mp4
veksle,veksle.mp4
vekst,vekst.mp4
vekt,vekt.mp4
vektkontroll,vektkontroll.mp4
vektlegge,vektlegge.mp4
vektløfting,vektloefting.mp4
vektor,vektor.mp4
veldig,veldig.mp4
veldig blå,blaa-veldig-blaa.mp4
veldig kaldt,kaldt-veldig-kaldt.mp4
velferd,velferd.mp4
velge,velge.mp4
velge 2,velge-2.mp4
velge 3/plukke,velge-3-plukke.mp4
velkommen,velkommen.mp4
velsigne/-lse,velsigne-lse.mp4
velte,velte.mp4
vemmelig,vemmelig.mp4
veneflon,veneflon.mp4
Venezia 1,venezia.mp4
Venezia 2,venezia-2.mp4
Venezuela,venezuela.mp4
venn,venn.mp4
venner,venner.mp4
venninne,venninne.mp4
vennlig/-het,vennlig-het.mp4
venstre 1,venstre.mp4
venstre 2,venstre-2.mp4
venstre 3,venstre-3.mp4
venstreback,venstreback.mp4
venstreving,venstreving.mp4
vent,vent.mp4
vente,vente.mp4
vente på noe/noen,vente-paa-noe-noen.mp4
vente på noe/noen 2,vente-2.mp4
venterom,venterom.mp4
ventil,ventil.mp4
veps,veps.mp4
veranda,veranda.mp4
verandabord (materiale),verandabord.mp4
verb,verb.mp4
verden,verden.mp4
verdenskongress,verdenskongress.mp4
verdensrekord,verdensrekord.mp4
verdensrom,verdensrom.mp4
verdi,verdi.mp4
verdifull,verdifull.mp4
verdig/-het,verdig-het.mp4
verdsatt,verdsatt.mp4
verft,verft.mp4
verge,verge.mp4
verksted,verksted.mp4
verktøy,verktoey.mp4
verktøykasse,verktoykasse.mp4
vern/-e,vern-e.mp4
vernebriller,vernebriller.mp4
vernepleier,vernepleier.mp4
vernesko,vernesko.mp4
verre,verre.mp4
vers,vers.mp4
verst,verst.mp4
vert/-inne,vert-inne.mp4
veske,veske.mp4
vest,vest.mp4
vest (retning),vest-retning.mp4
Vest-Agder,vest-agder.mp4
Vestfold,vestfold.mp4
Vestland,Vestlandet.mp4
vestlandskledning (byggfag) 1,vestlandskledning.mp4
vestlandskledning (byggfag) 2,vestlandskledning-2.mp4
vestlig,vestlig.mp4
vet 1,vet.mp4
vet 2,vet-2.mp4
vet ikke,vet-ikke.mp4
veteranbil,veteranbil.mp4
vev (biologi),vev.mp4
veve,veve.mp4
VG (Verdens Gang),vg.mp4
vi (flere personer),vi-flere-personer.mp4
vi to 1,vi-to-1.mp4
vi to 2,vi-to-2.mp4
Viaplay,viaplay.mp4
vibrator,vibrator.mp4
vibrere,vibrere.mp4
vid/vidt (klær),vid-vidt-klaer.mp4
vidde,vidde.mp4
video 1,video-1.mp4
video 2,video.mp4
videre (å gå videre),videre-aa-gaa-videre.mp4
videregående skole 1,videregaaendeskole-1.mp4
videregående skole 2,videregaaendeskole-2.mp4
vidunderlig,vidunderlig.mp4
vie/-lse,vie-lse.mp4
Vietnam 1,vietnam-1.mp4
Vietnam 2,vietnam-2.mp4
Vietnam 3,vietnam-3.mp4
Vietnam 4,vietnam-4.mp4
vigsle,vigsle.mp4
vikar 1,vikar-1.mp4
vikar 2,vikar-2.mp4
vikar 3,vikar-3.mp4
viking 1,viking-1.mp4
viking 2,viking-2.mp4
viktig,viktig.mp4
vil 1,vil-1.mp4
vil 2,vil-2.mp4
vil ha,vil-ha.mp4
vil ikke,vil-ikke.mp4
Vilinius,vilinius.mp4
vilje,vilje.mp4
vilkår,vilkaar.mp4
vill/vilt (villmark),vill-vilt-villmark.mp4
villsvin,villsvin.mp4
vin,vin.mp4
vinåpner 1,vinaapner-1.mp4
vinåpner 2,vinaapner-2.mp4
vind,vind.mp4
vind: det blåser,blaase-det-blaaser.mp4
vindkraft,vindkraft.mp4
vindmølle,vindmoelle.mp4
vindsperre (byggfag) 1,vindsperre-1.mp4
vindsperre (byggfag) 2,vindsperre-2.mp4
vindu 1,vindu-1.mp4
vindu 2,vindu-2.mp4
vindu 3,vindu-3.mp4
ving,ving.mp4
vinger,vinger.mp4
vinglass,vinglass.mp4
vinkel (håndtverk) 1,vinkel.mp4
vinkel (håndtverk) 2,vinkel-2.mp4
vinkel (matematikk),vinkel-matematikk.mp4
vinkel (synsvinkel),vinkel-synsvinkel.mp4
vinkelbeslag 1,vinkelbeslag.mp4
vinkelbeslag 2,vinkelbeslag_1.mp4
vinkelsliper,vinkelsliper.mp4
vinne,vinne.mp4
vinter,vinter.mp4
vinterdekk,vinterdekk.mp4
vinterdepresjon,vinterdepresjon.mp4
vinterdress,vinterdress.mp4
vinteridrett,vinteridrett.mp4
vinterjakke,vinterjakke.mp4
vinterleker for døve,vinterleker-for-doeve.mp4
vintersko,vintersko.mp4
Vipps,vipps.mp4
virke,virke.mp4
virkelig,virkelig.mp4
virkelig 2,virkelig-2.mp4
virkelighet,virkelighet.mp4
virkning,virkning.mp4
virksomhet,virksomhet.mp4
virus,virus-2.mp4
visdomstann,visdomstann.mp4
vise,vise.mp4
viser,viser.mp4
Vishnu (gud i hinduismen),vishnu-hinduismen.mp4
viskelær,viskelaer.mp4
visne,visne.mp4
visp/-e,visp-e.mp4
visuell,visuell.mp4
visum,visum.mp4
vitamin,vitaminer-1.mp4
vitaminer,vitamin.mp4
vite 1,vite.mp4
vite 2,vite-2.mp4
vitenskap,vitenskap.mp4
vitne,vitne.mp4
vitnemål,vitnemaal.mp4
vitnesbyrd,vitnesbyrd.mp4
vits/-e,vits-e.mp4
vlog (videologg) 1,vlog-videologg-1.mp4
vlog (videologg) 2,vlog-videologg-2.mp4
VM (verdensmesterskap),vm-verdensmesterskap.mp4
vodka,vodka.mp4
vogn,vogn.mp4
"voks (bi-voks, øre-voks)",voks-bi-voks-oere-voks.mp4
vokse (bredde/omfang),vokse-bredde-omfang.mp4
vokse (høyde),vokse-hoyde.mp4
vokse (planter/trær) 1,vokse-planter-traer-1.mp4
vokse (planter/trær) 2,vokse-planter-traer-2.mp4
voksen,voksen.mp4
vold 1,vold.mp4
vold 2,vold-2.mp4
voldsom/-t,voldsom-t.mp4
voldta,voldta.mp4
voldtekt,voldtekt.mp4
volleyball,volleyball.mp4
vollgrav,vollgrav.mp4
volt,volt.mp4
volum,volum.mp4
Volvo,volvo.mp4
vondt (lukt),vondt-lukt.mp4
vondt 1,vondt-1.mp4
vondt 2,vondt-2.mp4
Voss,voss.mp4
vott,vott.mp4
votter,votter.mp4
vrak 1,vrak-1.mp4
vrak 2,vrak-2.mp4
vrake,vrake.mp4
vrangforestillinger,vrangforestillinger.mp4
vrikke ankel 1,vrikke-over-1.mp4
vrikke ankel 2,vrikke-over-2.mp4
vulkan,vulkan.mp4
vurdere/-ing,vurdere-ing.mp4
VW (Volkswagen),vw-volkswagen.mp4
VW Golf,vw-golf.mp4
W,W.mp4
W (tohåndsalfabetet),W-2.mp4
w-takstol (byggfag),w-takstol.mp4
Waisenhuset,waisenhuset.mp4
Wales,wales.mp4
walk-talk,walk-talk.mp4
Warszawa,warszawa.mp4
Washington DC,washington-dc.mp4
watt (måleenhet),watt.mp4
wc,wc.mp4
web 1,web-it-1.mp4
web 2,web-it-2.mp4
webbyrå,webbyraa.mp4
webdesigner,webdesigner.mp4
webkamera,webkamera.mp4
Wenche 1,Wenche.mp4
Wenche 2,wenche-2.mp4
whisky,whisky.mp4
Wien 1,wien-1.mp4
Wien 2,wien-2.mp4
wienerbrød,wienerbroed.mp4
Windows (programvare),windows-it.mp4
wok,wok.mp4
Word (programvare),word.mp4
X,X.mp4
x (matematikk),x-matematikk.mp4
X (tohåndsalfabetet),X-2.mp4
x i andre,x-i-andre.mp4
x i tredje,x-i-tredje.mp4
x-akse 1,x-akse-1.mp4
x-akse 2,x-akse-2.mp4
Y (tohåndsalfabetet) 1,Y-2-1.mp4
Y (tohåndsalfabetet) 2,Y-2-2.mp4
Y 1,Y.mp4
Y 2,y-2.mp4
y-akse 1,y-akse-1.mp4
y-akse 2,y-akse-2.mp4
ydmyk/-het,ydmyk-het.mp4
yngre,yngre.mp4
yngst,yngst.mp4
yoga,yoga.mp4
yoghurt 1,yoghurt.mp4
yoghurt 2,yoghurt-2.mp4
YouTube 1,youtube-1.mp4
YouTube 2,youtube-2.mp4
yrke,yrke.mp4
yrkesskole,yrkesskole.mp4
ytring 1,ytring.mp4
ytring 2,ytring-2.mp4
ytringsfrihet 1,ytringsfrihet.mp4
ytringsfrihet 2,ytringsfrihet-2.mp4
ytterst/-e,ytterst-e.mp4
Z,Z.mp4
Z (tohåndsalfabetet) 1,Z-2-1.mp4
Z (tohåndsalfabetet) 2,Z-2-2.mp4
Zambia 1,zambia-1.mp4
Zambia 2,zambia-2.mp4
Zimbabwe,zimbabwe.mp4
zoo (zoologisk hage),zoologi-sk.mp4
Æ,AE.mp4
Æ (tohåndsalfabetet) 1,AE-2.mp4
Æ (tohåndsalfabetet) 2,AE-2-1.mp4
ære,aere.mp4
ærlig/-het,aerlig-het.mp4
æsj,aesj.mp4
Ø,OE.mp4
Ø (tohåndsalfabetet),OE-2.mp4
ødelagt,oedelagt.mp4
ødelegge/-lse,oedelegge-lse.mp4
ødsel/ødsle,oedsel-oedsle.mp4
øke/-nde,oeke-nde.mp4
økologisk 1,oekologisk-1.mp4
økologisk 2,okogolisk-2.mp4
økologisk 3,oekologisk-2.mp4
økonomi/-sk,oekonomi-sk.mp4
øks,oks.mp4
øl,oel.mp4
ølboks,oelboks.mp4
øm/ømt 1,oem-oemt-saar.mp4
øm/ømt 2,oem-2.mp4
ønske,oenske.mp4
øre (mynt),oere-mynt.mp4
øre 1,oere-1.mp4
øre 2,oere-2.mp4
øre 3,oere-3.mp4
øre: lite øre,oere-lite-oere.mp4
øre: stort øre,oere-stort-oere.mp4
ørebetennelse,oerebetennelse.mp4
Ørebro,oerebro.mp4
ørehenger,oerehenger.mp4
ørepropp,oerepropp.mp4
ørering,oerering.mp4
ørespesialist,oerespesialist.mp4
øresus,oeresus.mp4
øretelefon,oeretelefon.mp4
øreverk,oereverk.mp4
ørevoks,oerevoks.mp4
ørken,oerken.mp4
ørn,oern.mp4
øse 1,oese.mp4
øse 2,ose-2.mp4
øst,oest-retning-2.mp4
øst (retning),oest-retning.mp4
Østerrike 1,oesterrike-1.mp4
Østerrike 2,oesterrike-2.mp4
østers,oesters.mp4
Østlandet,OEstlandet.mp4
østlig,oestlig.mp4
øve,oeve.mp4
øvelse,oevelse.mp4
øy,oey.mp4
øye,oeye.mp4
øyeblikkelig,oeyeblikkelig.mp4
øyeblikkelig hjelp,oeyeblikkelig-hjelp.mp4
øyenstikker,oeyenstikker.mp4
øyne,oeyne.mp4
øyne 2,oeyne-2.mp4
øyne: runde øyne,runde-oeyne.mp4
øyne: smale øyne,smale-oeyne.mp4
"øyne: store, runde øyne",store-runde-oeyne.mp4
Øystein,oystein.mp4
Øyvind,oyvind.mp4
Å,AA.mp4
Å (tohåndsalfabet),A-2.mp4
Å (tohåndsalfabetet),AA-2.mp4
Å-ja,AA-ja.mp4
åker,aaker.mp4
Ål,aal.mp4
ål,aal-fisk.mp4
Ålesund,aalesund.mp4
Ålesund 1,aalesund-2.mp4
ånd,aand.mp4
ånde (puste),aande-puste.mp4
åndelig,aandelig.mp4
åndsverk 1,aandsverk-1.mp4
åndsverk 2,aandsverk-2.mp4
åpen/åpent,aapen-aapent.mp4
åpen/åpne dør,doer-aapner-seg.mp4
åpenbare,aapenbare.mp4
åpne (blad el.l.),aapne-blad-ell.mp4
åpne (brev),aapne-brev.mp4
åpne (eske),aapne-eske.mp4
åpne (hermetikk),aapne-hermetikk.mp4
åpne (kiste),aapne-kiste.mp4
åpne (munn) 1,aapne-munn-1.mp4
åpne (munn) 2,aapne-munn-2.mp4
åpne (øynene) 1,aapne-oeynene-1.mp4
åpne (øynene) 2,aapne-oeynene-2.mp4
åpning,aapning.mp4
år,aar-lig.mp4
åre (blodåre),aare-blodaare.mp4
årer,aarer.mp4
århundre,aarhundre.mp4
årsak,aarsak.mp4
årsakssammenheng,aarsakssammenheng.mp4
årsrapport,aarsrapport.mp4
årsskifte 1,aarsskifte-1.mp4
årsskifte 2,aarsskifte-2.mp4
årstall,aarstall.mp4
årstid,aarstid.mp4
årvåken 1,aarvaaken-1.mp4
årvåken 2,aarvaaken-2.mp4
ås (byggfag),aas-1.mp4
Åse,aase.mp4
åsted,aasted.mp4
åtte,aatte.mp4
åttisju,aattisju.mp4
0,0.mp4
1,1.mp4
1 000 m,1-000-m.mp4
1 500 m,1-500-m.mp4
1 år gammel (alder),1aar.mp4
1. akse,1-akse.mp4
1. etasje,1etasje.mp4
1. grads funksjon,1-grads-funksjon.mp4
1. grads likning,1-grads-likning.mp4
1. gradsforbrenning,foerstegradsforbrenning.mp4
1. omgang,1-omgang.mp4
1. plass 1,1-plass-1.mp4
1. plass 2,1-plass-2.mp4
1. server,1-server.mp4
10,10.mp4
10 000 m,10-000-m.mp4
10 km,10-km.mp4
100,100.mp4
100 m,100-m.mp4
11,11.mp4
11-meter,11-meter.mp4
110 m hekk,110-m-hekk.mp4
12,12.mp4
120 meter,120-meter.mp4
13,13.mp4
14,14.mp4
15,15.mp4
15 km,15-km.mp4
16,16.mp4
16-meter,16-meter.mp4
16:9 (format),16-9-format.mp4
17,17.mp4
17. mai 1,17-mai-1.mp4
17. mai 2,17-mai-2.mp4
18,18.mp4
19,19.mp4
2,2.mp4
2 år gammel (alder),2aar.mp4
2. akse,2-akse.mp4
2. etasje,2etasje.mp4
2. grads funksjon,2-grads-funksjon.mp4
2. grads likning,2-grads-likning.mp4
2. gradsforbrenning,andregradsforbrenning.mp4
2. omgang,2-omgang.mp4
2. plass 1,2-plass-1.mp4
2. plass 2,2-plass-2.mp4
2. server,2-server.mp4
20,20.mp4
200 m,200-m.mp4
21,21.mp4
22,22.mp4
23,23.mp4
24,24.mp4
25,25.mp4
26,26.mp4
27,27.mp4
28,28.mp4
29,29.mp4
3,3.mp4
3 000 m,3-000-m.mp4
3 000 m hinder,3-000-m-hinder.mp4
3 år gammel (alder) 1,3aar-1.mp4
3 år gammel (alder) 2,3aar-2.mp4
3-2-1 (håndballformasjon),3-2-1-haandballformasjon.mp4
3-3 (håndballformasjon),3-3-haandballformasjon.mp4
3. grads funksjon,3-grads-funksjon.mp4
3. gradsforbrenning 1,tredjegradsforbrenning-1.mp4
3. gradsforbrenning 2,tredjegradsforbrenning-2.mp4
3. plass 1,3-plass-1.mp4
3. plass 2,3-plass-2.mp4
30,30.mp4
30 km,30-km.mp4
31,31.mp4
32,32.mp4
33,33.mp4
34,34.mp4
35,35.mp4
36,36.mp4
37,37.mp4
38,38.mp4
39,39.mp4
4,4.mp4
4:3 (format),4-3-format.mp4
40,40.mp4
400 m,400-m.mp4
41,41.mp4
42,42.mp4
43,43.mp4
44,44.mp4
45,45.mp4
46,46.mp4
47,47.mp4
48,48.mp4
49,49.mp4
4x10 km,4x10-km.mp4
4x100 m,4x100m.mp4
"4x12,5 km",4x125-km.mp4
4x400 m,4x400m.mp4
4x5 km,4x5-km.mp4
"4x7,5 km",4x7-5km.mp4
5,5.mp4
5 000 m,5-000-m.mp4
5 km,5-km.mp4
5-1 (håndballformasjon),5-1-haandballformasjon.mp4
50,50.mp4
50 km,50-km.mp4
500 meter,500-meter.mp4
51,51.mp4
52,52.mp4
53,53.mp4
54,54.mp4
55,55.mp4
56,56.mp4
57,57.mp4
58,58.mp4
59,59.mp4
6,6.mp4
6-0 (håndballformasjon),6-0-haandballformasjon.mp4
60,60.mp4
60 m,60-m.mp4
61,61.mp4
62,62.mp4
63,63.mp4
64,64.mp4
65,65.mp4
66,66.mp4
67,67.mp4
68,68.mp4
69,69.mp4
7,7.mp4
70,70.mp4
71,71.mp4
72,72.mp4
73,73.mp4
74,74.mp4
75,75.mp4
76,76.mp4
77,77.mp4
78,78.mp4
79,79.mp4
8,8.mp4
80,80.mp4
800 m,800-m.mp4
81,81.mp4
82,82.mp4
83,83.mp4
84,84.mp4
85,85.mp4
86,86.mp4
87,87.mp4
88,88.mp4
89,89.mp4
9,9.mp4
90,90.mp4
91,91.mp4
92,92.mp4
93,93.mp4
94,94.mp4
95,95.mp4
96,96.mp4
97,97.mp4
98,98.mp4
99,99.mp4
